region,anos,mes,trigo,maiz_a_duro,maiz_amilaceo,arroz_cascara,cebada_grano,quinua,esparrago,alcachofa,aji,piquillo,pimiento,tomate,zapallo,arveja_verde,zanahoria,ajo,cebolla,maiz_choclo,palta,platano,mango,papaya,pina,granadilla,limon_sutil,naranja,mandarina,tangelo,uva,manzana,melocoton,tuna,aceituna,palma_aceitera,papa,yuca,camote,oca,olluco,cafe_pergamino,cacao,paprika,frijol_grano_seco,pallar_grano_seco,haba_seca,arveja_seca,cana_para_azucar,alfalfa,maiz_chala,cebada_forrajera,avena_forrajera,algodon_rama,oregano,arandano,allsky_sfc_sw_dwn,gwetroot,prectotcorr,ps,rh2m,t2m,t2m_max,t2m_min,ts,ws2m,amplitud_termica,riesgo_helada,estres_calor,vpd_kpa
Ica,2020,Enero,0.0,9000.189999999999,0.0,0.0,0.0,0.0,14799.6,0.0,635.0,0.0,44.18,25123.8,1241.4,0.0,0.0,12.0,11774.5,231.5,7.1,215.5,1266.56,13.7,0.0,9.5,38.0,0.0,0.0,0.0,105129.7,0.0,8.0,383.299,0.0,0.0,0.0,155.0,1051.4,0.0,0.0,0.0,0.0,146.7,18.9,23.45,0.0,0.0,0.0,10684.89,0.0,0.0,0.0,1432.79,0.0,0.0,22.25,0.33,0.12,95.82,78.45,21.96,27.55,18.21,23.95,2.99,9.34,0,0,0.5683609105395417
Ica,2020,Febrero,0.0,21378.29,10.6,0.0,0.0,0.0,29870.27,0.0,871.3,0.0,44.18,34964.8,1854.9,22.27,0.0,22.1,14255.1,231.5,140.2,434.2,6099.968,42.5,0.0,9.5,93.8,0.0,320.0,0.0,171799.71,122.3,425.5,812.949,0.0,0.0,0.0,635.0,2995.2,0.0,0.0,0.0,0.0,385.55,18.9,54.4,0.0,0.0,0.0,22028.0,0.0,0.0,0.0,1938.49,0.0,0.0,23.67,0.33,0.16,95.77,79.22,22.85,27.98,19.51,24.72,2.84,8.469999999999999,0,0,0.5785065136603835
Ica,2020,Marzo,0.0,30370.94,10.6,0.0,0.0,0.0,44523.67,0.0,1239.1,0.0,44.18,42729.10000000001,2154.55,33.87,142.8,22.1,15094.6,231.5,6240.2,669.7,7779.257,61.9,0.0,9.5,182.6,0.0,12855.0,0.0,207128.76,365.48,547.5,926.949,1586.65,0.0,169.2,1136.0,4462.5,0.0,0.0,0.0,0.0,624.1999999999999,18.9,70.4,0.0,0.0,0.0,32953.32,0.0,0.0,0.0,4136.719999999999,0.0,0.0,22.84,0.33,0.2,95.82,78.16,22.62,27.86,19.17,24.34,2.7,8.689999999999998,0,0,0.5995996848700633
Ica,2020,Abril,0.0,41422.09,34.3,0.0,0.0,0.0,59262.24,0.0,1487.15,0.0,44.18,44234.8,2843.45,78.87,142.8,22.1,26393.88,231.5,15662.92,902.1,8002.956999999999,84.9,0.0,9.5,692.8,0.0,41799.2,0.0,212649.91,848.48,547.5,926.949,4478.45,0.0,399.45,1515.0,5882.1,0.0,0.0,0.0,0.0,740.8399999999999,18.9,95.65,0.0,0.0,0.0,44066.01,0.0,0.0,0.0,6931.469999999999,0.0,0.0,22.14,0.33,0.04,95.9,73.38,21.48,27.26,16.69,22.83,2.7,10.57,0,0,0.6817912619593094
Ica,2020,Mayo,0.0,41422.09,34.3,0.0,0.0,0.0,73332.959,0.0,2002.75,0.0,44.18,47291.75,3474.85,170.52,142.8,22.1,36620.78,231.5,42745.279,1131.1,8002.956999999999,116.2,0.0,9.5,762.8499999999999,215.1,78000.45,0.0,212649.91,1122.28,547.5,926.949,6711.08,0.0,555.8499999999999,1835.8,8435.2,15.6,0.0,0.0,0.0,1196.89,18.9,101.95,0.0,0.0,0.0,55199.93000000001,0.0,0.0,0.0,9395.098999999998,0.0,0.0,15.79,0.32,0.03,95.9,69.33,20.0,25.6,15.49,20.76,2.54,10.11,0,0,0.717127383446827
Ica,2020,Junio,20.25,95201.29,34.3,0.0,76.5,0.0,73332.959,0.0,2643.75,0.0,44.18,48989.55,5371.85,244.14,142.8,22.1,46446.68000000001,379.799,61885.429,1334.35,7977.756999999999,144.55,0.0,9.5,1099.2,2424.37,110011.35,1333.9,212650.91,1126.63,547.5,926.948,6712.58,0.0,611.61,2155.6,12941.8,24.8,0.0,0.0,0.0,1182.09,18.9,101.95,0.0,0.0,0.0,65791.829,0.0,0.0,0.0,10333.789,0.0,0.0,12.75,0.32,0.0,95.94,72.46,17.99,24.05,13.9,18.7,3.12,10.15,0,0,0.568046719737022
Ica,2020,Julio,60.1,103391.9,68.1,0.0,100.99,0.0,103751.279,122.0,3891.45,0.0,44.18,50732.25,8525.52,322.86,142.8,22.1,50703.18000000001,974.599,77893.749,1543.73,7977.756999999999,190.7,0.0,9.5,1371.23,16537.27,154513.95,20811.2,212935.91,1129.43,547.5,926.948,6788.93,0.0,20284.81,2960.5,15720.2,24.8,0.0,0.0,0.0,1197.39,44.26,101.95,0.0,0.0,0.0,76523.939,0.0,0.0,0.0,10542.089,0.0,46.1,13.58,0.32,0.0,95.91,68.67,17.13,23.99,13.47,17.81,3.02,10.52,0,0,0.6120900752230662
Ica,2020,Agosto,60.1,109888.55,95.8,0.0,100.99,0.0,116412.679,402.0,4470.45,0.0,143.18,53971.05,10862.27,354.81,142.8,22.1,62969.83000000001,3122.649,82639.049,1771.43,7977.756999999999,228.74,0.0,9.5,1569.03,26665.04,176076.43,28019.9,212981.91,1267.28,547.5,926.948,6862.67,0.0,69534.41,4082.6,17322.0,24.8,0.0,0.0,0.0,1197.39,49.44,311.14,0.0,0.0,0.0,87835.409,0.0,0.0,0.0,10552.489,0.0,349.11,15.62,0.32,0.01,95.95,66.76,17.29,23.4,12.52,18.49,3.22,10.88,0,0,0.6560126763441503
Ica,2020,Septiembre,60.1,115833.55,103.9,0.0,100.99,0.0,136575.529,1257.0,5364.25,0.0,239.68,57712.15,13293.67,380.31,142.8,22.1,70018.53000000001,13351.699,80659.94900000001,1985.93,7977.757,313.74,0.0,9.5,1676.77,32038.23999999999,179059.32,30568.419,213029.91,1267.28,547.5,926.948,6862.67,0.0,104652.04,5644.5,19022.92,24.8,0.0,0.0,0.0,1218.19,135.94,713.989,0.0,0.0,0.0,98198.329,0.0,0.0,0.0,10580.338,0.0,1242.51,20.42,0.32,0.02,95.93,67.25,17.45,23.34,12.88,18.96,3.16,10.46,0,0,0.6529099272791132
Ica,2020,Octubre,60.1,121976.11,114.54,0.0,100.99,0.0,157061.129,9116.0,5861.25,0.0,348.48,67095.59,14781.43,389.099,142.8,22.1,88125.84000000001,19469.699,80659.94900000001,2208.88,7977.757,375.64,0.0,9.5,1689.589,32104.23999999999,180665.32,30568.419,214324.91,1267.28,586.75,926.948,6862.67,0.0,114071.61,8262.7,20548.92,24.8,0.0,0.0,0.0,1239.79,268.95,1821.018,0.0,0.0,0.0,110692.829,0.0,0.0,0.0,10648.728,0.0,5128.01,23.51,0.32,0.05,95.85,66.83,18.82,24.54,14.29,20.74,3.04,10.25,0,0,0.7207068643656978
Ica,2020,Noviembre,60.1,134663.57,135.69,0.0,100.99,0.0,174856.529,17616.8,6282.75,0.0,370.68,92281.04,15998.36,423.639,142.8,22.1,111003.61,19469.699,80659.94900000001,2415.78,7977.757,406.74,0.0,9.5,1700.889,32104.23999999999,180665.32,30568.419,230932.25,1267.28,613.35,926.948,6862.67,0.0,115274.61,10631.829,22075.75,24.8,0.0,0.0,0.0,1239.79,377.13,3076.138,0.0,0.0,0.0,122555.038,0.0,0.0,0.0,10778.857,0.0,8937.61,23.63,0.32,0.07,95.91,69.5,18.71,24.74,13.74,20.86,2.97,11.0,0,0,0.6581534853821687
Junin,2020,Enero,0.0,3263.5,0.0,56.0,0.0,0.0,0.0,337.1,0.0,0.0,0.0,0.0,201.4,3421.6,1717.8,12.0,270.1,1306.8,5905.8,17660.3,524.4999999999999,946.6,41939.2,736.3499999999999,192.75,19948.6,799.6,2755.0,0.0,0.6,1.7,3.9,0.0,0.0,24539.2,6911.9,0.0,0.0,182.8,0.0,544.6890000000001,0.0,317.3,0.0,0.0,0.0,0.0,11069.4,0.0,312.4,814.1999999999999,0.0,4.46,0.0,15.34,0.67,2.43,90.97,80.68,23.75,34.11,19.08,23.68,0.21,15.03,0,1,0.5678801008401151
Junin,2020,Febrero,0.0,7905.700000000001,0.0,146.0,0.0,0.0,0.0,860.7,260.1,0.0,0.0,0.0,584.2,7912.4,4996.1,59.8,583.9000000000001,7361.500000000001,10343.8,33246.95,783.6999999999998,1733.0,83033.6,1906.75,465.15,43853.9,2423.4,8127.15,0.0,21.0,36.7,56.7,0.0,0.0,53424.2,15019.75,0.0,0.0,860.5,3637.789,1256.839,0.0,634.25,0.0,0.0,0.0,0.0,23441.675,0.0,543.7,2743.899999999999,0.0,9.56,0.0,13.78,0.68,4.46,91.02,85.69,23.22,30.31,19.47,23.16,0.23,10.84,0,0,0.4073979826320504
Junin,2020,Marzo,0.0,13231.2,66.0,306.5,0.0,0.0,0.0,1129.2,739.1,0.0,0.0,10.0,1320.1,13053.3,10245.1,147.0,1024.5,29170.3,14231.05,51706.3,814.1499999999999,2747.9,130961.1,2709.3,753.05,67481.35,5195.150000000001,14015.9,0.0,73.3,176.3,129.5,0.0,0.0,100980.6,20870.4,0.0,25.0,2006.5,11069.188,3532.348,0.0,997.85,0.0,0.0,0.0,0.0,36354.19999999999,0.0,1083.8,14880.4,0.0,16.23,0.0,15.4,0.65,3.03,91.04,80.23,23.57,31.74,18.37,23.5,0.21,13.37,0,0,0.574846450643451
Junin,2020,Abril,0.0,17115.2,293.4,441.9,0.0,0.0,0.0,1613.8,861.0,0.0,0.0,32.0,1659.8,18042.2,14803.9,206.0,1343.5,63444.4,17418.15,68905.6,814.1499999999999,3720.35,169871.7,3625.1,1125.4,89267.05,10690.95,20469.8,0.0,107.8,264.1,169.6,0.0,0.0,158939.659,28225.0,0.0,158.5,5069.6,24723.038,6816.277,0.0,634.25,0.0,0.0,4.0,0.0,49427.99999999999,0.0,2278.0,40038.7,0.0,22.11,0.0,15.44,0.62,0.3,91.18,72.96,24.13,33.43,16.85,24.07,0.24,16.58,0,1,0.8131418899551219
Junin,2020,Mayo,132.9,17115.2,3853.9,620.4,973.3,581.3,0.0,2091.8,886.8,0.0,0.0,57.4,2063.2,20762.5,18383.9,758.7,1476.9,87944.79999999999,20460.15,87158.67000000001,814.1499999999999,4713.0,207666.6,4576.700000000001,1530.3,116916.95,20110.15,26001.2,0.0,112.6,284.7,169.6,0.0,0.0,258416.459,36965.6,0.0,1367.2,11168.7,43461.427,11218.447,0.0,1459.1,0.0,876.0689999999998,516.1,0.0,61618.29999999999,0.0,3722.4,64012.90000000001,0.0,26.98999999999999,0.0,15.29,0.58,0.33,91.24,64.8,24.4,33.37,16.5,24.31,0.25,16.87,0,1,1.075786827206567
Junin,2020,Junio,3847.000000000001,19710.5,11660.65,975.8,10297.1,2815.2,0.0,2091.8,905.7,0.0,0.0,57.4,2277.3,21495.2,18383.9,2972.7,1838.8,92031.1,22950.4,105108.68,814.1499999999999,5613.948,233491.3,5613.9,1922.85,151309.95,32027.65,31274.1,0.0,116.6,278.3,169.6,0.0,0.0,350849.659,44918.3,0.0,3340.1,16690.67,61938.79700000001,15728.992,0.0,1926.5,0.0,876.0689999999998,516.1,0.0,73210.8,0.0,4779.200000000001,82902.5,0.0,31.23,0.0,13.97,0.58,0.91,91.15,68.51,24.55,32.29,18.83,24.42,0.28,13.46,0,1,0.9710735681713398
Junin,2020,Julio,6465.550000000001,19821.3,13411.05,1294.0,16697.48,4168.8,0.0,2697.3,937.7,0.0,0.0,57.4,2309.3,22439.76,20694.7,4094.5,2189.0,92052.1,24686.95,120435.97,814.1499999999999,6396.698,264783.3,6635.25,2189.25,184683.45,42920.25,34398.4,0.0,116.6,278.3,169.6,0.0,0.0,376217.459,51168.2,0.0,3670.3,17697.87,73306.307,19926.446,0.0,2859.7,0.0,3181.479,1527.9,0.0,83331.7,0.0,5455.500000000001,84900.1,0.0,35.89,0.0,14.76,0.57,0.46,91.13,63.43,24.69,32.9,17.48,24.55,0.28,15.42,0,1,1.137199327436997
Junin,2020,Agosto,6606.770000000001,20940.5,13693.15,1352.0,17093.18,4233.3,0.0,2846.4,1009.5,0.0,0.0,57.4,2325.0,23978.96,21723.2,4196.3,2606.1,92119.9,25822.03,135063.67,814.1499999999999,7108.498000000001,295955.4,7591.85,2350.650000000001,210659.25,50055.65,36142.0,0.0,116.6,278.3,169.6,0.0,0.0,379848.659,58474.9,0.0,3670.3,17763.87,78112.11200000001,22491.6,0.0,3127.279,0.0,3188.279,1527.9,0.0,92207.8,0.0,6390.700000000001,86256.3,0.0,38.55,0.0,18.05,0.56,0.06,91.07,47.39,26.2,36.22,15.3,25.89,0.33,20.92,0,1,1.789410900990989
Junin,2020,Septiembre,6606.77,22609.59999999999,13693.15,1688.0,17126.48,4233.3,0.0,3032.6,1156.0,0.0,0.0,57.4,2339.3,25385.16,23127.0,4225.3,2823.6,92406.9,27916.73,152764.57,814.1499999999999,8118.198,330043.9,8528.650000000001,2500.200000000001,232575.2,54598.55,37474.80000000001,0.0,116.6,278.3000000000001,169.6,0.0,0.0,384290.559,71349.09999999999,0.0,3770.9,17852.07,78684.77200000001,24426.99,0.0,3469.729,0.0,3198.779,1527.9,0.0,101375.3,0.0,7054.4,87725.3,0.0,41.78,0.0,15.1,0.56,0.22,91.04,53.82,26.62,35.89,19.96,26.56,0.26,15.93,0,1,1.610070052451305
Junin,2020,Octubre,6606.77,23627.09999999999,13693.15,1732.8,17126.48,4233.3,0.0,3293.6,1168.0,0.0,0.0,57.4,2399.3,26127.16,23703.0,4266.3,3146.8,92457.4,32298.33,172063.92,814.1499999999999,9268.698,361695.4,9454.8,2641.800000000001,254902.15,56100.10000000001,38492.85000000001,0.0,116.6,278.3000000000001,169.6,0.0,0.0,387851.959,85825.59999999999,0.0,3770.9,17852.07,78684.77200000001,25770.085,0.0,3752.429,0.0,3198.779,1527.9,0.0,111507.3,0.0,7521.799999999999,88685.8,0.0,46.07999999999999,0.0,17.8,0.56,0.74,90.93,55.05,27.07,36.59,19.57,27.01,0.28,17.02,0,1,1.609160993388277
Junin,2020,Noviembre,6606.77,24131.3,13693.15,1847.6,17126.48,4233.3,0.0,3534.6,1168.0,0.0,0.0,57.4,2460.5,27429.86,24421.0,4285.3,3409.7,92523.4,38202.73,190614.1200000001,1124.75,10616.448,393597.2,10324.95,2785.400000000001,277654.91,56786.18900000001,39866.92000000001,0.0,116.6,278.3000000000001,169.6,0.0,0.0,395382.959,100180.1,0.0,3770.9,17852.07,78684.77200000001,26748.37,0.0,3898.279,0.0,3198.779,1527.9,0.0,122093.35,0.0,7748.799999999999,89250.5,0.0,51.05999999999999,0.0,17.83,0.59,2.5,90.88,67.61,25.64,35.45,17.78,25.64,0.23,17.67,0,1,1.065779148341464
La Libertad,2020,Enero,0.0,1673.8,0.0,863.5,0.0,0.0,10683.3,0.0,277.15,0.0,0.0,786.0,1396.5,46.6,49.5,0.0,1988.5,207.2,656.1999999999999,921.829,1107.08,310.45,2829.5,256.6,26.69,64.44,0.0,0.0,7695.1,107.43,19.33,60.5,0.0,0.0,15520.7,1031.0,129.4,0.0,0.0,0.0,0.0,0.0,56.1,0.0,0.0,0.0,419785.476,15843.21,15581.0,0.0,414.4,0.0,0.0,10241.08,22.09,0.38,0.14,94.07,76.91,21.94,29.69,18.14,24.2,2.36,11.55,0,0,0.6082347610335961
La Libertad,2020,Febrero,0.0,3879.6,0.0,16873.5,0.0,10.0,24394.9,0.0,621.4,0.0,12.6,1496.0,2795.4,185.6,121.1,0.0,3828.0,414.2,2502.608999999999,2047.848,3776.51,715.72,5790.8,456.9,62.409,143.61,0.0,0.0,14979.6,298.929,45.53,131.37,0.0,0.0,50734.2,2314.8,400.6999999999999,0.0,0.0,0.0,1.139,0.0,86.3,0.0,0.0,0.0,890552.396,33480.37,32833.0,0.0,829.3,0.0,0.0,13648.48,21.08,0.38,0.15,94.04,79.93,22.39,28.6,19.04,24.64,2.29,9.560000000000002,0,0,0.5433647523483631
La Libertad,2020,Marzo,0.0,10911.5,111.0,53470.5,0.0,10.0,36772.15,0.0,1068.15,0.0,1110.6,1803.0,4242.2,540.6,1291.7,190.0,5847.6,902.2,15458.449,3142.768,3681.43,1113.95,8555.0,708.369,157.649,243.92,1948.47,0.0,19336.589,534.2090000000001,65.47,237.15,0.0,0.0,122451.7,3954.1,938.6,0.0,0.0,18.76,6.379,145.0,159.05,4.0,0.0,0.0,1153748.797,51618.39000000001,45621.0,0.0,1164.9,0.0,0.0,15760.8,21.86,0.38,0.14,94.08,77.13,22.48,28.89,18.43,24.36,2.1,10.46,0,0,0.622564949380509
La Libertad,2020,Abril,0.0,15959.5,125.0,164613.5,0.0,10.0,48638.55,0.0,1494.5,0.0,6660.6,2174.5,5526.4,634.9,3221.2,454.3,6871.3,1165.2,39665.579,4088.338,4327.23,1465.73,10724.5,944.369,207.209,456.76,2330.07,0.0,22949.589,643.2890000000001,71.97,384.5700000000001,0.0,0.0,200009.2,5238.700000000001,1132.0,12.0,42.0,60.06,20.119,154.5,86.3,6.0,0.0,0.0,1490703.269,68402.95000000001,59299.0,0.0,1486.8,0.0,0.0,18540.8,20.68,0.38,0.46,94.14,76.14,21.4,27.7,16.49,22.95,2.25,11.21,0,0,0.6081167520035273
La Libertad,2020,Mayo,0.0,15959.5,638.0,376295.5,5.4,10.0,58947.95,0.0,2162.9,0.0,10560.6,2414.9,8808.599999999999,1220.4,5256.5,954.0,8763.7,5453.2,84988.929,4964.538,4620.43,1966.13,12430.5,1229.769,250.929,776.7900000000001,2836.07,0.0,25690.089,729.2090000000001,80.97,501.6200000000001,70.0,0.0,293324.6,6155.700000000001,1503.6,289.0,485.0,108.389,29.419,202.0,772.55,6.0,10.8,0.0,1943245.279,83414.05000000002,70106.0,225.0,2298.9,0.0,0.0,18597.8,19.05,0.38,0.06,94.13,73.54,20.98,27.45,16.37,22.28,2.19,11.08,0,0,0.6572321194372321
La Libertad,2020,Junio,3177.0,29866.4,8983.2,382630.5,2785.4,387.8,58947.95,0.0,2565.25,0.0,10810.6,2888.65,10396.1,2050.4,5256.5,1341.8,11835.2,9189.6,170373.829,5739.527999999999,4649.43,2176.27,12820.3,1474.469,282.409,1145.42,2613.72,0.0,30373.6,787.0290000000001,90.25,672.0,168.0,0.0,406954.5,7557.9,2126.7,2396.1,3216.6,144.318,32.919,240.0,1938.67,6.0,10.8,0.0,2424317.036,100538.1,70106.0,525.0,4128.8,0.0,0.0,18597.8,18.6,0.38,0.02,94.14,75.78,18.64,27.05,13.78,19.83,2.39,13.27,0,0,0.5203554028121538
La Libertad,2020,Julio,24277.5,52334.0,20191.8,383783.5,27646.2,1067.55,84095.04999999999,0.0,2781.55,0.0,11060.6,3423.65,10782.5,3634.4,6873.499999999999,1487.8,12685.2,10133.6,187444.119,6460.828,4689.030000000001,2342.47,16169.5,1720.219,297.209,1468.87,6513.82,0.0,33004.5,822.5790000000001,90.25,797.1,388.0,0.0,433079.3,9943.4,2735.4,5358.2,7516.6,194.168,32.919,287.5,2646.02,6.0,4342.0,5365.4,2900605.462,118666.18,94884.0,750.0,13608.5,0.0,0.0,22462.04,18.52,0.43,1.68,94.08,75.17,18.19,25.28,13.66,19.02,2.18,11.62,0,0,0.5186261092631086
La Libertad,2020,Agosto,52956.4,77722.2,24193.2,384150.1,50697.52,1241.65,94372.44999999998,1914.0,3086.75,0.0,11060.6,3811.65,11022.5,3982.4,7055.499999999999,1557.8,13583.5,10639.6,193561.569,7272.477999999999,4735.830000000001,2655.47,17788.4,1977.919,323.479,1686.39,8056.42,0.0,35878.0,838.288,90.25,817.5,504.0,0.0,435274.3,11807.3,3095.4,5939.2,8836.2,214.418,32.919,363.5,2717.32,13.0,6141.1,8595.599999999999,3354403.641,136292.28,94884.0,1350.0,19832.0,0.0,0.0,31194.82,21.73,0.39,0.01,94.1,70.01,18.43,26.96,12.51,19.85,2.29,14.45,0,0,0.6359045010974862
La Libertad,2020,Septiembre,60207.4,96174.2,24294.60000000001,384270.1,54945.42000000001,1241.65,99279.75,8574.0,4454.4,0.0,11260.6,4037.85,12706.1,4255.4,7202.499999999999,1557.8,17703.3,10783.2,203523.949,8092.508,4756.330000000001,2986.04,19326.4,2204.118,338.228,1835.04,8056.42,0.0,40302.4,852.188,90.25,924.7,641.5,0.0,443693.7,13218.0,3608.4,5939.2,9108.2,219.667,32.919,433.5,2946.62,25.0,6241.3,9481.2,3874966.524,155189.2,120613.0,1350.0,21513.8,0.0,0.0,57760.72,20.71,0.38,0.1,94.09,67.84,19.04,26.46,13.88,21.15,2.37,12.58,0,0,0.708423926961768
La Libertad,2020,Octubre,60248.4,101617.2,24310.60000000001,384270.1,54980.42000000001,1241.65,111184.75,16568.0,5053.299999999999,0.0,11260.6,4211.85,14445.65,4367.4,7284.499999999999,1566.200000000001,19679.75,11004.7,213045.949,8722.918,4760.930000000001,3315.740000000001,20717.4,2385.118,344.248,1912.94,8057.42,0.0,45481.8,862.288,90.25,924.7,641.5,0.0,457288.7,14217.2,4056.4,5939.2,9108.2,219.667,32.919,453.5,3065.920000000001,40.0,6243.8,9500.2,4410734.990999999,176325.7,133866.0,1350.0,21918.6,0.0,0.0,85326.12,22.46,0.38,0.37,94.02,65.75,20.22,26.77,15.25,22.44,2.11,11.52,0,0,0.8118065405874275
La Libertad,2020,Noviembre,60248.4,108485.7,24310.60000000001,384270.1,54980.42000000001,1241.65,124797.55,19230.0,5166.799999999999,0.0,11273.6,4554.85,14986.65,4373.4,7284.499999999999,1574.700000000001,21141.05,11112.7,217212.519,9344.918,4771.130000000001,3417.390000000001,22350.4,2545.518,362.198,2035.74,8057.42,0.0,52468.3,876.488,90.25,924.7,641.5,0.0,498166.8,15161.5,4173.4,5939.2,9108.2,219.667,32.919,525.5,3074.820000000001,40.0,6243.8,9500.2,4852395.981,198324.0,138645.0,1350.0,22322.3,0.0,0.0,104826.12,24.03,0.38,0.17,94.11,69.06,19.2,27.66,13.08,21.49,1.96,14.58,0,0,0.6883804289865476
Piura,2020,Enero,0.0,2146.0,0.0,76609.0,0.0,0.0,0.0,0.0,0.0,0.0,0.0,60.0,0.0,74.0,380.0,0.0,870.0,270.0,19.0,32732.0,122960.0,16.0,0.0,53.0,11054.0,223.0,0.0,0.0,9940.0,0.0,0.0,0.0,0.0,0.0,2878.0,1652.0,2700.0,0.0,0.0,0.0,0.0,30.0,0.0,0.0,0.0,0.0,16423.577,383.0,0.0,0.0,0.0,0.0,0.0,0.0,16.9,0.53,1.25,91.47,63.13,24.76,36.89,17.54,26.93,1.94,19.35,0,1,1.151328875035804
Piura,2020,Febrero,0.0,3836.0,0.0,83550.0,0.0,0.0,0.0,0.0,0.0,1140.0,0.0,60.0,0.0,86.0,380.0,0.0,870.0,360.0,35.0,64129.0,129888.0,62.0,0.0,105.0,23911.0,468.0,0.0,0.0,14440.0,0.0,0.0,0.0,0.0,0.0,4491.0,2024.0,3535.0,0.0,0.0,0.0,317.0,953.0,0.0,0.0,0.0,5.0,48032.697,808.0,0.0,0.0,0.0,0.0,0.0,0.0,15.05,0.55,3.25,91.46,69.38,24.63,36.9,18.73,26.4,1.75,18.17,0,1,0.9487693690083505
Piura,2020,Marzo,0.0,4200.0,0.0,83100.0,0.0,0.0,0.0,0.0,0.0,1140.0,0.0,60.0,0.0,191.0,470.0,0.0,870.0,360.0,1501.0,95929.0,132438.0,111.0,0.0,176.0,33439.0,694.0,0.0,0.0,23440.0,0.0,0.0,0.0,0.0,0.0,6134.0,2147.0,3541.0,0.0,0.0,0.0,515.0,1033.0,0.0,0.0,28.0,44.0,103622.0449999999,1286.0,0.0,0.0,0.0,0.0,0.0,1580.0,15.32,0.55,0.8,91.53,71.63,24.13,34.81,18.28,25.81,1.82,16.53,0,1,0.8531374045128257
Piura,2020,Abril,0.0,4236.0,0.0,83100.0,0.0,0.0,0.0,0.0,0.0,1140.0,0.0,60.0,0.0,191.0,470.0,0.0,870.0,360.0,2393.0,128074.0,132438.0,128.0,0.0,268.0,51766.0,907.0,0.0,0.0,29440.0,0.0,0.0,0.0,0.0,0.0,7112.0,3165.0,3560.0,246.0,98.0,0.0,867.0,1033.0,0.0,0.0,86.0,44.0,137980.0449999999,1720.0,0.0,0.0,0.0,0.0,0.0,1580.0,15.54,0.53,0.7,91.57,63.39,24.81,35.77,17.89,26.49,1.48,17.88,0,1,1.146625393684293
Piura,2020,Mayo,0.0,4236.0,540.0,85525.0,0.0,0.0,0.0,0.0,0.0,1140.0,0.0,144.0,0.0,295.0,470.0,0.0,1130.0,360.0,3128.0,161594.0,132438.0,141.0,0.0,292.0,72351.0,1164.0,0.0,0.0,29440.0,0.0,0.0,0.0,0.0,0.0,8938.0,3548.0,6156.0,1851.0,557.0,15.0,1175.0,1033.0,437.0,0.0,127.0,91.0,197632.0449999999,2144.0,0.0,0.0,0.0,0.0,0.0,1580.0,15.24,0.52,0.53,91.52,59.05,25.18,36.76,17.98,26.78,1.43,18.78,0,1,1.31113554732305
Piura,2020,Junio,2064.0,15517.0,3760.0,253304.0,33.0,0.0,0.0,0.0,0.0,1140.0,0.0,344.0,0.0,371.0,470.0,12.0,1270.0,600.0,3619.0,190090.0,132024.0,246.0,0.0,362.0,87572.0,1454.0,0.0,0.0,26440.0,0.0,0.0,0.0,0.0,0.0,11863.0,3667.0,7305.0,2179.0,884.0,1870.0,1365.0,983.0,1080.0,0.0,127.0,91.0,253957.0449999999,2541.0,0.0,0.0,0.0,0.0,0.0,0.0,16.56,0.52,0.87,91.52,57.68,24.09,35.74,16.38,25.7,1.42,19.36,0,1,1.269590000168668
Piura,2020,Julio,6418.0,23833.0,7562.0,357079.0,187.0,0.0,0.0,0.0,0.0,1140.0,0.0,404.0,0.0,516.0,461.0,12.0,2068.0,600.0,4251.0,221136.0,132024.0,276.0,0.0,418.0,95391.0,1707.0,0.0,0.0,26440.0,0.0,0.0,0.0,0.0,0.0,14991.0,5021.0,8718.0,2229.0,922.0,3170.0,1365.0,1133.0,1382.0,0.0,309.0,1267.0,278147.0449999999,2979.0,0.0,0.0,0.0,0.0,0.0,0.0,15.71,0.53,1.04,91.49,58.05,23.62,36.32,16.28,25.25,1.31,20.04,0,1,1.223445317982361
Piura,2020,Agosto,9432.0,26950.0,11557.0,374043.0,316.0,0.0,0.0,0.0,0.0,1250.0,0.0,504.0,0.0,626.0,521.0,37.0,2588.0,600.0,4393.0,251504.0,132024.0,319.0,0.0,471.0,100324.0,1885.0,0.0,0.0,29440.0,0.0,0.0,0.0,0.0,0.0,18822.0,6115.0,8731.0,2279.0,947.0,4925.0,1365.0,2345.0,2634.0,0.0,347.0,2984.0,313466.0449999999,3446.0,0.0,0.0,0.0,0.0,0.0,0.0,18.67,0.51,0.14,91.49,52.4,24.13,37.34,15.44,26.39,1.67,21.90000000000001,0,1,1.431418415749401
Piura,2020,Septiembre,11195.0,27225.0,14485.0,374043.0,339.0,0.0,0.0,0.0,0.0,1250.0,0.0,654.0,0.0,776.0,581.0,42.0,2918.0,990.0,4570.0,282570.0,141471.0,395.0,0.0,531.0,120331.0,2037.0,0.0,0.0,35561.0,0.0,0.0,0.0,0.0,0.0,21276.0,6275.0,9454.0,2279.0,947.0,4987.0,1379.0,2345.0,3010.0,0.0,376.0,3350.0,345821.0449999999,3916.0,0.0,0.0,0.0,1069.0,0.0,0.0,17.17,0.52,0.76,91.5,56.03,23.95,36.19,16.61,26.18,1.59,19.58,0,1,1.308053297749923
Piura,2020,Octubre,11276.0,27766.0,14485.0,374043.0,339.0,0.0,0.0,0.0,0.0,1250.0,0.0,654.0,0.0,844.0,604.0,84.0,2918.0,990.0,4580.0,312893.0,160017.0,435.0,0.0,613.0,132672.0,2191.0,0.0,0.0,72811.0,0.0,0.0,0.0,0.0,0.0,24614.0,6938.0,10369.0,2279.0,947.0,5601.0,1509.0,2629.0,3157.0,0.0,382.0,3422.0,394251.7849999999,4358.0,0.0,0.0,0.0,1069.0,0.0,2152.0,18.86,0.51,0.23,91.42,55.0,24.75,37.74,16.33,27.3,1.82,21.41,0,1,1.404363715623721
Piura,2020,Noviembre,11276.0,45085.0,14485.0,378363.0,339.0,0.0,0.0,0.0,0.0,9942.0,0.0,914.0,0.0,844.0,652.0,168.0,3168.0,990.0,4598.0,344416.0,198793.0,482.0,0.0,666.0,145748.0,2350.0,0.0,0.0,163464.0,0.0,0.0,0.0,0.0,0.0,25740.0,7710.0,10729.0,2279.0,947.0,5601.0,1509.0,3099.0,3219.0,0.0,382.0,3422.0,449337.1639999999,4778.0,0.0,0.0,0.0,1352.0,0.0,3132.0,18.9,0.51,0.32,91.52,54.29,23.34,33.53,14.72,25.82,1.92,18.81,0,1,1.310798224240224
Puno,2020,Enero,0.0,0.0,0.0,0.0,0.0,0.0,0.0,0.0,0.0,0.0,0.0,0.0,0.0,0.0,0.0,0.0,0.0,0.0,617.0,943.0,0.0,374.0,96.0,54.0,0.0,0.0,0.0,0.0,0.0,0.0,0.0,0.0,0.0,0.0,0.0,0.0,0.0,0.0,0.0,0.0,0.0,0.0,0.0,0.0,0.0,0.0,0.0,24000.0,0.0,0.0,0.0,0.0,0.0,0.0,22.89,0.48,2.49,63.8,71.49,10.41,17.81,2.56,14.97,3.55,15.25,0,0,0.3598158622670767
Puno,2020,Febrero,0.0,0.0,0.0,0.0,0.0,0.0,0.0,0.0,0.0,0.0,0.0,0.0,0.0,0.0,0.0,0.0,0.0,0.0,1311.0,1761.0,0.0,784.0,96.0,119.0,0.0,0.0,0.0,0.0,0.0,0.0,0.0,0.0,0.0,0.0,8665.0,0.0,0.0,0.0,0.0,0.0,0.0,0.0,0.0,0.0,0.0,0.0,0.0,141316.0,0.0,0.0,0.0,0.0,0.0,0.0,20.01,0.54,7.21,63.82,77.49,10.18,16.35,3.57,14.61,3.71,12.78,0,0,0.2797570313398838
Puno,2020,Marzo,0.0,69.0,0.0,0.0,85.0,1649.3,0.0,0.0,0.0,0.0,0.0,0.0,32.0,0.0,0.0,0.0,106.0,0.0,1884.0,2796.0,0.0,1180.0,96.0,207.0,0.0,31.0,6.0,0.0,0.0,0.0,74.0,0.0,0.0,0.0,83864.0,0.0,0.0,0.0,0.0,0.0,0.0,0.0,8.0,0.0,47.2,0.0,0.0,477836.0,0.0,5967.0,28850.0,0.0,0.0,0.0,20.52,0.58,3.03,63.86,75.28,9.9,16.39,4.79,14.4,3.75,11.6,0,0,0.3015143543993375
Puno,2020,Abril,1077.2,2559.9,3395.05,114.4,12744.6,27577.7,0.0,0.0,0.0,0.0,0.0,0.0,578.8,0.0,93.5,0.0,4263.7,0.0,2172.0,3815.0,0.0,1561.0,96.0,337.0,2.0,861.0,180.0,0.0,0.0,0.0,181.0,0.0,0.0,0.0,593014.0,2142.0,1002.1,16867.82,9933.2,270.0,10.0,0.0,0.0,0.0,9855.420000000002,695.3499999999999,0.0,968812.0,0.0,205147.47,1275863.0,0.0,4.0,0.0,22.02,0.55,0.56,63.93,64.69,9.7,17.19,4.17,13.62,2.7,13.02,0,0,0.4249397642558926
Puno,2020,Mayo,1919.61,2559.9,6633.75,153.8,29251.2,39588.93,0.0,0.0,0.0,0.0,0.0,0.0,1120.2,0.0,153.5,0.0,6439.2,0.0,2172.0,4896.0,0.0,1966.0,96.0,419.0,16.0,7262.0,1678.0,0.0,0.0,0.0,297.0,0.0,0.0,0.0,820982.0,17308.0,2768.2,29961.42,18877.8,2140.0,88.0,0.0,684.9,0.0,12870.22,1091.35,0.0,1303693.0,0.0,373994.27,2159369.0,0.0,12.0,0.0,20.75,0.5,0.06,63.96,54.16,8.76,16.26,2.83,11.24,2.49,13.43,0,0,0.5177819690195387
Puno,2020,Junio,1906.81,4476.5,6633.75,153.8,29357.7,39618.13,0.0,0.0,0.0,0.0,0.0,0.0,1120.2,0.0,153.5,0.0,6541.200000000001,0.0,2172.0,5862.0,0.0,2373.0,96.0,503.0,37.0,15776.0,3742.0,0.0,0.0,0.0,394.0,0.0,0.0,0.0,822044.0,29643.0,2768.2,29853.72,18806.5,5820.0,291.0,0.0,684.9,0.0,12870.22,1091.35,0.0,1626925.0,0.0,374896.27,2176713.0,0.0,17.0,0.0,19.82,0.46,0.08,63.88,58.92,8.08,15.18,1.62,10.32,2.47,13.56,1,0,0.4430858535539713
Puno,2020,Julio,1906.81,4476.5,6633.75,153.8,29357.7,39618.13,0.0,0.0,0.0,0.0,0.0,0.0,1120.2,0.0,153.5,0.0,6541.200000000001,0.0,2172.0,6791.0,0.0,2768.0,96.0,577.0,52.0,22182.0,6053.0,0.0,0.0,0.0,452.0,0.0,0.0,0.0,822044.0,29643.0,2768.2,29853.72,18806.5,7316.0,483.0,0.0,684.9,0.0,12861.12,1088.35,0.0,1626925.0,0.0,374896.27,2176713.0,0.0,17.0,0.0,20.86,0.44,0.18,63.84,54.18,7.72,14.78,0.69,9.66,2.45,14.09,1,0,0.482231420845344
Puno,2020,Agosto,1906.81,4476.5,6633.75,153.8,29357.7,39618.13,0.0,0.0,0.0,0.0,0.0,0.0,1120.2,0.0,153.5,0.0,6541.200000000001,0.0,2172.0,7756.0,0.0,3182.0,96.0,651.0,57.5,27350.6,7851.5,0.0,0.0,0.0,494.5,0.0,0.0,0.0,822044.0,29643.0,2768.2,29853.72,18806.5,8105.1,675.0,0.0,684.9,0.0,12861.12,1088.35,0.0,1626925.0,0.0,374896.27,2176713.0,0.0,17.0,0.0,22.51,0.41,0.17,63.81,58.54,8.7,16.52,1.49,11.85,3.31,15.03,1,0,0.4664095181701382
Puno,2020,Septiembre,1906.81,4476.5,6633.75,153.8,29357.7,39618.13,0.0,0.0,0.0,0.0,0.0,0.0,1120.2,0.0,153.5,0.0,6541.200000000001,0.0,2172.0,8740.0,0.0,3583.0,1281.0,725.0,57.5,27350.6,7851.5,0.0,0.0,0.0,494.5,0.0,0.0,0.0,822044.0,29643.0,2768.2,29853.72,18806.5,8105.1,675.0,0.0,684.9,0.0,12861.12,1088.35,0.0,1626925.0,0.0,374896.27,2176713.0,0.0,17.0,0.0,22.1,0.39,0.37,63.87,67.13,8.66,17.59,2.65,13.3,3.36,14.94,0,0,0.3687747649344828
Puno,2020,Octubre,1906.81,4476.5,6633.75,153.8,29357.7,39618.13,0.0,0.0,0.0,0.0,0.0,0.0,1120.2,0.0,153.5,0.0,6541.200000000001,0.0,2172.0,9743.0,0.0,3993.0,5357.0,731.0,57.5,27350.6,7851.5,0.0,0.0,0.0,494.5,0.0,0.0,0.0,822044.0,29643.0,2768.2,29853.72,18806.5,8105.1,675.0,0.0,684.9,0.0,12861.12,1088.35,0.0,1626925.0,0.0,374896.27,2176713.0,0.0,17.0,0.0,22.98,0.38,0.93,63.86,66.98,9.55,17.8,2.98,14.51,3.98,14.82,0,0,0.3933943525969618
Puno,2020,Noviembre,1906.81,4476.5,6633.75,153.8,29357.7,39618.13,0.0,0.0,0.0,0.0,0.0,0.0,1120.2,0.0,153.5,0.0,6541.200000000001,0.0,2335.0,10776.0,0.0,4397.0,11631.0,799.0,57.5,27350.6,7851.5,0.0,0.0,0.0,494.5,0.0,0.0,0.0,823323.0,29643.0,2768.2,29853.72,18806.5,8105.1,675.0,0.0,684.9,0.0,12861.12,1088.35,0.0,1632438.0,0.0,374896.27,2176713.0,0.0,17.0,0.0,28.47,0.37,0.9,63.81,59.7,10.83,19.01,4.9,16.13,3.68,14.11,0,0,0.5230582037401096
San Martin,2020,Enero,0.0,18920.0,0.0,67120.0,0.0,0.0,0.0,0.0,0.0,0.0,0.0,310.0,0.0,0.0,0.0,0.0,0.0,0.0,41.3,33267.0,24.3,2337.0,520.5,0.0,278.97,1135.15,13.25,0.0,58.0,0.0,0.0,0.0,0.0,36376.04,0.0,7530.0,0.0,0.0,0.0,187.3,3037.3,0.0,50.575,0.0,0.0,0.0,0.0,0.0,0.0,0.0,0.0,0.0,0.0,0.0,15.89,0.66,8.09,90.29,85.19,22.01,29.94,16.81,21.97,0.02,13.13,0,0,0.3917921097009351
San Martin,2020,Febrero,0.0,54867.239,0.0,141439.69,0.0,0.0,0.0,0.0,0.0,0.0,0.0,547.0,0.0,0.0,0.0,0.0,0.0,0.0,91.8,65175.75,37.0,4360.0,1054.0,0.0,588.3699999999999,1992.15,23.4,0.0,130.0,0.0,0.0,0.0,0.0,73176.04000000001,0.0,15193.0,0.0,0.0,0.0,3347.7,6486.5,0.0,78.875,0.0,0.0,0.0,0.0,0.0,0.0,0.0,0.0,0.0,0.0,0.0,15.86,0.69,2.96,90.34,87.17,21.63,27.08,16.27,21.49,0.06,10.81,0,0,0.3316304047934269
San Martin,2020,Marzo,0.0,59383.839,0.0,218462.34,0.0,0.0,0.0,0.0,0.0,0.0,0.0,845.0,0.0,0.0,0.0,0.0,0.0,0.0,121.8,93116.5,37.5,6539.5,1602.5,0.0,938.6699999999998,3070.65,32.15,0.0,174.0,0.0,0.0,0.0,0.0,97830.97,0.0,23768.0,0.0,0.0,0.0,10118.4,8721.5,0.0,198.575,0.0,0.0,0.0,0.0,0.0,0.0,0.0,0.0,0.0,0.0,0.0,15.7,0.66,3.42,90.32,86.8,21.78,28.37,17.23,21.65,0.06,11.14,0,0,0.3443351096239837
San Martin,2020,Abril,0.0,60306.839,0.0,296443.34,0.0,0.0,0.0,0.0,0.0,0.0,0.0,1049.0,0.0,0.0,0.0,0.0,0.0,0.0,132.3,125817.0,37.5,7895.0,2101.5,0.0,1253.17,4032.65,59.65,0.0,243.0,0.0,0.0,0.0,0.0,127801.97,0.0,30852.0,0.0,0.0,0.0,35921.4,12573.5,0.0,78.875,0.0,0.0,0.0,0.0,0.0,0.0,0.0,0.0,0.0,0.0,0.0,15.32,0.63,2.05,90.44,84.11,21.8,28.84,16.49,21.71,0.05,12.35,0,0,0.4150128562905584
San Martin,2020,Mayo,0.0,60306.839,0.0,378444.19,0.0,0.0,0.0,0.0,0.0,0.0,0.0,1259.0,0.0,0.0,0.0,0.0,0.0,0.0,139.1,158309.5,37.5,10203.5,3431.0,0.0,1598.07,5821.4,103.15,0.0,420.5,0.0,0.0,0.0,0.0,162707.74,0.0,37781.0,0.0,0.0,0.0,58142.9,17198.6,0.0,416.022,0.0,0.0,0.0,0.0,0.0,0.0,0.0,0.0,0.0,0.0,0.0,15.36,0.6,2.24,90.51,82.18,21.94,29.1,16.78,21.81,0.06,12.32,0,0,0.4694128818371017
San Martin,2020,Junio,0.0,83449.1,0.0,465576.44,0.0,0.0,0.0,0.0,0.0,0.0,0.0,1372.0,0.0,0.0,0.0,0.0,0.0,0.0,145.75,192160.5,37.5,12722.3,4187.0,0.0,2089.27,9036.4,129.15,0.0,561.5,0.0,0.0,0.0,0.0,190899.16,0.0,49815.0,0.0,0.0,0.0,71724.3,30130.5,0.0,466.622,0.0,0.0,0.0,0.0,0.0,0.0,0.0,0.0,0.0,0.0,0.0,16.42,0.57,0.65,90.5,77.26,22.22,29.48,17.02,22.12,0.06,12.46,0,0,0.6093194733213734
San Martin,2020,Julio,0.0,107667.1,0.0,533594.4199999999,0.0,0.0,0.0,0.0,0.0,0.0,0.0,1507.0,0.0,0.0,0.0,0.0,0.0,0.0,145.75,225036.5,37.5,15110.3,4926.5,0.0,2311.97,14683.4,141.65,0.0,621.5,0.0,0.0,0.0,0.0,219127.67,0.0,56038.0,0.0,0.0,0.0,81216.8,34309.0,0.0,919.737,0.0,0.0,0.0,0.0,0.0,0.0,0.0,0.0,0.0,0.0,0.0,15.14,0.55,0.94,90.46,74.48,22.47,30.3,15.97,22.38,0.05,14.33,0,0,0.6942812381825605
San Martin,2020,Agosto,0.0,118111.1,0.0,598548.3099999999,0.0,0.0,0.0,0.0,0.0,0.0,0.0,1728.0,0.0,0.0,0.0,0.0,0.0,0.0,145.75,254879.5,37.5,17867.8,5640.0,0.0,2426.57,20783.9,141.65,0.0,662.5,0.0,0.0,0.0,0.0,254645.67,0.0,60796.0,0.0,0.0,0.0,83010.3,39149.9,0.0,1529.255,0.0,0.0,0.0,0.0,0.0,0.0,0.0,0.0,0.0,0.0,0.0,17.58,0.53,0.33,90.4,66.11,23.8,32.63,15.35,23.69,0.06,17.28,0,1,0.9991408340908132
San Martin,2020,Septiembre,0.0,120554.739,0.0,654472.8099999999,0.0,0.0,0.0,0.0,0.0,0.0,0.0,1932.0,0.0,0.0,0.0,0.0,0.0,0.0,145.75,291077.0,37.5,22095.8,6256.0,0.0,2539.97,27593.9,144.65,0.0,725.5,0.0,0.0,0.0,0.0,292108.97,0.0,72435.0,0.0,0.0,0.0,100595.8,42878.1,0.0,2138.977,0.0,0.0,0.0,0.0,0.0,0.0,0.0,0.0,0.0,0.0,0.0,15.24,0.53,1.3,90.37,67.42,24.12,32.79,17.12,24.03,0.05,15.67,0,1,0.9791524254568538
San Martin,2020,Octubre,0.0,122749.139,0.0,714368.739,0.0,0.0,0.0,0.0,0.0,0.0,0.0,2128.0,0.0,0.0,0.0,0.0,0.0,0.0,235.25,325018.0,227.5,25165.8,6828.0,0.0,2674.67,29985.1,154.15,0.0,829.5,0.0,0.0,0.0,0.0,333947.55,0.0,79246.0,0.0,0.0,0.0,100653.3,47872.5,0.0,2577.957,0.0,0.0,0.0,0.0,0.0,0.0,0.0,0.0,0.0,0.0,0.0,18.08,0.54,1.81,90.28,68.51,24.19,32.81,16.64,24.08,0.05,16.17,0,1,0.9503737468618607
San Martin,2020,Noviembre,0.0,123979.139,0.0,793826.598,0.0,0.0,0.0,0.0,0.0,0.0,0.0,2408.0,0.0,0.0,0.0,0.0,0.0,0.0,418.85,359200.0,700.5,27642.3,7470.0,0.0,2875.869999999999,30721.7,162.65,0.0,909.0,0.0,0.0,0.0,0.0,374540.95,0.0,89874.0,0.0,0.0,0.0,100694.8,52896.04,0.0,2717.436,0.0,0.0,0.0,0.0,0.0,0.0,0.0,0.0,0.0,0.0,0.0,17.53,0.55,1.23,90.2,73.33,23.94,32.76,16.54,23.84,0.04,16.22,0,1,0.7929233509091773
Ica,2021,Enero,0.0,10026.14,46.0,0.0,0.0,0.0,12668.0,0.0,1059.46,0.0,175.0,30020.9,910.4,36.6,0.0,0.0,8973.0,0.0,0.0,228.5,1228.8,6.0,0.0,12.0,20.0,0.0,0.0,0.0,142925.91,0.0,25.0,1.79,0.0,0.0,103.45,0.0,1648.2,0.0,0.0,0.0,0.0,0.0,0.0,58.0,0.0,0.0,0.0,11618.25,0.0,0.0,0.0,730.52,0.0,0.0,24.74,0.34,0.29,95.73,75.34,21.38,27.07,17.64,23.18,2.6,9.43,0,0,0.6277369336795846
Ica,2021,Febrero,0.0,19431.14,65.0,0.0,0.0,1.0,28160.0,0.0,1381.46,0.0,175.0,44317.9,1622.4,73.6,0.0,0.0,9692.0,0.0,273.0,490.5,5803.8,46.0,0.0,12.0,20.0,0.0,224.0,0.0,220357.91,105.0,662.0,57.79,0.0,0.0,173.45,656.0,4197.2,0.0,0.0,0.0,0.0,342.0,0.0,63.0,0.0,0.0,0.0,22007.25,0.0,0.0,0.0,1712.52,0.0,0.0,24.51,0.33,0.19,95.75,72.22,21.98,27.58,17.74,23.7,2.33,9.84,0,0,0.7335651816640911
Ica,2021,Marzo,0.0,29843.29,72.2,0.0,0.0,0.0,41981.3,0.0,2493.53,0.0,175.0,50514.11,2915.3,87.14,0.0,0.0,15147.1,0.0,7986.75,723.5,7726.459,80.8,0.0,12.0,20.0,0.0,18147.0,0.0,254092.35,352.77,522.0999999999999,860.6500000000001,2463.0,0.0,327.65,1715.7,7432.54,0.0,0.0,0.0,0.0,930.93,0.0,127.92,0.0,0.0,0.0,34938.669,0.0,0.0,0.0,2655.05,0.0,0.0,23.68,0.33,0.37,95.76,75.46,22.04,26.93,18.24,23.35,2.25,8.690000000000001,0,0,0.6503829692811676
Ica,2021,Abril,0.0,40714.29,92.2,0.0,0.0,0.0,57117.3,0.0,2841.53,0.0,175.0,52536.11,3230.3,131.14,0.0,0.0,34795.1,0.0,20602.75,989.5,7826.459,117.8,0.0,12.0,20.0,0.0,45030.0,0.0,259953.35,824.77,522.0999999999999,860.6500000000001,6334.0,0.0,627.65,2027.7,8558.54,0.0,26.0,0.0,0.0,1120.93,0.0,163.92,0.0,0.0,0.0,45334.669,0.0,0.0,0.0,5214.05,0.0,0.0,21.71,0.34,0.26,95.79,74.79,20.27,25.98,15.54,21.46,2.85,10.44,0,0,0.5993858174329472
Ica,2021,Junio,38.776,132412.408,215.701,0.0,108.557,16.699,68895.46999999999,0.0,4202.27,0.0,243.55,58802.65100000001,5707.82,202.929,17.8,0.0,46124.814,150.6,61285.859,1298.05,7409.839000000001,171.8,0.0,12.0,20.0,2568.909999999999,111369.55,1837.4,275002.92,1125.77,575.25,944.6,5602.7,0.0,1714.93,4371.142,9930.633,0.0,13.65,0.0,0.0,1719.204,29.822,188.35,0.0,0.0,0.0,71632.439,0.0,0.0,0.0,6280.488,0.0,293.5,11.59,0.33,0.02,95.99,69.78,18.26,24.59,13.84,18.91,3.22,10.75,0,0,0.6339868310892443
Ica,2021,Julio,38.776,154672.399,234.232,0.0,108.557,16.699,85209.46999999999,0.0,4659.901999999999,0.0,243.55,60454.061,16290.817,325.584,17.8,0.0,56266.599,652.8,77953.359,1487.16,7409.839000000001,192.85,0.0,12.0,20.0,19332.89,157118.759,21747.2,275002.92,1125.77,575.25,944.6,5685.0,0.0,21073.28,4371.142,12964.008,0.0,13.65,0.0,0.0,1977.984,41.216,350.078,0.0,0.0,0.0,84026.439,0.0,0.0,0.0,6429.588000000001,0.0,643.9,11.75,0.33,0.0,95.97,70.51,17.73,24.39,13.65,18.47,3.5,10.74,0,0,0.598394093482578
Ica,2021,Agosto,38.776,169162.772,234.232,0.0,108.557,16.699,105226.37,1440.0,5020.313999999999,0.0,243.55,62989.487,23144.547,359.934,17.8,0.0,60081.799,2562.18,80016.50899999999,1699.66,7409.839000000001,239.12,0.0,12.0,20.0,27171.9,158348.749,27703.61,275002.92,1254.03,575.25,944.6,5685.0,0.0,77416.20000000001,5290.838,17504.579,0.0,13.65,0.0,0.0,2364.093,85.316,534.824,0.0,0.0,0.0,96385.548,0.0,0.0,0.0,6429.588000000001,0.0,2369.4,14.5,0.32,0.01,96.0,67.43,17.67,24.29,12.82,18.74,3.63,11.47,0,0,0.658397254791036
Ica,2021,Septiembre,38.776,175243.231,251.461,0.0,108.557,16.699,130597.32,4468.0,5765.34,0.0,288.28,65591.487,27179.13,322.033,40.0,0.0,63744.298,16573.18,84816.509,1969.96,7409.839,256.52,0.0,12.0,20.0,27399.1,157888.997,29206.12,275002.92,1256.96,575.25,944.6,5685.0,0.0,110625.3,5739.638,21652.647,0.0,13.65,0.0,0.0,2431.693,334.611,839.269,0.0,0.0,0.0,112096.677,0.0,0.0,0.0,6558.578,0.0,7414.4,19.17,0.32,0.04,95.94,68.23,17.64,23.92,12.89,19.11,3.65,11.03,0,0,0.6410118253265786
Ica,2021,Octubre,38.776,178898.801,251.461,0.0,108.557,16.699,152299.55,12318.0,6815.451,0.0,288.28,69990.19399999999,28196.225,327.133,40.0,0.0,79679.018,23135.98,84816.509,2193.96,7409.839,305.42,0.0,12.0,20.0,27494.2,157888.997,29206.12,276326.52,1256.96,575.25,944.6,5685.0,0.0,118410.2,6193.538,23114.247,0.0,13.65,0.0,0.0,2431.693,476.611,1926.408,0.0,0.0,0.0,123296.807,0.0,0.0,0.0,6564.418000000001,0.0,13808.4,22.23,0.32,0.06,95.9,67.47,17.96,23.73,12.98,19.69,3.62,10.75,0,0,0.6697069647810121
Ica,2021,Noviembre,38.776,186425.844,251.461,0.0,108.557,46.699,166568.45,19711.0,7012.451,0.0,794.8240000000001,99560.81399999998,29238.175,327.133,40.0,0.0,102458.318,23270.98,84816.509,2424.26,7409.839,334.6199999999999,0.0,12.0,20.0,27494.2,157888.997,29206.12,296381.92,1256.96,589.45,944.6,5685.0,0.0,118964.2,6884.737999999999,23783.747,0.0,13.65,0.0,0.0,2431.693,651.55,2847.332,0.0,0.0,0.0,137574.417,0.0,0.0,0.0,6631.72,0.0,17908.4,23.0,0.32,0.18,95.91,72.74,18.47,23.89,14.2,20.24,3.16,9.690000000000001,0,0,0.5794683514375623
Ica,2021,Diciembre,38.776,193850.854,381.77,0.0,108.557,46.699,179526.06,27500.2,7551.071999999999,0.0,794.8240000000001,129067.955,29358.175,327.133,40.0,0.0,120115.66,23393.255,81699.788,2667.809999999999,7615.139,500.25,0.0,26.8,20.0,33496.9,179231.016,29925.27,400589.26,1263.6,615.1600000000001,947.0,5754.469,0.0,119440.32,7258.737999999999,24604.823,0.0,13.65,0.0,0.0,2914.943,720.6959999999999,3048.032,0.0,0.0,0.0,146440.987,0.0,0.0,0.0,7384.330000000001,0.0,18648.4,23.33,0.33,0.26,95.84,75.89,19.42,25.23,15.47,21.33,3.19,9.76,0,0,0.5438157220323341
Junin,2021,Enero,0.0,3630.000000000001,0.0,72.8,0.0,0.0,0.0,341.2,241.7,0.0,0.0,11.5,287.7,4086.9,2223.0,74.0,250.5,4159.8,6345.200000000001,19243.8,552.4000000000001,1229.9,43349.8,728.86,183.0,20455.39,917.339,2492.98,0.0,0.5,3.5,10.0,0.0,0.0,23756.3,11632.2,0.0,0.0,160.9,0.0,645.9200000000001,0.0,369.6,0.0,0.0,0.0,0.0,10727.65,0.0,328.4,801.2,0.0,6.1,0.0,14.63,0.77,4.31,90.89,89.35,22.08,27.73,17.29,21.98,0.22,10.44,0,0,0.2829453477482944
Junin,2021,Febrero,0.0,8855.9,0.0,167.8,0.0,0.0,0.0,736.0999999999999,503.9000000000001,0.0,0.0,35.1,775.6,9500.3,6150.0,74.0,520.0,13804.8,11764.759,37258.72,847.7,3211.289999999999,86022.7,1538.16,183.0,43350.49,2472.519,7529.860000000001,0.0,30.4,85.0,61.0,0.0,0.0,54469.2,20533.8,0.0,0.0,658.0,3658.063,1506.225,0.0,711.6800000000001,0.0,0.0,0.0,0.0,23077.8,0.0,722.1000000000001,3513.9,0.0,13.04,0.0,14.71,0.73,3.56,90.9,87.34,22.69,30.28,18.32,22.6,0.2,11.96,0,0,0.3490487663547723
Junin,2021,Marzo,0.0,14017.0,58.0,313.95,0.0,0.0,0.0,1136.7,832.9000000000001,0.0,0.0,60.1,1616.1,15040.8,10979.5,138.0,1039.9,33684.2,16438.559,55545.7,847.7000000000002,3428.94,126876.6,2372.76,183.0,68392.59000000001,5341.969,13690.56,0.0,73.60000000000001,204.4,122.1,0.0,0.0,105518.0,26198.3,0.0,11.0,2093.5,11292.382,4057.357999999999,0.0,1072.98,0.0,0.0,0.0,0.0,36408.7,0.0,1294.2,16722.4,0.0,19.76,0.0,15.67,0.69,2.65,90.96,84.2,22.67,30.08,17.95,22.6,0.2,12.13,0,0,0.4350937409232309
Junin,2021,Abril,0.0,18038.65,239.4,476.0500000000001,0.0,0.0,0.0,1634.5,1036.5,0.0,0.0,60.1,2180.9,19270.7,15257.8,201.0,1268.3,72610.79999999999,20276.559,73196.51999999999,847.7000000000002,4558.49,165354.8,3239.16,183.0,91828.84,11273.969,20266.06,0.0,112.9,313.6,164.5,0.0,0.0,169136.0,34432.0,0.0,112.7,5527.900000000001,25369.721,7526.067999999999,0.0,1355.68,0.0,4.0,0.0,0.0,49565.65,0.0,2805.7,46735.10000000001,0.0,27.05,0.0,14.73,0.7,3.49,91.07,83.6,22.57,29.77,17.65,22.37,0.23,12.12,0,0,0.4488850238131641
Junin,2021,Junio,3898.0,20704.85,9780.649,1126.65,10782.3,3703.199999999999,0.0,2347.3,1185.9,0.0,0.0,60.1,2711.7,22099.2,20638.4,2817.0,1691.5,92586.4,26746.129,109500.46,847.7,6644.14,238332.55,5015.76,183.0,153512.84,32863.219,31201.46,0.0,131.3,330.3,164.5,0.0,0.0,358848.8,51722.5,0.0,3522.000000000001,17755.1,60397.809,16366.225,0.0,2031.58,0.0,2529.47,1133.17,0.0,73553.4,0.0,11209.7,97861.6,0.0,38.89,0.0,13.75,0.58,0.14,91.23,62.66,24.2,32.32,15.24,23.99,0.27,17.08,0,1,1.127603377147772
Junin,2021,Julio,6416.65,20877.25,11413.799,1376.45,18049.66,5355.149999999999,0.0,2347.3,1216.3,0.0,0.0,60.1,2758.5,23292.1,21222.6,4288.8,2036.4,92626.4,29171.349,126241.44,847.7,7510.54,271718.75,5875.860000000001,183.0,186952.19,43890.51900000001,34452.86,0.0,131.3,330.3,164.5,0.0,0.0,386451.8,58371.2,0.0,3883.000000000001,19233.6,71638.788,20779.015,0.0,2904.88,0.0,2768.6,1210.73,0.0,84940.4,0.0,13132.7,102731.8,0.0,44.07,0.0,16.11,0.57,0.01,91.31,51.6,24.5,33.43,13.97,24.17,0.32,19.46,0,1,1.488081413379125
Junin,2021,Agosto,6592.0,21915.65,11706.949,1466.85,18618.36,5419.049999999998,0.0,2765.0,1319.1,0.0,0.0,71.8,2758.5,24712.6,22088.2,4462.5,2552.9,92739.8,30878.149,141565.69,847.7,8340.64,302902.75,6801.68,183.0,214024.74,51579.21900000001,36542.21,0.0,131.3,330.3,164.5,0.0,0.0,391304.2,67060.2,0.0,3883.000000000001,19299.6,76694.876,23622.144,0.0,3133.73,0.0,2772.6,1210.73,0.0,94639.6,0.0,13877.66,103946.3,0.0,48.27,0.0,16.39,0.56,0.05,91.16,47.99,26.13,35.43,17.01,25.81,0.3,18.42,0,1,1.761707435097386
Junin,2021,Septiembre,6732.300000000001,23573.775,11707.149,1522.85,18921.46,5442.15,0.0,2996.6,1388.6,0.0,0.0,71.8,2773.0,26452.80000000001,22811.1,4576.5,2908.0,93482.5,32851.76900000001,159312.71,847.7,9424.79,334090.55,7783.58,183.0,236784.34,56431.91899999999,38323.86,0.0,131.3,330.3,164.5,0.0,0.0,392684.1,78762.24999999999,0.0,3883.000000000001,19263.5,71440.465,25828.378,0.0,3421.7,0.0,2787.0,1210.73,0.0,105836.15,0.0,14619.36,104981.7,0.0,53.01,0.0,16.47,0.56,0.29,91.09,53.9,26.45,34.89,19.56,26.42,0.27,15.33,0,1,1.591274415504379
Junin,2021,Octubre,6732.300000000001,24491.675,11707.149,1564.85,18921.46,5442.15,0.0,3282.5,1388.6,0.0,0.0,71.8,2801.8,27273.70000000001,23564.9,4633.5,3132.900000000001,93557.6,37694.76900000001,178590.21,847.7,10612.79,365528.85,8705.98,183.0,259164.64,58072.73899999999,39492.36,0.0,131.3,330.3,164.5,0.0,0.0,395925.7,94238.75,0.0,3883.000000000001,19263.5,71440.465,27402.855,0.0,3683.9,0.0,2787.0,1210.73,0.0,116883.95,0.0,14909.86,105651.7,0.0,58.09,0.0,18.15,0.58,1.56,90.94,63.44,26.26,35.09,18.85,26.18,0.27,16.24,0,1,1.247916831551394
Junin,2021,Noviembre,6732.300000000001,24917.475,11707.149,1651.85,18921.46,5442.15,0.0,3572.3,1388.6,0.0,0.0,71.8,2875.6,28434.30000000001,24220.6,4633.5,3280.400000000001,93584.0,44457.31900000001,199257.96,1301.0,12052.39,402959.25,9508.87,183.0,282189.49,58879.75799999999,40830.11,0.0,131.3,330.3,164.5,0.0,0.0,402166.7,111216.25,0.0,3883.000000000001,19263.5,71440.465,28669.934,0.0,3839.3,0.0,2787.0,1210.73,0.0,128220.75,0.0,15130.66,106266.6,0.0,62.44,0.0,14.91,0.59,2.62,90.85,72.71,24.75,33.39,18.97,24.79,0.23,14.42,0,1,0.8516685733193632
Junin,2021,Diciembre,6732.300000000001,26075.075,11707.149,1716.450000000001,18921.46,5442.15,0.0,3943.5,1525.7,0.0,0.0,71.8,2999.8,30769.50000000001,25375.7,4633.5,3540.0,93898.0,52099.819,218342.71,2034.0,13585.79,442629.45,10140.47,183.0,303782.89,59675.908,42245.77000000001,0.0,131.3,330.3,164.5,0.0,0.0,421131.4,132421.15,0.0,3883.0,19262.9,68462.775,29774.173,0.0,4087.59,0.0,2787.0,1210.73,0.0,140121.65,0.0,15847.16,107191.0,0.0,65.91999999999999,0.0,15.86,0.64,2.83,90.84,80.49,23.83,31.61,19.1,23.81,0.21,12.51,0,0,0.5762295632095298
La Libertad,2021,Enero,0.0,2523.2,0.0,548.0,0.0,0.0,11172.0,0.0,897.7,0.0,381.0,490.0,1559.0,43.5,72.0,0.0,1784.0,152.0,1104.18,471.35,1024.279,184.35,2755.3,53.0,34.43,4.88,0.0,0.0,8215.84,124.6,16.42,40.4,0.0,0.0,24464.5,1326.8,249.0,0.0,0.0,0.0,0.0,50.0,31.0,0.0,0.0,0.0,342202.102,14816.14,17062.0,0.0,406.2,0.0,0.0,3773.0,19.5,0.38,0.31,93.97,76.86,21.13,27.05,17.09,23.18,1.84,9.96,0,0,0.5800855349446719
La Libertad,2021,Febrero,0.0,5410.7,0.0,4040.0,0.0,36.0,28457.8,0.0,1697.6,2457.68,4474.731984994292,886.2,2982.0,346.3,317.0,0.0,2863.7,224.0,2595.809,1155.9,2229.379,426.43,5737.1,289.5,34.43,5.96,8.5,0.0,15545.69,262.17,39.76000000000001,92.87,0.0,0.0,76805.6,2843.8,543.5,0.0,24.0,0.0,1.45,160.0,50.0,0.0,0.0,0.0,800020.0109999999,31806.33,17062.0,0.0,825.2,0.0,0.0,5544.0,22.86,0.38,0.08,94.0,71.39,22.29,29.81,17.83,24.59,1.92,11.98,0,0,0.7698777743910654
La Libertad,2021,Marzo,0.0,7704.4,0.0,11206.0,0.0,36.0,43494.3,0.0,1890.1,5657.68,5573.0,1495.7,3574.0,591.5,1154.0,154.6,3948.7,424.0,17963.429,2178.05,3348.029,697.0799999999999,8428.400000000001,707.0,34.43,25.1,21.1,0.0,21114.59,373.039,59.169,247.52,0.0,0.0,139071.6,3917.0,923.3,0.0,24.0,18.17,7.639,230.0,259.0,0.0,0.0,0.0,1183637.346,49372.5,17062.0,0.0,1239.5,0.0,0.0,7144.0,19.8,0.38,0.37,94.02,72.67,22.23,28.45,17.93,24.04,1.93,10.52,0,0,0.7327544759613436
La Libertad,2021,Abril,0.0,9817.0,81.0,19852.5,0.0,36.0,58041.95,0.0,1944.4,5657.68,9573.0,2196.2,4756.0,849.2,3268.5,418.6,4948.7,1063.4,43526.329,3516.77,3969.069,909.599,10567.1,925.08,34.43,232.09,413.0600000000001,0.0,23232.09,448.319,66.678,384.12,0.0,0.0,247748.4,5420.8,1380.9,0.0,29.0,53.78,19.459,330.0,658.5,0.0,0.0,0.0,1411182.203,65965.07,17062.0,75.0,1792.0,0.0,0.0,7564.0,20.06,0.38,0.12,94.04,77.17,20.2,27.57,15.26,21.81,2.52,12.31,0,0,0.5404569140704696
La Libertad,2021,Junio,5380.5,35634.25,8506.15,282722.5,3211.7,530.2,78078.6,0.0,2422.1,5937.68,13148.0,3287.2,9489.6,3292.2,5450.549999999999,1096.6,10641.7,7959.6,170195.068,7505.589,4214.259,1335.149,12604.65,1171.239,34.43,750.97,5522.42,0.0,28557.09,558.5590000000001,83.368,662.089,169.8,0.0,463515.3,8209.35,2333.2,2255.1,4163.0,132.45,30.149,420.0,1767.4,0.0,1363.1,1872.9,1972567.3745554,97030.108,17062.0,810.0,13121.3,0.0,0.0,8388.7,15.32,0.38,0.03,94.2,76.29,18.96,26.38,14.5,20.15,2.41,11.88,0,0,0.5196862121608354
La Libertad,2021,Julio,33855.1,55996.25,19423.05,306602.5,30049.5,1034.8,87297.8,0.0,2748.25,6077.68,13690.0,3758.2,10868.6,4442.1,6408.349999999999,1331.1,18020.2,10017.6,192959.447,8629.449,4236.889,1415.749,14202.45,1293.639,34.43,1004.1,7311.22,0.0,31417.09,577.369,83.368,792.4190000000001,391.8,0.0,489498.9,10233.15,3148.9,4618.6,7473.5,184.01,30.149,510.0,2717.4,0.0,3848.9,6089.299999999999,2374571.9545554,114527.428,17062.0,1080.0,19652.3,0.0,0.0,11608.389,17.65,0.38,0.03,94.15,71.78,19.3,27.96,15.07,20.51,2.65,12.89,0,0,0.6317850749719012
La Libertad,2021,Agosto,60181.1,83600.45,23792.1,307203.5,57974.8,1269.1,97879.62,2096.3,3034.15,6077.68,13690.0,4113.7,11598.1,4902.1,6705.349999999999,1476.7,19539.2,10101.6,201532.297,9819.078,4274.769,1627.499,15798.05,1542.339,34.43,1212.35,9854.72,0.0,34768.19,590.139,83.368,813.4990000000001,509.1,0.0,494278.9,11505.55,4049.7,5583.6,9479.5,203.468,30.149,510.0,2953.8,0.0,5887.15,9644.6,2846443.8295554,131534.507,17062.0,1080.0,20801.5,0.0,0.0,27002.939,19.07,0.37,0.07,94.18,71.18,18.82,28.23,13.98,20.43,2.82,14.25,0,0,0.6261914932474948
La Libertad,2021,Septiembre,69998.8,96207.25,25061.2,296424.5,65621.0,1261.4,104719.67,7369.3,3452.85,6077.68,13835.0,4732.2,12499.6,4809.0,7118.349999999999,1500.7,20641.7,10248.9,215200.696,11169.598,4293.268,1859.699,16313.45,1762.539,34.43,1364.36,8464.720000000001,0.0,38168.19,604.4779999999998,83.366,813.4990000000001,648.1,0.0,507657.9,12957.95,4633.85,5790.0,10112.0,203.468,30.148,590.0,3323.1,0.0,6428.75,10249.8,3300293.2075554,150144.527,17062.0,1080.0,21237.5,0.0,0.0,60502.939,20.63,0.38,0.09,94.14,68.52,18.92,27.06,14.05,20.84,2.96,13.01,0,0,0.6882719755121451
La Libertad,2021,Octubre,70093.3,104866.75,25128.7,296424.5,65621.0,1261.4,116400.57,15082.3,3828.2,6077.68,13975.0,5323.2,13616.6,5117.2,7271.349999999999,1500.7,23400.2,10343.9,220160.866,12254.768,4297.018,5383.499,17654.25,1949.039,34.43,1507.76,8666.320000000002,0.0,41667.89,612.7779999999998,83.366,813.4990000000001,648.1,0.0,526013.4,14584.85,4847.85,5790.0,10122.0,203.468,30.148,590.0,3597.6,0.0,6433.95,10295.8,3802075.028414,170890.897,17062.0,1080.0,21679.5,0.0,0.0,90942.589,21.03,0.38,0.33,94.13,72.04,18.52,26.38,13.87,20.68,2.74,12.51,0,0,0.5962125367287459
La Libertad,2021,Noviembre,70093.3,110944.55,25128.7,296424.5,65621.0,1261.4,131139.27,20715.3,4071.45,6077.68,13975.0,5574.2,14238.1,5123.3,7362.349999999999,1508.2,24133.2,10519.9,224485.036,13353.068,4312.318,5426.599,19252.25,2110.939,34.43,1639.44,8666.320000000002,0.0,49620.44,911.1579999999998,83.366,813.4990000000001,648.1,0.0,547066.4,16196.45,4990.85,5790.0,10122.0,203.468,30.148,590.0,3717.1,0.0,6433.95,10295.8,4260580.5237243,192178.047,17062.0,1080.0,22124.0,0.0,0.0,108317.839,22.64,0.38,0.25,94.16,77.67,18.14,24.12,14.19,20.39,2.44,9.930000000000001,0,0,0.4649463013437021
La Libertad,2021,Diciembre,71084.3,114753.7,25337.2,296525.5,66142.5,1447.4,144618.77,20715.3,4865.65,6077.68,14296.0,5952.2,15091.6,5781.7,7614.349999999999,1532.7,28895.7,10656.9,226699.807,14494.318,4339.818,2211.049,20823.65000000001,2291.939,34.43,1766.54,8666.320000000002,0.0,55537.59,645.0979999999998,83.366,813.4990000000001,648.1,0.0,595478.0,18729.05,5170.9,5925.0,10122.0,203.468,30.148,740.0,4065.2,0.0,6527.749999999999,10399.0,4705541.1321824,218243.197,17062.0,1080.0,22570.2,0.0,0.0,118396.7,22.17,0.38,0.26,94.08,77.33,19.32,26.7,15.16,21.41,2.36,11.54,0,0,0.508164648731944
Piura,2021,Enero,0.0,545.0,0.0,74887.0,0.0,0.0,0.0,0.0,0.0,2385.0,580.0,100.0,0.0,122.0,96.0,0.0,150.0,96.0,27.0,27379.0,136935.0,189.0,0.0,59.0,14233.0,159.0,0.0,0.0,17153.0,0.0,0.0,0.0,0.0,0.0,2329.0,434.0,1300.0,0.0,0.0,0.0,126.0,543.0,0.0,0.0,0.0,14.0,47804.74,451.0,0.0,0.0,0.0,0.0,0.0,356.0,14.57,0.53,1.42,91.39,67.28,23.5,35.2,17.49,25.61,1.84,17.71,0,1,0.9473866467062697
Piura,2021,Febrero,0.0,563.0,0.0,91983.0,0.0,0.0,0.0,0.0,0.0,2625.0,1240.0,100.0,0.0,318.0,96.0,0.0,150.0,216.0,701.0,53567.0,183435.0,327.0,0.0,105.0,14233.0,323.0,0.0,0.0,18173.0,0.0,0.0,0.0,0.0,0.0,2779.0,514.0,1300.0,0.0,0.0,0.0,277.0,643.0,0.0,0.0,34.0,14.0,71446.07,893.0,0.0,0.0,0.0,0.0,0.0,586.0,15.66,0.53,1.21,91.41,62.92,24.43,34.62,17.54,26.48,1.89,17.08,0,1,1.135279574161169
Piura,2021,Marzo,0.0,594.0,0.0,88513.0,0.0,0.0,0.0,0.0,0.0,540.0,1840.0,100.0,0.0,318.0,154.0,2.0,375.0,270.0,2201.0,79876.0,215109.0,465.0,0.0,173.0,14233.0,543.0,0.0,0.0,19173.0,0.0,0.0,0.0,0.0,0.0,3925.0,443.0,1296.0,63.0,77.0,0.0,579.0,100.0,0.0,0.0,90.0,14.0,82656.64000000001,1349.0,0.0,0.0,0.0,0.0,0.0,661.0,15.11,0.58,4.29,91.46,73.66,23.21,33.19,17.49,24.44,1.38,15.7,0,1,0.7494329177897083
Piura,2021,Abril,0.0,791.0,0.0,88513.0,0.0,0.0,0.0,0.0,0.0,720.0,2390.0,225.0,0.0,354.0,203.0,2.0,750.0,270.0,4089.0,112015.0,215609.0,551.0,0.0,243.0,14233.0,834.0,0.0,0.0,19473.0,0.0,0.0,0.0,0.0,0.0,5194.0,549.0,2521.0,218.0,166.0,0.0,895.0,100.0,0.0,0.0,123.0,14.0,121191.49,1803.0,0.0,0.0,0.0,0.0,0.0,661.0,15.32,0.54,0.75,91.44,64.52,24.1,35.69,17.6,25.59,1.42,18.09,0,1,1.06503021390308
Piura,2021,Junio,642.0,15267.0,1879.0,238591.0,13.0,0.0,0.0,0.0,0.0,2020.0,3500.0,746.0,195.0,768.0,323.0,2.0,1590.0,450.0,6598.0,172135.0,216169.0,691.0,0.0,392.0,14233.0,1341.0,0.0,0.0,19473.0,0.0,0.0,0.0,0.0,0.0,10045.0,1248.0,4079.0,535.0,393.0,1454.0,1283.0,100.0,824.0,0.0,294.0,183.0,182815.9680000001,2738.0,0.0,0.0,0.0,0.0,0.0,681.0,14.69,0.52,0.22,91.58,57.6,23.9,35.54,16.58,25.54,1.43,18.96,0,1,1.257565802578791
Piura,2021,Julio,4132.0,29154.0,5409.0,432135.0,178.0,0.0,0.0,0.0,0.0,3903.0,4450.0,1024.0,195.0,775.0,323.0,10.0,2150.0,540.0,7261.0,205011.0,216469.0,849.0,0.0,448.0,14233.0,1566.0,0.0,0.0,21273.0,0.0,0.0,0.0,0.0,0.0,13847.0,2278.0,4867.0,659.0,607.0,3422.0,1454.0,602.0,1883.0,0.0,416.0,1044.0,207251.1680000001,3188.0,0.0,0.0,0.0,0.0,0.0,1021.0,16.83,0.52,0.14,91.53,51.84,24.65,36.19,15.95,26.46,1.3,20.24,0,1,1.494034918377673
Piura,2021,Agosto,7995.0,31630.0,9576.0,440535.0,324.0,0.0,0.0,0.0,0.0,6103.0,5750.0,1024.0,195.0,775.0,443.0,10.0,2575.0,870.0,7309.0,235693.0,216869.0,954.0,0.0,504.0,14233.0,1745.0,0.0,0.0,23519.0,0.0,0.0,0.0,0.0,0.0,20195.0,2956.0,5397.0,684.0,632.0,4828.0,1472.0,1435.0,2393.0,0.0,499.0,1542.0,231447.7880000001,3651.0,0.0,0.0,0.0,0.0,0.0,2345.0,16.23,0.51,0.38,91.56,53.0,24.31,36.45,16.26,26.37,1.58,20.19,0,1,1.428702233995672
Piura,2021,Septiembre,10474.0,32216.0,15080.0,440535.0,376.0,0.0,0.0,0.0,0.0,9503.0,6900.0,1044.0,195.0,893.0,443.0,10.0,3120.0,870.0,7309.0,267975.0,218519.0,1287.0,0.0,560.0,14233.0,1900.0,0.0,0.0,26809.0,0.0,0.0,0.0,0.0,0.0,26415.0,4105.0,5952.0,684.0,632.0,4848.0,1540.0,2136.0,3129.0,0.0,507.0,2536.0,261835.058,4116.0,0.0,0.0,0.0,1952.0,0.0,3485.0,17.63,0.52,0.59,91.54,52.48,24.42,36.8,15.97,26.68,1.55,20.83,0,1,1.454051215641002
Piura,2021,Octubre,10864.0,33258.0,16180.0,440535.0,377.0,0.0,0.0,0.0,0.0,13503.0,8200.0,1054.0,195.0,953.0,503.0,51.0,3320.0,960.0,7323.0,300122.0,230119.0,1642.0,0.0,616.0,14233.0,2055.0,0.0,0.0,63837.0,0.0,0.0,0.0,0.0,0.0,28646.0,6012.0,7197.0,684.0,632.0,4848.0,1540.0,2136.0,3340.0,0.0,507.0,2717.0,295251.2280000001,4585.0,0.0,0.0,0.0,2510.0,0.0,4475.0,17.29,0.53,1.55,91.51,59.54,23.7,35.9,16.96,25.79,1.73,18.94,0,1,1.185684918528261
Piura,2021,Noviembre,10864.0,50353.0,16180.0,441075.0,377.0,0.0,0.0,0.0,0.0,16003.0,10000.0,1505.0,195.0,1161.0,533.0,144.0,3607.0,1092.0,7329.0,332694.0,255111.0,2024.0,0.0,675.0,14233.0,2173.0,0.0,0.0,143237.0,0.0,0.0,0.0,0.0,0.0,30112.0,6592.0,9299.0,684.0,632.0,4848.0,1540.0,2156.0,3910.0,0.0,507.0,2717.0,330949.632,5065.0,0.0,0.0,0.0,2764.0,0.0,5798.0,17.99,0.53,1.47,91.52,59.5,22.91,33.19,16.18,25.14,1.99,17.01,0,1,1.13160605845184
Piura,2021,Diciembre,11268.0,72313.0,17595.0,582407.0,366.0,0.0,0.0,0.0,0.0,16303.0,10380.0,2182.0,195.0,1253.0,571.0,251.0,3914.0,1312.0,5973.0,363833.0,293029.0,2412.0,0.0,730.0,14233.0,2291.0,0.0,0.0,224237.0,0.0,0.0,0.0,0.0,0.0,28774.0,6125.8,11133.0,909.0,952.0,4852.0,1481.9,2452.0,5246.0,0.0,533.0,3295.0,363412.649,5495.0,0.0,0.0,0.0,5372.0,0.0,7588.0,16.51,0.54,1.57,91.46,64.73,22.94,33.31,16.51,24.95,1.99,16.8,0,1,0.9872660276552556
Puno,2021,Enero,0.0,0.0,0.0,0.0,0.0,0.0,0.0,0.0,0.0,0.0,0.0,0.0,0.0,0.0,0.0,0.0,39.0,0.0,619.0,946.0,0.0,359.0,109.0,69.0,0.0,0.0,0.0,0.0,0.0,0.0,0.0,0.0,0.0,0.0,0.0,0.0,0.0,0.0,0.0,0.0,0.0,0.0,0.0,0.0,0.0,0.0,0.0,26978.0,0.0,0.0,0.0,0.0,0.0,0.0,23.0,0.51,4.55,63.67,74.48,9.47,17.96,2.07,13.86,3.6,15.89,0,0,0.3024087066351834
Puno,2021,Febrero,0.0,0.0,0.0,0.0,0.0,0.0,0.0,0.0,0.0,0.0,0.0,0.0,0.0,0.0,0.0,0.0,109.0,13.8,1345.0,1764.0,0.0,770.0,109.0,157.0,0.0,0.0,0.0,0.0,0.0,0.0,0.0,0.0,0.0,0.0,13209.0,0.0,0.0,0.0,0.0,0.0,0.0,0.0,0.0,0.0,0.0,0.0,0.0,147176.0,0.0,0.0,0.0,0.0,0.0,0.0,22.64,0.52,2.93,63.75,75.02,9.28,16.52,3.55,13.88,4.08,12.97,0,0,0.2922460005168891
Puno,2021,Marzo,0.0,85.1,0.0,0.0,1053.0,1529.0,0.0,0.0,0.0,0.0,0.0,0.0,446.0,0.0,17.0,0.0,189.2,91.8,1921.0,2792.0,0.0,1167.0,109.0,247.0,0.0,25.0,4.0,0.0,0.0,0.0,65.0,0.0,0.0,0.0,83672.3,1856.0,0.0,217.0,779.0,0.0,0.0,0.0,80.9,0.0,0.0,0.0,0.0,505604.0,0.0,4384.0,8232.0,0.0,0.0,0.0,20.74,0.53,2.84,63.75,77.0,8.94,15.3,2.41,13.29,3.89,12.89,0,0,0.2629769062615391
Puno,2021,Abril,551.72,2751.7,2624.85,130.8,14063.4,30210.6,0.0,0.0,0.0,0.0,0.0,0.0,953.4,0.0,131.0,0.0,4286.3,105.8,2210.0,3812.0,0.0,1553.0,109.0,346.0,0.0,839.0,168.0,0.0,0.0,0.0,172.0,0.0,0.0,0.0,603778.3,6641.0,1128.0,17890.88,11189.24,190.0,5.0,0.0,483.4000000000001,0.0,10628.59,730.0299999999999,0.0,1025497.0,0.0,178990.8,1204676.0,0.0,4.0,0.0,21.57,0.53,1.26,63.79,66.21,9.37,16.59,2.47,12.79,2.91,14.12,0,0,0.3977204215870229
Puno,2021,Junio,1720.54,4309.2,6494.75,146.6,30268.235,41336.709,0.0,0.0,0.0,0.0,0.0,0.0,1108.7,0.0,155.9,0.0,6086.400000000001,105.8,2210.0,5880.5,0.0,2375.1,109.0,524.0,0.0,16008.0,3738.7,0.0,0.0,0.0,387.2,0.0,0.0,0.0,939813.3,35130.8,2211.6,30250.13,19629.34,5798.8,292.0,0.0,659.03,0.0,12853.17,1042.78,0.0,1486209.2,0.0,323784.8,2378106.39,0.0,17.0,0.0,19.65,0.46,0.6,63.85,56.78,7.91,15.81,2.04,10.27,2.24,13.77,0,0,0.4608012251621663
Puno,2021,Julio,1720.54,4309.2,6494.75,146.6,30268.235,41336.709,0.0,0.0,0.0,0.0,0.0,0.0,1108.7,0.0,155.9,0.0,6086.400000000001,105.8,2210.0,6813.7,0.0,2775.1,109.0,606.0,0.0,23024.0,6211.2,0.0,0.0,0.0,446.5,0.0,0.0,0.0,939813.3,36294.8,2211.6,30250.13,19629.34,7467.8,488.5,0.0,659.03,0.0,12853.17,1042.78,0.0,1486209.2,0.0,323784.8,2378106.39,0.0,18.0,0.0,20.16,0.44,0.03,63.9,57.2,8.01,14.5,1.8,10.35,2.43,12.7,1,0,0.4594428190224773
Puno,2021,Agosto,1720.54,4309.2,6494.75,146.6,30268.235,41336.709,0.0,0.0,0.0,0.0,0.0,0.0,1108.7,0.0,155.9,0.0,6086.400000000001,105.8,2210.0,7775.7,0.0,3187.1,109.0,682.1,0.0,28024.5,7931.2,0.0,0.0,0.0,491.3,0.0,0.0,0.0,939813.3,36294.8,2211.6,30250.13,19629.34,8316.0,681.1,0.0,659.03,0.0,12853.17,1042.78,0.0,1486209.2,0.0,323784.8,2378106.39,0.0,18.0,0.0,22.37,0.41,0.18,63.88,58.56,8.28,16.84,2.27,11.66,2.93,14.57,0,0,0.4530897815994205
Puno,2021,Septiembre,1720.54,4309.2,6494.75,146.6,30268.235,41336.709,0.0,0.0,0.0,0.0,0.0,0.0,1108.7,0.0,155.9,0.0,6086.400000000001,105.8,2210.0,8755.5,0.0,3659.3,1297.1,751.3,0.0,28031.3,7931.2,0.0,0.0,0.0,507.2,0.0,0.0,0.0,939813.3,36294.8,2211.6,30250.13,19629.34,8313.5,750.1,0.0,659.03,0.0,12853.17,1042.78,0.0,1486225.7,0.0,323784.8,2378106.39,0.0,20.0,0.0,24.06,0.39,0.89,63.91,68.47,9.43,16.91,3.86,13.8,3.72,13.05,0,0,0.3726218410955706
Puno,2021,Octubre,1720.54,4309.2,6494.75,146.6,30268.235,41336.709,0.0,0.0,0.0,0.0,0.0,0.0,1108.7,0.0,155.9,0.0,6086.400000000001,105.8,2210.0,9741.2,0.0,4072.4,5400.1,835.4,0.0,28031.3,7931.2,0.0,0.0,0.0,507.2,0.0,0.0,0.0,939813.3,36294.8,2211.6,30250.13,19629.34,8313.5,750.1,0.0,659.03,0.0,12853.17,1042.78,0.0,1486225.7,0.0,323784.8,2378106.39,0.0,20.0,0.0,27.42,0.43,2.91,63.83,63.0,10.57,19.14,3.57,15.52,3.33,15.57,0,0,0.4719791027853067
Puno,2021,Noviembre,1720.54,4309.2,6494.75,146.6,30268.235,41336.709,0.0,0.0,0.0,0.0,0.0,0.0,1108.7,0.0,155.9,0.0,6086.400000000001,105.8,2309.0,10752.4,0.0,4487.6,11995.1,906.4,0.0,28031.3,7931.2,0.0,0.0,0.0,507.2,0.0,0.0,0.0,939813.3,36294.8,2211.6,30250.13,19629.34,8313.5,750.1,0.0,659.03,0.0,12853.17,1042.78,0.0,1491731.7,0.0,323784.8,2378106.39,0.0,20.0,0.0,25.45,0.44,2.44,63.71,67.65,10.49,16.81,3.87,15.47,3.17,12.94,0,0,0.4104659163949843
Puno,2021,Diciembre,1720.54,4309.199999999999,6494.75,146.6,29228.235,41336.709,0.0,0.0,0.0,0.0,0.0,0.0,1108.7,0.0,155.9,0.0,6086.400000000001,169.8,2486.0,11925.3,0.0,5030.3,23297.1,1006.8,0.0,28031.3,7931.2,0.0,0.0,0.0,507.2,0.0,0.0,0.0,957129.9,36294.8,2211.6,30250.13,19629.34,8313.5,750.1,0.0,659.03,0.0,12863.39,1042.78,0.0,1733971.9,0.0,324007.8,2378106.39,0.0,20.0,0.0,21.3,0.5,4.98,63.71,70.34,10.04,17.18,3.21,15.12,3.34,13.97,0,0,0.3651791497727755
San Martin,2021,Enero,0.0,18027.0,0.0,54439.408,0.0,0.0,0.0,0.0,18.0,0.0,0.0,291.5,0.0,0.0,0.0,0.0,0.0,0.0,49.0,34307.0,57.35,2336.5,644.5,0.0,331.3,994.5,12.5,0.0,65.0,0.0,0.0,0.0,0.0,38165.3,0.0,8375.0,0.0,0.0,0.0,554.5,3533.2,0.0,33.16,0.0,0.0,0.0,0.0,0.0,0.0,0.0,0.0,0.0,0.0,0.0,16.94,0.57,1.91,90.21,76.92,22.61,30.54,17.16,22.59,0.01,13.38,0,0,0.6332586171016521
San Martin,2021,Febrero,0.0,52880.0,0.0,125403.297,0.0,0.0,0.0,0.0,18.0,0.0,0.0,513.0,0.0,0.0,0.0,0.0,0.0,0.0,97.0,69964.0,63.35,4420.5,1223.5,0.0,331.3,2632.5,44.5,0.0,141.0,0.0,0.0,0.0,0.0,69576.02,0.0,18366.0,0.0,0.0,0.0,4788.2,7613.1,0.0,54.179,0.0,0.0,0.0,0.0,0.0,0.0,0.0,0.0,0.0,0.0,0.0,16.5,0.57,2.9,90.18,77.5,23.11,30.38,17.67,23.06,0.03,12.71,0,0,0.6363205432350671
San Martin,2021,Marzo,0.0,58130.0,0.0,185375.217,0.0,0.0,0.0,0.0,96.0,0.0,0.0,729.5,0.0,0.0,0.0,0.0,0.0,0.0,149.5,104328.0,63.55,6513.5,2322.8,0.0,331.3,14179.5,70.5,0.0,195.0,0.0,0.0,0.0,0.0,103274.52,0.0,27671.0,0.0,0.0,0.0,12637.9,14097.0,0.0,283.2190000000001,0.0,0.0,0.0,0.0,0.0,0.0,0.0,0.0,0.0,0.0,0.0,15.13,0.63,5.17,90.27,85.84,21.13,27.82,16.45,21.0,0.06,11.37,0,0,0.3549702322738355
San Martin,2021,Abril,0.0,59366.0,0.0,265315.607,0.0,0.0,0.0,0.0,98.5,0.0,0.0,919.5,0.0,0.0,0.0,0.0,0.0,0.0,186.5,139328.0,63.55,8309.5,3295.3,0.0,331.3,15659.5,116.0,0.0,280.0,0.0,0.0,0.0,0.0,133835.31,0.0,41413.0,0.0,0.0,0.0,36480.5,18680.3,0.0,474.759,0.0,0.0,0.0,0.0,0.0,0.0,0.0,0.0,0.0,0.0,0.0,16.07,0.61,1.56,90.35,83.39,21.83,29.31,17.16,21.73,0.05,12.15,0,0,0.4346128355447396
San Martin,2021,Junio,0.0,92126.0,0.0,432680.471,0.0,0.0,0.0,0.0,106.0,0.0,0.0,1357.5,0.0,0.0,0.0,0.0,0.0,0.0,222.5,208727.0,63.55,12682.3,7149.8,0.0,331.3,28050.0,327.0,0.0,577.0,0.0,0.0,0.0,0.0,197017.53,0.0,70257.0,0.0,0.0,0.0,73867.0,30677.0,0.0,598.499,0.0,0.0,0.0,0.0,0.0,0.0,0.0,0.0,0.0,0.0,0.0,13.96,0.6,5.46,90.55,81.32,21.19,29.15,15.43,21.01,0.09,13.72,0,0,0.4700068096002137
San Martin,2021,Julio,0.0,123170.0,0.0,507275.311,0.0,0.0,0.0,0.0,129.5,0.0,0.0,1520.65,0.0,0.0,0.0,0.0,0.0,0.0,224.8,242795.0,63.55,14989.3,8287.3,0.0,331.3,40369.5,354.0,0.0,634.0,0.0,0.0,0.0,0.0,230513.05,0.0,77648.85,0.0,0.0,0.0,82514.0,36243.3,0.0,639.9540000000001,0.0,0.0,0.0,0.0,0.0,0.0,0.0,0.0,0.0,0.0,0.0,16.77,0.58,0.67,90.62,75.14,21.44,30.09,14.93,21.27,0.09,15.16,0,0,0.635157224879523
San Martin,2021,Agosto,0.0,128116.0,0.0,570892.228,0.0,0.0,0.0,0.0,144.5,0.0,0.0,1810.65,0.0,0.0,0.0,0.0,0.0,0.0,226.8,274049.0,63.55,16849.3,9638.8,0.0,331.3,44387.0,368.0,0.0,680.0,0.0,0.0,0.0,0.0,262827.67,0.0,85376.85,0.0,0.0,0.0,85597.7,41672.7,0.0,1613.833,0.0,0.0,0.0,0.0,0.0,0.0,0.0,0.0,0.0,0.0,0.0,17.18,0.54,0.29,90.5,66.18,23.48,32.96,15.8,23.32,0.06,17.16,0,1,0.9780570341925476
San Martin,2021,Septiembre,0.0,129254.0,0.0,635926.537,0.0,0.0,0.0,0.0,157.0,0.0,0.0,2133.62,0.0,0.0,0.0,0.0,0.0,0.0,228.25,314355.0,63.55,19224.3,11113.8,0.0,331.3,58334.5,378.0,0.0,761.0,0.0,0.0,0.0,0.0,303236.84,0.0,74936.15000000001,0.0,0.0,0.0,92771.0,46931.3,0.0,2643.95,0.0,0.0,0.0,0.0,0.0,0.0,0.0,0.0,0.0,0.0,0.0,18.35,0.53,0.97,90.46,65.07,23.95,32.73,17.48,23.87,0.04,15.25,0,1,1.03912444144655
San Martin,2021,Octubre,0.0,131709.0,0.0,706281.627,0.0,0.0,0.0,0.0,174.5,0.0,0.0,2537.6,0.0,0.0,0.0,0.0,0.0,0.0,320.35,349672.5,193.55,21093.3,12368.8,0.0,331.3,64646.5,387.0,0.0,844.0,0.0,0.0,0.0,0.0,351103.41,0.0,82104.1,0.0,0.0,0.0,93026.3,52147.707,0.0,3162.25,0.0,0.0,0.0,0.0,0.0,0.0,0.0,0.0,0.0,0.0,0.0,18.94,0.53,0.69,90.29,62.56,25.11,32.87,18.47,25.07,0.02,14.4,0,1,1.193770119278867
San Martin,2021,Noviembre,0.0,142569.0,0.0,792214.5769999999,0.0,0.0,0.0,0.0,244.5,0.0,0.0,2891.6,0.0,0.0,0.0,0.0,0.0,0.0,536.5,387535.5,554.05,22645.3,13757.8,0.0,331.3,67480.0,394.0,0.0,910.0,0.0,0.0,0.0,0.0,399828.89,0.0,93144.4,0.0,0.0,0.0,93106.3,57111.90699999999,0.0,3420.769,0.0,0.0,0.0,0.0,0.0,0.0,0.0,0.0,0.0,0.0,0.0,17.04,0.53,0.73,90.19,64.04,24.47,31.57,18.46,24.45,0.01,13.11,0,0,1.103625916476027
San Martin,2021,Diciembre,0.0,155105.5,0.0,875717.877,0.0,0.0,0.0,0.0,755.0,0.0,0.0,3305.55,0.0,0.0,0.0,0.0,0.0,0.0,712.25,423930.5,1181.65,24278.5,15791.8,0.0,331.3,76746.25,449.3,0.0,1037.0,0.0,0.0,0.0,0.0,456096.37,0.0,105246.4,0.0,0.0,0.0,77785.6,61230.207,0.0,3827.808,0.0,0.0,0.0,0.0,0.0,0.0,0.0,0.0,0.0,0.0,0.0,17.62,0.53,1.07,90.14,67.7,24.61,33.32,18.71,24.6,0.01,14.61,0,1,0.999629607717659
Ica,2022,Enero,0.0,10066.067,5.42,0.0,0.0,0.0,10894.8,0.0,375.0,0.0,0.0,15360.007,506.4,4.86,0.0,0.0,4873.91,74.375,22.4,198.52,205.23,0.0,0.0,13.1,0.0,0.0,0.0,0.0,156655.95,0.0,0.0,274.19,0.0,0.0,146.25,0.0,1784.67,0.0,0.0,0.0,0.0,0.0,0.0,82.6,0.0,0.0,0.0,13412.57,0.0,0.0,0.0,1013.554,0.0,12.0,25.12,0.33,0.3,95.84,77.84,21.04,26.65,17.35,22.87,3.19,9.299999999999997,0,0,0.5524578511155938
Ica,2022,Febrero,0.0,25158.747,18.42,0.0,11.0,6.35,22234.41,0.0,996.9,0.0,0.0,24807.007,1227.25,34.24,0.0,0.0,6027.31,74.375,307.0,420.549,2979.03,44.85,0.0,13.1,80.4,0.0,0.0,0.0,243484.29,98.25,421.12,682.49,0.0,0.0,429.65,0.0,4662.870000000001,0.0,6.15,0.0,0.0,335.63,0.0,118.64,0.0,0.0,0.0,27106.45,0.0,0.0,0.0,1469.616,0.0,12.0,23.77,0.33,0.45,95.81,78.37,20.83,26.13,17.22,22.42,2.86,8.91,0,0,0.532330155703602
Ica,2022,Abril,20.27,70046.867,57.3,0.0,101.4,14.11,49572.81,0.0,2061.9,0.0,41.0,29385.127,1698.65,64.83,0.0,0.0,18160.81,74.375,19329.64,877.629,6943.900000000001,94.05,0.0,13.1,80.4,0.0,47971.5,0.0,304765.219,868.4,503.02,937.7,5648.799999999999,0.0,517.05,91.8,8434.77,0.0,12.52,0.0,0.0,744.78,0.0,321.27,0.0,0.0,0.0,54180.54999999999,0.0,0.0,0.0,8813.457,0.0,30.0,20.9,0.33,0.14,95.78,72.61,19.67,25.45,14.67,20.6,2.91,10.78,0,0,0.6274677807866447
Ica,2022,Mayo,65.48,95310.237,87.1,0.0,172.56,21.51,49572.81,0.0,2275.1,0.0,85.0,31049.127,2714.65,148.53,60.0,0.0,23543.97,74.375,44282.64,1105.329,6943.900000000001,150.7,0.0,13.1,80.4,328.95,89937.45000000001,0.0,305065.219,1157.43,503.02,937.7,5769.099999999999,0.0,594.25,833.3999999999999,9416.92,0.0,12.52,0.0,0.0,1082.88,0.0,321.27,0.0,0.0,0.0,58188.06999999999,0.0,0.0,0.0,12031.347,0.0,30.0,17.94,0.33,0.09,95.91,68.45,18.49,24.61,13.58,18.98,2.62,11.03,0,0,0.6715020207917983
Ica,2022,Junio,65.48,126861.588,172.43,0.0,172.56,21.51,63944.91,0.0,2380.1,0.0,85.0,33338.327,7364.950000000001,148.53,116.58,0.0,31379.73,121.385,66850.29000000001,1322.53,7180.900000000001,174.65,0.0,13.1,558.34,3222.46,128412.26,1167.6,305215.219,1173.68,548.12,948.13,5851.099999999999,0.0,791.78,3318.95,12430.97,0.0,12.52,0.0,0.0,1414.33,8.68,321.27,0.0,0.0,0.0,77883.44,0.0,0.0,0.0,14934.35,0.0,99.3,14.47,0.33,0.02,95.99,71.14,17.01,23.94,11.88,17.47,2.92,12.06,0,0,0.5595648607216541
Ica,2022,Julio,65.48,137902.488,179.93,0.0,172.56,24.46,63944.91,92.5,2453.18,0.0,85.0,37769.857,12415.52,204.45,116.58,0.0,35726.46000000001,390.585,77436.09000000001,1531.45,7180.900000000001,195.93,0.0,13.1,558.34,20272.76,169564.97,14981.05,305215.219,1175.27,548.12,948.13,5851.099999999999,0.0,20990.91,5027.05,18107.17,0.0,12.52,0.0,0.0,2273.6,87.03,374.67,0.0,0.0,0.0,90631.43,0.0,0.0,0.0,15085.05,0.0,599.3,12.96,0.33,0.01,95.95,70.56,16.93,22.69,12.86,17.6,3.53,9.830000000000002,0,0,0.56792321910042
Ica,2022,Agosto,65.48,148081.638,238.53,0.0,172.56,24.46,97659.31,3498.5,2453.18,0.0,85.0,37932.857,17540.35,255.55,116.58,0.0,40525.66,637.525,81236.09000000001,1738.95,7180.900000000001,258.03,0.0,13.1,947.17,29007.02,190653.77,21069.35,305365.219,1294.53,548.12,948.13,5851.099999999999,0.0,88169.29999999999,5552.55,22772.4,0.0,12.52,0.0,0.0,2364.6,122.63,1057.935,0.0,0.0,0.0,101593.94,0.0,0.0,0.0,15096.08,0.0,2999.3,13.73,0.32,0.01,95.94,67.46,16.95,23.06,12.39,17.95,3.33,10.67,0,0,0.6285214007716495
Ica,2022,Septiembre,65.48,157225.458,238.53,0.0,172.56,24.46,97659.31,3498.5,2807.48,0.0,355.0,44690.857,27074.75,304.44,116.58,0.0,56075.66,3737.725,86371.89000000001,1945.85,7180.900000000001,331.6,0.0,13.1,947.17,32220.02,198751.77,21438.53,305515.219,1294.53,548.12,948.13,5851.099999999999,0.0,114157.02,6829.67,25190.49,0.0,12.52,0.0,0.0,2726.46,145.58,1403.535,0.0,0.0,0.0,115768.42,0.0,0.0,0.0,15136.93,0.0,9337.3,18.67,0.32,0.0,95.95,63.21,17.32,24.98,12.58,18.6,3.62,12.4,0,0,0.7274525831600829
Ica,2022,Octubre,65.48,160990.138,238.53,0.0,172.56,24.46,97659.31,14184.3,3507.48,0.0,355.0,64896.65699999999,30624.55,334.29,116.58,0.0,66775.57,14947.725,86371.89000000001,2166.25,7180.900000000001,408.5,0.0,13.1,947.17,32387.02,200276.77,21438.53,309015.219,1294.53,582.58,948.13,5858.999999999999,0.0,119132.42,8361.27,25941.79,0.0,12.52,0.0,0.0,3148.25,435.78,2156.165,0.0,0.0,0.0,128395.71,0.0,0.0,0.0,15145.09,0.0,17137.3,22.61,0.32,0.01,95.95,63.94,17.39,23.55,11.74,19.07,3.4,11.81,0,0,0.7161793667764957
Ica,2022,Noviembre,65.48,163864.268,238.53,0.0,172.56,24.46,169520.89,22487.8,3813.48,0.0,355.0,86817.63699999999,31367.85,334.29,116.58,0.0,79120.06000000001,14947.725,86371.89000000001,2393.22,7180.900000000001,450.58,0.0,13.1,1098.22,32387.02,200276.77,21438.53,317590.619,1294.53,593.88,948.13,5858.999999999999,0.0,120667.42,9147.69,26225.79,0.0,12.52,0.0,0.0,3239.75,507.68,2156.165,0.0,0.0,0.0,140802.76,0.0,0.0,0.0,15281.96,0.0,21937.3,23.38,0.32,0.01,95.89,69.06,18.8,25.72,13.54,20.72,3.19,12.18,0,0,0.6714146404821308
Ica,2022,Diciembre,65.48,164894.11,250.34,0.0,172.56,24.46,184063.68,25287.8,5817.33,0.0,363.6,100305.48,32303.75,351.77,116.58,0.0,92827.31,17420.73,94366.03,2654.85,7186.400000000001,614.77,0.0,41.55,1585.22,32652.02,217968.77,24274.53,430564.88,1300.53,616.8800000000001,955.33,5905.099999999999,0.0,122609.22,10335.39,26982.37,0.0,12.52,0.0,0.0,3800.27,538.03,3255.74,0.0,0.0,0.0,150555.88,0.0,0.0,0.0,16260.82,0.0,23667.3,23.39,0.32,0.14,95.82,77.06,20.25,25.79,15.37,22.13,3.09,10.42,0,0,0.5447414647688273
Junin,2022,Enero,0.0,3894.0,0.0,102.0,0.0,0.0,0.0,361.3999999999999,206.7,0.0,0.0,0.0,365.3,4020.600000000001,1858.3,26.0,341.0,3136.2,7169.099999999999,19616.65,571.9999999999999,1347.3,43211.0,755.55,219.75,21734.95,1014.16,3076.600000000001,0.0,0.6,2.4,11.6,0.0,0.0,23204.4,10471.6,0.0,0.0,59.6,0.0,821.072,0.0,366.5,0.0,0.0,0.0,0.0,12780.5,0.0,396.0,937.9,0.0,28.85,0.0,15.46,0.65,4.39,90.92,81.43,23.37,32.48,17.92,23.31,0.23,14.56,0,1,0.533485254435321
Junin,2022,Febrero,0.0,9162.5,0.0,223.5,0.0,0.0,0.0,805.1999999999999,510.3,0.0,0.0,24.0,802.2,9122.1,5636.700000000001,54.0,712.5,12917.4,13529.1,38218.05,900.3999999999999,2585.86,86228.0,1572.25,516.87,45167.01,2848.81,8340.100000000002,0.0,32.8,78.9,55.8,0.0,0.0,60922.8,18526.8,0.0,0.0,438.4,3631.233,1893.584,0.0,747.45,0.0,0.0,0.0,0.0,26406.10000000001,0.0,866.9,3713.4,0.0,57.45,0.0,14.44,0.73,14.61,90.95,87.25,22.3,29.08,18.0,22.17,0.23,11.08,0,0,0.3433034890344202
Junin,2022,Abril,0.0,18783.4,278.0,491.7,0.0,0.0,0.0,1847.7,1008.2,0.0,0.0,61.3,1925.8,20648.3,14982.2,261.2,1522.7,77889.80000000002,23007.25,74522.70999999999,900.4,4841.06,166036.2,3113.65,516.87,94781.755,11623.37,20887.68,0.0,120.0,290.8,158.1,0.0,0.0,171383.0,34943.5,0.0,72.3,5455.799999999999,23481.232,8428.572,0.0,1476.97,0.0,5.7,0.0,0.0,54241.8,0.0,4652.9,50856.28,0.0,72.19,0.0,15.01,0.69,1.11,91.03,80.18,23.25,30.32,16.99,23.01,0.25,13.33,0,0,0.5652876635335198
Junin,2022,Mayo,54.8,21176.6,3490.0,639.0,367.0,589.9,0.0,2359.5,1091.5,0.0,0.0,61.3,2329.1,23299.7,18436.9,963.0,1810.3,101275.6,26961.65,92343.36,900.4,5948.26,203626.0,3927.25,516.87,122160.36,21108.97,26490.48,0.0,131.7,319.8,158.1,0.0,0.0,280028.85,43459.75,0.0,1113.4,11049.8,38886.30699999999,12790.817,0.0,1476.97,0.0,5.7,510.3000000000001,0.0,67557.40000000001,0.0,8951.5,83793.18000000001,0.0,79.03,0.0,13.89,0.61,0.35,91.2,69.76,23.63,31.56,16.23,23.42,0.23,15.33,0,0,0.8824615820572141
Junin,2022,Junio,3806.469999999999,21877.2,10688.8,833.6,11451.44,3741.300000000001,0.0,2551.7,1129.5,0.0,0.0,61.3,2455.8,23299.7,20277.2,3070.300000000001,2033.5,102019.2,30131.32000000001,110973.64,900.4,6801.31,239040.3,4770.849999999999,2254.97,154734.565,33096.17,31494.58,0.0,131.7,329.8,166.9,0.0,0.0,368320.45,51833.55,0.0,3591.3,17467.3,53283.331,17835.176,0.0,2191.17,0.0,5.7,1303.23,0.0,80076.40000000001,0.0,14528.6,101766.88,0.0,36.43,0.0,15.41,0.58,0.14,91.19,63.55,23.59,32.44,13.96,23.37,0.26,18.48,0,1,1.061123036460726
Junin,2022,Julio,7005.83,22107.1,12858.15,934.4,19943.44,5995.0,0.0,2777.7,1153.7,0.0,0.0,61.3,2503.2,25407.3,21129.2,4483.300000000001,2294.0,102019.2,32226.14000000001,127984.35,900.4,7656.41,272388.2,5534.11,2254.97,188402.925,44155.77,34712.58,0.0,131.7,329.8,166.9,0.0,0.0,398505.15,59415.05,0.0,4151.619999999999,19052.4,62121.969,22608.096,0.0,2961.69,0.0,3303.36,1391.63,0.0,91617.6,0.0,16340.0,106048.78,0.0,41.35,0.0,16.07,0.57,0.36,91.12,57.66,25.61,33.96,19.82,25.37,0.29,14.14,0,1,1.390704126484172
Junin,2022,Agosto,7134.43,22816.4,13124.01,978.8,20642.54,6095.4,0.0,2928.3,1225.9,0.0,0.0,73.5,2503.2,27012.8,21848.1,4644.700000000001,2617.4,102074.6,34017.17000000001,143824.21,900.4,8473.71,297438.3,6283.709999999999,2760.77,214309.985,52071.37,36709.58,0.0,131.7,329.8,166.9,0.0,0.0,403708.25,68078.75,0.0,4181.619999999999,19177.4,66214.358,25606.075,0.0,3122.65,0.0,3309.96,1391.63,0.0,101705.2,0.0,16806.6,106951.48,0.0,45.21,0.0,15.76,0.57,0.09,91.17,50.63,25.04,34.55,14.73,24.81,0.32,19.82,0,1,1.567610645013439
Junin,2022,Septiembre,7239.830000000001,24070.3,13127.51,996.3,20688.94,6196.199999999999,0.0,2928.3,1261.0,0.0,0.0,73.5,2517.8,28839.9,21848.1,4715.299999999999,2929.4,102521.9,37128.17,161611.96,896.4000000000001,9511.06,334382.35,7051.510000000001,2760.77,237870.235,57135.60999999999,38520.05,0.0,131.7,329.8,166.9,0.0,0.0,407425.3499999999,80560.65,0.0,4161.619999999999,19402.6,66214.178,28034.608,0.0,3351.1,0.0,3367.16,1405.43,0.0,112272.1,0.0,17292.2,107903.68,0.0,49.95,0.0,15.99,0.56,0.31,91.01,52.52,26.46,35.09,17.86,26.39,0.29,17.23,0,1,1.639874859328567
Junin,2022,Octubre,7239.830000000001,24746.65,13127.51,1004.7,20688.94,6196.199999999999,0.0,3392.7,1261.0,0.0,0.0,85.8,2547.4,29719.5,21848.1,4771.499999999999,3149.4,102650.7,42584.17,180921.11,896.4000000000001,10689.86,365758.85,7786.910000000001,2760.77,260495.595,58886.84,39726.45,0.0,131.7,329.8,166.9,0.0,0.0,411343.0499999999,97099.65,0.0,4161.619999999999,19402.6,66214.178,29800.688,0.0,3597.2,0.0,3367.16,1405.43,0.0,123225.8,0.0,18257.7,109141.88,0.0,55.53,0.0,17.69,0.56,0.2,90.93,61.16,26.05,35.01,20.1,26.06,0.26,14.91,0,1,1.309404221281397
Junin,2022,Noviembre,7239.830000000001,25144.05,13127.51,1020.7,20688.94,6196.199999999999,0.0,3680.0,1265.0,0.0,0.0,98.0,2621.2,30642.3,23792.4,4826.499999999999,3308.9,102698.7,51367.27,200267.36,1334.4,12029.46,401598.1,8490.310000000001,3289.209,282457.185,59595.459,40905.02,0.0,131.7,329.8,166.9,0.0,0.0,416473.0499999999,114213.45,0.0,4161.619999999999,19402.6,66214.178,30930.018,0.0,3764.8,0.0,3367.16,1405.43,0.0,134951.6,0.0,19082.7,110151.88,0.0,60.39,0.0,18.21,0.56,0.49,90.95,56.8,25.98,35.44,16.11,26.0,0.26,19.33,0,1,1.450378566921966
Junin,2022,Diciembre,7239.83,25973.65,13127.51,1028.7,20688.94,6196.200000000001,0.0,3993.3,1313.0,0.0,0.0,98.0,2805.7,33263.0,24944.1,4840.499999999999,3508.6,102927.0,61423.27,218824.36,2029.5,13550.61,443169.9,9165.51,3476.569,303189.785,60363.79899999999,42649.76000000001,0.0,131.7,329.8,166.9,0.0,0.0,432304.45,130691.75,0.0,4161.619999999999,19402.6,65951.498,31860.048,0.0,3920.5,0.0,3367.16,1405.43,0.0,146922.95,0.0,20159.2,111440.38,0.0,67.14999999999999,0.0,14.88,0.59,2.58,90.83,73.28,24.33,32.84,18.83,24.29,0.25,14.01000000000001,0,1,0.8132056558949086
La Libertad,2022,Enero,0.0,3047.8,0.0,1298.0,0.0,0.0,8850.61,0.0,166.3,1700.0,200.0,290.0,551.0,212.1,290.0,12.6,2776.6,208.0,1378.558,1090.45,995.879,168.62,2737.85,268.7,31.01,1.19,0.0,0.0,9027.88,95.74,16.2,29.329,0.0,0.0,23612.1,1081.5,39.6,0.0,0.0,0.0,0.0,0.0,9.0,0.0,0.0,0.0,375847.3764956,15521.57,15611.0,0.0,424.7000000000001,0.0,0.0,8350.0,21.34,0.38,0.24,94.11,79.14,20.35,26.77,16.18,22.46,2.4,10.59,0,0,0.4984177180343177
La Libertad,2022,Febrero,0.0,6666.709000000001,0.0,4183.0,0.0,0.0,16528.71,0.0,597.4000000000001,4400.0,3700.0,826.0,1414.5,557.6,396.5,12.6,4356.1,484.0,2935.328,2298.17,2119.679,364.35,5699.95,525.55,64.97999999999999,2.12,8.3,0.0,16343.33,205.63,39.48,63.869,0.0,0.0,62655.25,2474.5,275.2,0.0,0.0,0.0,1.07,20.0,20.6,0.0,0.0,0.0,753735.8835405,32856.16,29756.0,0.0,850.0,0.0,0.0,12957.0,19.17,0.38,0.52,94.08,78.94,20.51,26.16,16.44,22.65,2.35,9.719999999999999,0,0,0.5081882783971163
La Libertad,2022,Abril,0.0,12106.209,75.0,101354.6,0.0,0.0,44681.41,0.0,1225.85,6000.0,8400.0,1545.7,3875.8,816.1500000000001,3081.5,352.6,5419.0,2567.0,45794.378,4898.777,3720.699000000001,759.9799999999998,10526.75,980.43,64.97999999999999,207.929,433.2000000000001,0.0,18924.7,368.88,65.91000000000001,317.688,0.0,0.0,259395.05,5373.5,871.6,541.5,1244.0,49.64999999999999,15.649,20.0,51.7,25.0,0.0,0.0,1350721.5736115,67502.62000000002,62086.5,24.0,1810.3,0.0,0.0,15719.2,18.78,0.39,0.44,94.04,78.99,19.39,25.98,15.4,20.74,2.49,10.58,0,0,0.4730100152475296
La Libertad,2022,Mayo,0.0,16884.809,941.5,256056.6,0.0,0.0,44681.41,0.0,1477.85,6000.0,11700.0,2016.2,5191.8,1432.05,4180.95,704.6,6747.9,5542.0,120620.488,6090.237,3907.498000000001,1028.08,12192.75,1256.57,64.97999999999999,391.846,987.4,0.0,21347.9,424.09,77.388,486.648,71.1,0.0,363313.0500000001,6511.8,1227.1,1301.5,2810.0,94.269,24.868,20.0,51.7,25.0,0.0,0.0,1697124.6736115,82660.24900000003,78176.0,74.0,2413.7,0.0,0.0,16199.2,18.41,0.38,0.25,94.14,71.23,19.24,26.52,13.81,20.31,2.3,12.71,0,0,0.6416969559214114
La Libertad,2022,Junio,2169.5,23712.309,5818.2,305872.9,3654.8,395.3,61294.96000000001,0.0,1953.6,6500.0,12080.0,2996.6,7223.8,1432.05,4904.7,981.1,11593.6,8891.8,196115.424,7177.937,3985.645,1119.59,12562.55,1420.358,205.369,652.0840000000001,1533.35,0.0,23923.2,471.54,82.298,579.888,170.6,0.0,450024.2500000001,7591.5,2140.8,3494.5,5255.0,129.949,33.247,130.0,1348.3,25.0,0.0,995.9,2090470.141382,99340.339,94421.0,424.0,8840.7,0.0,0.0,17649.2,17.67,0.38,0.08,94.19,72.95,17.82,25.32,12.6,18.52,2.38,12.72,0,0,0.5520034038266302
La Libertad,2022,Julio,26074.85,38991.709,18021.6,308671.4,26722.7,982.4,61294.96000000001,0.0,2458.0,6647.0,12644.0,4413.1,8357.9,4573.35,6137.7,1247.1,15274.1,11328.8,220376.424,7651.047,4093.845,1211.43,14153.85,1531.718,205.369,869.1940000000001,4553.150000000001,0.0,26611.769,490.249,82.298,705.638,393.4,0.0,472051.2500000001,9131.6,3011.7,6376.5,8364.0,180.739,33.247,250.0,2625.7,25.0,3194.75,5397.599999999999,2564577.7486878,116976.839,106949.0,1002.0,13406.3,0.0,0.0,23037.9,18.46,0.38,0.04,94.13,71.02,18.17,25.98,12.95,19.18,2.53,13.03,0,0,0.6045478335258747
La Libertad,2022,Agosto,55384.35,61765.179,22672.95,309348.9,53128.4,1405.1,77898.76000000001,1695.67,2864.65,6647.0,12904.0,5250.0,9092.7,4816.85,6332.7,1305.1,16796.1,11556.3,232376.424,8746.395999999999,4165.775,1386.049999999999,15728.85,1872.018,237.319,1000.374,6426.950000000001,0.0,28915.069,503.779,82.298,727.068,511.2,0.0,481007.2500000001,10275.9,3821.2,7418.5,10151.0,199.689,33.247,330.0,2992.75,25.0,5515.59,9120.1,2970224.520014,132917.788,121684.2,1132.0,14125.7,0.0,0.0,43737.9,19.7,0.38,0.05,94.14,69.29,18.3,26.33,13.26,19.72,2.66,13.07,0,0,0.6458854160284346
La Libertad,2022,Septiembre,71530.05,90947.079,26824.85,309348.9,64243.5,1493.3,77898.76000000001,1695.67,3446.25,6647.0,13164.0,6223.0,9880.7,5056.35,6332.7,1435.6,19781.15,11869.3,250317.624,9821.744,4254.625000000001,1577.84,16208.35,2145.118,237.319,1130.731,9353.45,0.0,31102.769,518.837,82.498,727.068,511.2,0.0,491750.45,12449.4,4536.200000000001,7744.5,11477.0,199.909,33.24699999999999,430.0,3271.25,39.5,6436.54,10838.7,3341069.734407,151902.738,136112.9,1132.0,14541.2,0.0,0.0,81427.55,19.43,0.38,0.18,94.16,68.14,18.28,27.61,13.44,20.06,2.77,14.17,0,0,0.6692317450485705
La Libertad,2022,Octubre,72501.55,99847.679,26848.85,309348.9,64254.0,1493.3,77898.76000000001,12543.27,3720.2,6647.0,13314.0,7243.3,10408.7,5088.35,6332.7,1442.6,21924.15,11917.3,255485.314,10884.094,4255.193000000001,1748.04,17517.85,2478.378,237.319,1249.321,9532.45,0.0,34612.069,526.887,82.498,727.068,650.7,0.0,509230.95,13883.8,4914.650000000001,7744.5,11510.0,199.909,33.24699999999999,635.0,3408.17,81.0,6436.54,10839.35,3841941.344407,173163.908,149488.5,1132.0,14959.0,0.0,0.0,123474.15,22.32,0.38,0.07,94.17,68.87,17.81,26.07,11.68,19.89,2.67,14.39,0,0,0.6348631820885873
La Libertad,2022,Noviembre,72501.55,106130.579,26848.85,309348.9,64254.0,1493.3,111160.01,18661.37,3852.7,6647.0,19104.0,8215.3,11619.2,5110.85,7127.2,1449.6,25482.2,11974.3,260071.714,11967.354,4270.293000000001,1803.76,19089.05,2799.388,263.669,1359.241,9532.45,0.0,43512.069,537.967,82.498,727.068,650.7,0.0,533022.45,15193.0,5123.650000000001,7744.5,11510.0,199.909,33.24699999999999,709.0,3494.57,81.0,6470.440000000001,10839.35,4312518.204407,194985.908,163545.0,1132.0,15373.2,0.0,0.0,146674.15,23.68,0.38,0.05,94.12,73.19,18.73,25.44,13.79,21.09,2.38,11.65,0,0,0.5792515854389444
La Libertad,2022,Diciembre,72000.55,112544.179,26746.35,309348.9,64254.0,1485.9,142957.72,18864.07,3987.65,6650.0,22570.0,9161.3,12556.7,5131.85,7277.2,1468.6,30594.2,12138.3,254961.604,13724.774,4282.493000000001,1849.31,20623.55,3024.188,262.3390000000001,1506.881,9533.85,0.0,50973.17899999999,548.6769999999999,82.498,729.768,650.7,0.0,579999.2,17463.3,5198.45,7744.5,11483.0,199.909,33.247,721.5,3593.520000000001,81.0,6470.440000000001,10839.35,4780793.3406424,216182.048,178491.0,1132.0,15790.7,0.0,0.0,158254.35,20.74,0.38,0.15,94.08,79.87,19.66,26.51,15.09,21.77,2.34,11.42,0,0,0.4608648980855099
Piura,2022,Enero,0.0,11700.0,0.0,41435.0,0.0,0.0,0.0,0.0,0.0,180.0,450.0,12.0,0.0,0.0,0.0,68.0,320.0,300.0,6.0,36492.0,147772.0,447.0,0.0,0.0,21677.0,60.0,0.0,0.0,21600.0,0.0,0.0,0.0,0.0,0.0,700.0,16.0,1600.0,0.0,0.0,0.0,0.0,0.0,0.0,0.0,0.0,0.0,20063.514,175.0,0.0,0.0,0.0,108.0,0.0,738.0,15.4,0.53,0.97,91.5,62.34,23.58,35.26,16.43,25.87,2.08,18.83,0,1,1.095688297746682
Piura,2022,Febrero,0.0,12906.0,0.0,52495.0,0.0,0.0,0.0,0.0,0.0,480.0,1150.0,12.0,0.0,56.0,0.0,68.0,720.0,480.0,888.0,74129.0,177844.0,611.0,0.0,56.0,42695.0,260.0,0.0,0.0,23800.0,0.0,0.0,0.0,0.0,0.0,2686.0,28.0,1610.0,0.0,0.0,0.0,0.0,110.0,0.0,0.0,0.0,0.0,46106.082,681.0,0.0,0.0,0.0,108.0,0.0,888.0,14.14,0.54,1.42,91.48,65.32,22.96,34.22,16.95,24.8,1.94,17.27,0,1,0.9719264089605169
Piura,2022,Abril,0.0,11881.0,216.0,52435.0,0.0,0.0,0.0,0.0,0.0,1170.0,2500.0,280.0,0.0,117.0,28.0,0.0,800.0,590.0,2855.0,135324.0,188328.0,1149.0,0.0,249.0,42695.0,842.0,0.0,0.0,25400.0,0.0,0.0,0.0,0.0,0.0,3685.0,1144.0,1248.0,0.0,0.0,39.0,291.0,146.0,0.0,0.0,59.0,122.0,59337.342,1920.0,0.0,0.0,0.0,0.0,0.0,982.0,15.14,0.56,1.75,91.44,68.36,23.3,34.06,16.98,24.55,1.38,17.08,0,1,0.905134166801699
Piura,2022,Mayo,235.0,12691.0,615.0,55922.0,0.0,0.0,0.0,0.0,0.0,1550.0,3150.0,406.0,0.0,121.0,119.0,0.0,960.0,650.0,3123.0,174818.0,200934.0,1624.0,0.0,278.0,42695.0,1045.0,0.0,0.0,25900.0,0.0,0.0,0.0,0.0,0.0,4461.0,2177.0,1270.0,183.0,217.0,257.0,524.0,146.0,0.0,0.0,59.0,177.0,90483.454,2338.0,0.0,0.0,0.0,558.0,0.0,1002.0,15.27,0.53,0.47,91.52,57.88,24.13,35.58,16.52,25.63,1.39,19.06,0,1,1.266624867045478
Piura,2022,Junio,1119.0,38225.0,2099.0,231530.0,36.0,0.0,0.0,0.0,0.0,2500.0,3790.0,573.0,0.0,121.0,119.0,0.0,960.0,600.0,3600.0,220760.0,188336.0,1942.0,0.0,354.0,117412.0,1305.0,0.0,0.0,27100.0,0.0,0.0,0.0,0.0,0.0,5627.0,1883.0,1303.0,538.0,620.0,1205.0,773.0,146.0,518.0,0.0,59.0,329.0,117859.659,2587.0,0.0,0.0,0.0,0.0,0.0,1002.0,15.75,0.53,1.08,91.55,58.98,22.82,34.11,15.29,24.18,1.37,18.82,0,1,1.139906756341784
Piura,2022,Julio,1979.0,43229.0,5519.0,370129.0,135.0,0.0,0.0,0.0,0.0,4382.0,4780.0,573.0,0.0,171.0,119.0,22.0,960.0,840.0,4353.0,256335.0,188644.0,2151.0,0.0,403.0,117412.0,1538.0,0.0,0.0,28900.0,0.0,0.0,0.0,0.0,0.0,7247.0,2595.0,2238.5,1008.0,895.0,2332.0,1080.0,146.0,1308.0,0.0,180.0,1299.5,165751.509,3009.0,0.0,0.0,0.0,10.0,0.0,1162.0,14.78,0.53,0.81,91.52,57.49,23.35,35.11,15.47,24.94,1.35,19.64,0,1,1.219769339332635
Piura,2022,Agosto,4331.0,44569.0,7038.0,377729.0,249.0,0.0,0.0,0.0,0.0,6382.0,6080.0,623.0,0.0,193.0,119.0,22.0,1705.0,900.0,4674.0,285335.0,189344.0,2314.0,0.0,455.0,142261.8,1756.0,0.0,0.0,31050.0,0.0,0.0,0.0,0.0,0.0,9984.0,2673.0,3264.5,1068.0,943.0,3002.0,1235.0,2346.0,2123.0,0.0,245.0,2201.5,202867.287,3450.0,0.0,0.0,0.0,56.0,0.0,2642.0,15.99,0.52,0.53,91.5,52.76,23.95,36.14,15.77,25.93,1.43,20.37,0,1,1.405331766788865
Piura,2022,Septiembre,11120.0,58907.0,13465.0,378354.0,305.0,0.0,0.0,0.0,0.0,9682.0,7380.0,1318.0,0.0,265.0,119.0,23.0,2928.0,1020.0,4865.0,314953.0,191195.0,2982.0,0.0,549.0,142261.8,1912.0,0.0,0.0,34050.0,0.0,0.0,0.0,0.0,0.0,12953.0,5607.0,6380.5,1369.0,1030.0,4412.0,1902.0,2469.0,3721.0,0.0,297.0,6303.0,214930.186,4101.0,0.0,0.0,0.0,2286.0,0.0,4642.0,18.35,0.52,0.26,91.53,51.63,24.13,36.48,16.81,26.44,1.75,19.67,0,1,1.454573713651229
Piura,2022,Octubre,11120.0,68194.0,13779.0,378354.0,305.0,0.0,0.0,0.0,0.0,14284.0,9380.0,1337.0,0.0,418.0,119.0,71.0,3828.0,1770.0,4967.0,341268.0,203171.0,3239.0,0.0,573.0,142261.8,2029.0,0.0,0.0,80129.0,0.0,0.0,0.0,0.0,0.0,14552.0,6825.0,10880.5,1369.0,1030.0,4592.0,1977.0,2618.0,3901.0,0.0,297.0,6537.0,235362.674,4587.0,0.0,0.0,0.0,5663.0,0.0,6349.0,19.12,0.51,0.48,91.53,50.41,23.91,37.24,15.14,26.43,1.97,22.1,0,1,1.471701840463138
Piura,2022,Noviembre,11120.0,68587.0,13989.0,380114.0,305.0,0.0,0.0,0.0,0.0,16184.0,11680.0,1622.0,0.0,644.0,1421.0,263.0,4302.0,2155.0,5133.0,372789.0,226871.0,3505.0,0.0,624.0,183289.5,2181.0,0.0,0.0,167911.0,0.0,0.0,0.0,0.0,0.0,15402.0,7749.0,11925.5,1369.0,1030.0,4909.0,2055.0,2642.0,3976.0,0.0,307.0,6541.0,262482.02,5130.0,0.0,0.0,0.0,14401.0,0.0,7449.0,19.49,0.51,0.36,91.51,51.98,23.97,35.14,15.69,26.57,2.02,19.45,0,1,1.430252235430354
Piura,2022,Diciembre,11125.0,108709.0,14269.0,482421.0,305.0,0.0,0.0,0.0,0.0,17124.0,11680.0,2666.0,0.0,859.0,521.0,275.0,5028.0,2314.0,5292.0,415185.0,354371.0,3674.0,0.0,646.0,204139.5,2037.0,0.0,0.0,266402.2785333333,0.0,0.0,0.0,0.0,0.0,16601.0,8505.0,12781.5,1369.0,1030.0,5216.0,2166.0,2909.0,4084.0,0.0,312.0,6592.0,301426.357,5585.0,0.0,0.0,0.0,12943.0,0.0,8144.0,16.4,0.52,0.72,91.47,61.28,23.37,34.19,15.75,25.78,2.18,18.44,0,1,1.112361284423028
Puno,2022,Enero,0.0,0.0,0.0,0.0,0.0,0.0,0.0,0.0,0.0,0.0,0.0,0.0,0.0,0.0,0.0,0.0,0.0,0.0,618.5,967.1,0.0,384.2000000000001,108.8,66.7,0.0,0.0,0.0,0.0,0.0,0.0,0.0,0.0,0.0,0.0,0.0,0.0,0.0,0.0,0.0,0.0,0.0,0.0,0.0,0.0,0.0,0.0,0.0,38386.0,0.0,0.0,0.0,0.0,0.0,0.0,22.17,0.51,3.21,63.72,73.62,9.71,18.42,3.31,14.47,3.89,15.11,0,0,0.3176846010727474
Puno,2022,Febrero,0.0,0.0,0.0,0.0,0.0,0.0,0.0,0.0,0.0,0.0,0.0,0.0,0.0,0.0,0.0,0.0,0.0,0.0,1223.8,1814.4,0.0,801.9000000000001,108.8,154.0,0.0,0.0,0.0,0.0,0.0,0.0,0.0,0.0,0.0,0.0,14671.0,0.0,0.0,0.0,0.0,0.0,0.0,0.0,0.0,0.0,0.0,0.0,0.0,187079.0,0.0,0.0,0.0,0.0,0.0,0.0,22.66,0.55,4.24,63.73,76.05,9.37,16.7,3.73,13.97,3.91,12.97,0,0,0.2819000916546078
Puno,2022,Abril,971.5799999999996,2780.4,3920.3,83.1,14136.34,30955.30000000001,0.0,0.0,0.0,0.0,0.0,0.0,879.5999999999999,0.0,91.2,48.6,4730.7,0.0,2065.4,3884.2,0.0,1598.7,108.8,349.9,0.0,105.0,105.0,0.0,0.0,0.0,81.69999999999999,0.0,0.0,0.0,579325.1,3007.3,1201.8,19144.98000000001,11940.85000000001,130.0,5.0,0.0,415.8,0.0,9999.56,778.37,0.0,1239859.2,0.0,219474.4,1426730.3,0.0,6.0,0.0,22.72,0.55,1.5,63.81,65.08,9.97,17.45,3.64,13.66,2.77,13.81,0,0,0.4279292654445719
Puno,2022,Mayo,1685.389,4093.5,6217.0,83.1,27163.34,44790.2,0.0,0.0,0.0,0.0,0.0,0.0,928.6,0.0,139.5,180.1,6051.2,0.0,2065.4,4976.4,0.0,2019.4,108.8,444.3,0.0,6730.1,1619.0,0.0,0.0,0.0,200.2,0.0,0.0,0.0,931954.0,19209.3,2438.1,30554.38000000001,20104.85000000001,1764.9,80.9,0.0,415.8,0.0,9999.56,1050.82,0.0,1642306.6,0.0,362074.1,2424023.3,0.0,14.0,0.0,21.87,0.5,0.21,63.84,56.42,8.81,16.31,1.55,11.63,2.48,14.76,1,0,0.4939227782076779
Puno,2022,Junio,1689.089,4114.4,6259.000000000002,88.5,28511.94000000001,44801.50000000001,0.0,0.0,0.0,0.0,0.0,0.0,928.6,0.0,139.5,180.1,6066.5,0.0,2188.4,5954.299999999999,0.0,2435.8,108.8,535.0,38.8,15249.9,3689.0,0.0,0.0,0.0,319.2,0.0,0.0,0.0,963560.1,31332.3,2438.1,30589.58,20104.85,5488.1,299.1,0.0,648.2,0.0,9999.56,1050.82,0.0,1776088.1,0.0,379619.1,2956914.9,0.0,21.1,0.0,19.92,0.46,0.09,63.8,57.54,7.17,14.78,0.48,9.23,2.71,14.3,1,0,0.4303662739911505
Puno,2022,Julio,1689.089,4114.4,6259.000000000002,88.5,28511.94000000001,44801.50000000001,0.0,0.0,0.0,0.0,0.0,0.0,928.6,0.0,139.5,180.1,6066.5,0.0,2188.4,6898.799999999999,0.0,2841.0,108.8,618.6,38.8,22547.0,6164.9,0.0,0.0,0.0,386.5,0.0,0.0,0.0,963560.1,37697.3,2438.1,30589.58,20104.85,7154.8,567.6,0.0,648.2,0.0,12448.16,1050.82,0.0,1776088.1,0.0,379619.1,2956914.9,0.0,22.1,0.0,20.2,0.43,0.09,63.87,62.41,8.42,16.07,1.49,10.81,2.82,14.58,1,0,0.4149216299665139
Puno,2022,Agosto,1689.089,4114.4,6259.000000000002,88.5,28511.94000000001,44801.50000000001,0.0,0.0,0.0,0.0,0.0,0.0,928.6,0.0,139.5,180.1,6066.5,0.0,2188.4,7872.9,0.0,3263.0,108.8,695.6,56.99999999999999,27689.4,7880.7,0.0,0.0,0.0,433.5,0.0,0.0,0.0,963560.1,37697.3,2438.1,30589.58,20104.85,7922.1,702.0,0.0,648.2,0.0,12448.16,1050.82,0.0,1776088.1,0.0,379619.1,2956914.9,0.0,22.1,0.0,23.09,0.4,0.11,63.83,55.01,8.08,16.32,0.24,11.29,2.89,16.08,1,0,0.4852588254964258
Puno,2022,Septiembre,1689.088999999999,4114.4,6259.0,88.5,28511.94000000001,44801.50000000001,0.0,0.0,0.0,0.0,0.0,0.0,928.6,0.0,139.5,180.1,6066.5,0.0,2188.4,8842.9,0.0,3680.0,1277.8,768.5,56.99999999999999,27693.4,7880.7,0.0,0.0,0.0,441.7,0.0,0.0,0.0,963560.1,37697.3,2438.1,30589.58000000001,20104.85000000001,7924.500000000001,726.0,0.0,648.2,0.0,12448.16,1050.82,0.0,1776088.1,0.0,379619.1,2956914.9,0.0,22.1,0.0,26.54,0.39,1.11,63.78,51.76,9.84,17.52,3.13,13.64,2.95,14.39,0,0,0.5860286585278408
Puno,2022,Octubre,1689.088999999999,4114.4,6259.0,88.5,28511.94000000001,44801.50000000001,0.0,0.0,0.0,0.0,0.0,0.0,928.6,0.0,139.5,180.1,6066.5,0.0,2188.4,10232.9,0.0,4118.0,5387.8,839.5,56.99999999999999,27693.4,7880.7,0.0,0.0,0.0,441.7,0.0,0.0,0.0,963560.1,37697.3,2438.1,30589.58000000001,20104.85000000001,7924.500000000001,726.0,0.0,648.2,0.0,12448.16,1050.82,0.0,1776088.1,0.0,379619.1,2956914.9,0.0,22.1,0.0,29.31,0.37,0.39,63.75,51.89,10.55,19.14,2.71,15.55,2.95,16.43,0,0,0.6128821683486982
Puno,2022,Noviembre,1689.088999999999,4114.4,6259.0,88.5,28511.94000000001,44801.50000000001,0.0,0.0,0.0,0.0,0.0,0.0,928.6,0.0,139.5,180.1,6066.5,0.0,2279.4,11243.9,0.0,4549.2,11736.8,847.4,56.99999999999999,27693.4,7880.7,0.0,0.0,0.0,441.7,0.0,0.0,0.0,973045.1,37697.3,2438.1,30589.58000000001,20104.85000000001,7924.500000000001,726.0,0.0,648.2,0.0,12448.16,1050.82,0.0,1776088.1,0.0,379619.1,2956914.9,0.0,22.1,0.0,28.5,0.35,0.28,63.76,54.89,10.54,19.31,3.14,16.11,3.57,16.17,0,0,0.5742813495588427
Puno,2022,Diciembre,1689.089,4114.4,6259.0,88.5,28844.94000000001,45188.00000000001,0.0,0.0,0.0,0.0,0.0,0.0,928.6,0.0,139.5,180.1,6066.500000000001,0.0,2470.4,11988.9,0.0,4975.2,23004.8,1004.2,56.99999999999999,27693.4,7880.7,0.0,0.0,0.0,441.7,0.0,0.0,0.0,999026.85,37697.3,2438.1,30662.18000000001,20353.85,7924.500000000001,726.0,0.0,648.2,0.0,12452.76,1050.82,0.0,1882087.9,0.0,387214.1,2979982.9,0.0,22.1,0.0,24.43,0.37,2.12,63.67,64.78,10.05,20.82,3.24,15.18,3.64,17.58,0,0,0.4339254219249209
San Martin,2022,Enero,0.0,45611.0,0.0,60032.15,0.0,0.0,0.0,0.0,48.0,0.0,0.0,119.0,0.0,0.0,0.0,0.0,0.0,0.0,52.5,37332.0,99.0,2450.0,1198.5,0.0,354.0,4521.5,24.0,0.0,66.5,0.0,0.0,0.0,0.0,48260.25,0.0,9108.6,0.0,0.0,0.0,1671.5,4779.6,0.0,180.279,0.0,0.0,0.0,0.0,0.0,0.0,0.0,0.0,0.0,0.0,0.0,18.26,0.53,0.58,90.19,61.8,24.72,33.72,17.71,24.7,0.01,16.01,0,1,1.190016031346741
San Martin,2022,Febrero,0.0,65459.0,0.0,129520.65,0.0,0.0,0.0,0.0,48.0,0.0,0.0,218.5,0.0,0.0,0.0,0.0,0.0,0.0,96.5,78004.0,306.0,4236.0,2685.0,0.0,809.4,9305.0,70.0,0.0,153.0,0.0,0.0,0.0,0.0,88612.73999999999,0.0,17312.2,0.0,0.0,0.0,6140.5,9989.7,0.0,237.869,0.0,0.0,0.0,0.0,0.0,0.0,0.0,0.0,0.0,0.0,0.0,14.5,0.54,2.1,90.21,70.95,23.54,31.36,17.83,23.52,0.02,13.53,0,0,0.8431534726314229
San Martin,2022,Abril,0.0,69113.0,0.0,282264.623,0.0,0.0,0.0,0.0,104.0,0.0,0.0,668.7,0.0,0.0,0.0,0.0,0.0,0.0,173.0,154876.0,345.0,7747.0,5602.5,0.0,809.4,21839.0,225.5,0.0,315.5,0.0,0.0,0.0,0.0,159671.7,0.0,36170.7,0.0,0.0,0.0,32638.6,20974.7,0.0,694.85,0.0,0.0,0.0,0.0,0.0,0.0,0.0,0.0,0.0,0.0,0.0,14.18,0.61,4.79,90.33,84.0,21.76,29.1,17.14,21.64,0.06,11.96,0,0,0.4168665032531411
San Martin,2022,Mayo,0.0,76238.7,0.0,368435.583,0.0,0.0,0.0,0.0,119.0,0.0,0.0,931.569,0.0,0.0,0.0,0.0,0.0,0.0,194.0,190815.0,345.0,9700.0,6013.5,0.0,809.4,30603.0,346.0,0.0,459.0,0.0,0.0,0.0,0.0,195247.25,0.0,45010.65,0.0,0.0,0.0,47840.1,27748.6,0.0,694.85,0.0,0.0,0.0,0.0,0.0,0.0,0.0,0.0,0.0,0.0,0.0,14.47,0.59,1.98,90.49,80.09,21.94,29.7,16.24,21.82,0.06,13.46,0,0,0.5244674790896013
San Martin,2022,Junio,0.0,110216.0,0.0,457521.393,0.0,0.0,0.0,0.0,159.0,0.0,0.0,1136.969,0.0,0.0,0.0,0.0,0.0,0.0,200.0,234158.0,345.0,13211.0,8540.5,0.0,3190.2,39236.0,401.0,0.0,624.0,0.0,0.0,0.0,0.0,229114.79,0.0,53171.59999999999,0.0,0.0,0.0,61597.7,35090.1,0.0,877.5299999999999,0.0,0.0,0.0,0.0,0.0,0.0,0.0,0.0,0.0,0.0,0.0,15.91,0.59,2.17,90.5,78.21,21.0,28.63,14.26,20.8,0.08,14.37,0,0,0.5419007315182334
San Martin,2022,Julio,0.0,137515.9,0.0,529865.893,0.0,0.0,0.0,0.0,212.0,0.0,0.0,1315.569,0.0,0.0,0.0,0.0,0.0,0.0,207.0,268406.5,345.0,15919.0,9924.7,0.0,3190.2,54913.0,458.0,0.0,685.0,0.0,0.0,0.0,0.0,267515.48,0.0,61090.29999999999,0.0,0.0,0.0,67156.2,39782.4,0.0,1080.09,0.0,0.0,0.0,0.0,0.0,0.0,0.0,0.0,7.0,0.0,0.0,16.81,0.56,0.53,90.48,72.55,22.67,30.08,16.33,22.53,0.06,13.75,0,0,0.7559065309077655
San Martin,2022,Agosto,0.0,144727.2,0.0,599413.2930000001,0.0,0.0,0.0,0.0,281.0,0.0,0.0,1490.069,0.0,0.0,0.0,0.0,0.0,0.0,232.0,304474.5,345.0,18478.0,11450.7,0.0,3666.5,68723.0,476.5,0.0,745.5,0.0,0.0,0.0,0.0,315439.09,0.0,67313.29999999999,0.0,0.0,0.0,69281.7,44904.1,0.0,1467.03,0.0,0.0,0.0,0.0,0.0,0.0,0.0,0.0,160.0,0.0,0.0,17.9,0.54,0.83,90.48,63.89,23.15,32.35,14.23,22.94,0.08,18.12,0,1,1.023695003793009
San Martin,2022,Septiembre,0.0,149210.3,0.0,660309.683,0.0,0.0,0.0,0.0,381.0,0.0,0.0,1745.369,7.699999999999999,0.0,0.0,0.0,0.0,0.0,263.0,343855.5,383.0,20627.0,13037.7,0.0,3666.5,71023.0,484.5,0.0,826.0,0.0,0.0,0.0,0.0,362516.69,0.0,76963.4,0.0,0.0,0.0,69536.2,49065.8,0.0,2594.908,0.0,0.0,0.0,0.0,0.0,0.0,0.0,0.0,486.0,0.0,0.0,18.54,0.53,0.92,90.37,60.76,24.63,33.29,17.27,24.48,0.07,16.02,0,1,1.215862509467265
San Martin,2022,Octubre,0.0,150507.3,0.0,723819.683,0.0,0.0,0.0,0.0,381.0,0.0,0.0,2036.369,7.699999999999999,0.0,0.0,0.0,0.0,0.0,360.0,378963.5,488.0,22715.0,14542.7,0.0,3666.5,72969.8,496.5,0.0,968.0,0.0,0.0,0.0,0.0,426056.95,0.0,85602.4,0.0,0.0,0.0,69851.7,53581.99999999999,0.0,2899.958,0.0,0.0,0.0,0.0,0.0,0.0,0.0,0.0,579.0,0.0,0.0,18.34,0.56,2.18,90.28,71.02,23.69,32.64,16.94,23.61,0.04,15.7,0,1,0.848751424574532
San Martin,2022,Noviembre,0.0,152479.3,0.0,806844.683,0.0,0.0,0.0,0.0,381.0,0.0,0.0,2312.369,7.699999999999999,0.0,0.0,0.0,0.0,0.0,508.0,416199.5,881.0,24469.0,15915.2,0.0,4622.900000000001,79064.7,508.5,0.0,1311.0,0.0,0.0,0.0,0.0,491769.9899999999,0.0,96516.3,0.0,0.0,0.0,70150.7,59059.59999999999,0.0,3093.556,0.0,0.0,0.0,0.0,0.0,0.0,0.0,0.0,579.0,0.0,0.0,18.18,0.56,2.33,90.24,69.35,23.65,32.02,15.35,23.55,0.04,16.67,0,1,0.8955034934932162
San Martin,2022,Diciembre,0.0,157856.8,0.0,877587.6880000001,0.0,0.0,0.0,0.0,381.0,0.0,0.0,2588.869,7.699999999999999,0.0,0.0,0.0,0.0,0.0,614.0,457077.5,1495.0,25986.0,17819.2,0.0,4822.900000000001,87746.7,534.5,0.0,1361.0,0.0,0.0,0.0,0.0,582284.2899999999,0.0,106729.8,0.0,0.0,0.0,69950.2,64873.89999999999,0.0,3165.556,0.0,0.0,0.0,0.0,0.0,0.0,0.0,0.0,741.5,0.0,0.0,18.47,0.55,0.88,90.18,67.82,23.6,33.41,16.9,23.57,0.02,16.51,0,1,0.9373801069841554
Ica,2023,Enero,0.0,7039.38,0.0,0.0,0.0,0.0,10243.0,0.0,655.5,0.0,0.0,11794.0,783.8,17.15,0.0,0.0,1754.8,28.59,40.2,220.75,1009.17,15.2,0.0,15.98,0.0,0.0,0.0,0.0,166898.2,0.0,0.0,281.34,0.0,0.0,120.5,376.0,2112.84,0.0,0.0,0.0,0.0,463.53,10.0,71.07,0.0,0.0,0.0,10787.36,0.0,0.0,0.0,1343.09,0.0,1040.0,24.09,0.33,0.31,95.82,77.62,21.16,25.44,17.06,22.79,2.67,8.380000000000003,0,0,0.5620670867079278
Ica,2023,Febrero,0.0,16743.74,38.4,0.0,0.0,5.5,21294.7,0.0,1531.3,0.0,0.0,20804.03,2682.6,29.55,0.0,0.0,2120.38,47.09,2040.2,447.37,4522.67,70.1,0.0,15.98,65.7,0.0,0.0,0.0,274898.2,167.5,425.3,644.11,0.0,0.0,307.05,786.0,7208.44,0.0,0.0,0.0,0.0,551.0500000000001,11.38,101.07,0.0,0.0,0.0,21608.37,0.0,0.0,0.0,2644.68,0.0,1490.0,23.42,0.33,0.41,95.7,79.95,22.44,27.3,19.28,23.9,2.54,8.02,0,0,0.5444748045442354
Ica,2023,Marzo,0.0,25134.3,108.8,0.0,4.76,5.5,38150.7,0.0,2220.07,0.0,0.0,23310.63,4297.23,54.3,0.0,0.0,3728.78,47.09,13244.58,686.22,6960.67,114.3,0.0,15.98,224.6,0.0,13500.0,0.0,323320.57,524.7,530.4,761.9999999999999,2436.65,0.0,564.29,911.0,8769.98,0.0,6.19,0.0,0.0,1113.0,11.38,105.57,0.0,0.0,0.0,31636.94,0.0,0.0,0.0,5610.27,0.0,1570.0,21.69,0.33,0.22,95.78,79.26,22.82,28.21,19.77,24.35,2.54,8.440000000000001,0,0,0.5763448592522815
Ica,2023,Abril,17.49,43094.7,152.61,0.0,49.53,13.09,47730.5,0.0,2736.07,0.0,0.0,25391.63,4835.03,69.96,0.0,0.0,9013.78,47.09,37311.38,918.32,7018.03,135.68,0.0,15.98,224.6,0.0,46100.7,0.0,331320.57,925.45,548.15,761.9999999999999,5405.75,0.0,564.29,1211.1,9719.14,0.0,15.55,0.0,0.0,1728.38,11.38,105.57,0.0,0.0,0.0,40647.31,0.0,0.0,0.0,11057.26,0.0,1660.0,21.03,0.33,0.06,95.73,77.3,22.69,28.74,18.48,24.21,3.46,10.26,0,0,0.6258615320895213
Ica,2023,Mayo,39.92,75881.54,178.46,0.0,112.52,15.44,56325.65,0.0,3096.07,0.0,156.0,27892.63,5925.299999999999,130.52,0.0,0.0,14127.13,47.09,74870.7,1147.02,7018.03,184.57,0.0,15.98,224.6,373.1,86796.9,0.0,331320.57,1224.6,548.15,761.9999999999999,5405.75,0.0,600.7199999999999,2226.55,11256.77,0.0,15.55,0.0,0.0,2358.88,11.38,105.57,0.0,0.0,0.0,49910.25000000001,0.0,0.0,0.0,16348.58,0.0,1810.0,13.64,0.33,0.05,95.82,71.65,21.03,27.01,17.01,22.07,3.46,10.0,0,0,0.7063431963223341
Ica,2023,Junio,64.39,99848.97,187.89,0.0,155.8,24.28,63674.88,0.0,3880.37,0.0,211.0,38718.03,7801.099999999999,177.19,0.0,0.0,24806.07,173.07,99102.37,1356.67,7018.03,205.97,0.0,15.98,224.6,2349.17,128772.1,1026.45,334316.95,1234.16,548.15,762.0,5405.75,0.0,899.1399999999999,3641.76,13923.6,0.0,15.55,0.0,0.0,2713.1,14.03,105.57,0.0,0.0,0.0,58130.64,0.0,0.0,0.0,19806.77,0.0,1985.8,11.79,0.33,0.0,95.86,69.87,19.97,26.56,15.55,20.72,3.26,11.01,0,0,0.7031938215191353
Ica,2023,Julio,64.39,124030.26,187.89,0.0,155.8,24.28,73709.68000000001,731.0,4059.37,0.0,273.0,43166.23,10828.0,213.75,0.0,0.0,30992.67,686.51,111807.92,1573.53,7018.03,235.39,0.0,15.98,224.6,17669.87,176189.67,17340.0,334316.95,1235.87,548.15,762.0,5413.85,0.0,30925.36,4969.5,18602.85,0.0,15.55,0.0,0.0,3041.6,22.48,105.57,0.0,0.0,0.0,66102.81,0.0,0.0,0.0,20650.47,0.0,2555.5,11.85,0.32,0.0,95.89,71.6,19.51,25.51,15.25,20.54,3.47,10.26,0,0,0.6441730440520226
Ica,2023,Agosto,64.39,147315.83,199.99,0.0,182.8,24.28,88703.28000000001,14593.0,4200.37,0.0,273.0,46205.73,20564.2,240.65,0.0,0.0,35422.18,1503.51,119175.67,1781.83,7018.03,297.79,0.0,15.98,224.6,25715.1,203621.03,22998.4,334316.95,1342.62,548.15,762.0,5413.85,0.0,92070.65,5564.85,21920.15,0.0,15.55,0.0,0.0,3240.25,85.11,356.42,0.0,0.0,0.0,73668.03,0.0,0.0,0.0,20650.47,0.0,5055.5,14.39,0.32,0.01,95.89,70.11,19.57,25.62,14.89,20.97,3.41,10.73,0,0,0.680501284032724
Ica,2023,Septiembre,64.39,160704.94,199.99,0.0,182.8,24.28,119526.26,26684.0,6654.57,0.0,273.0,49649.53,25886.4,272.24,0.0,8.5,49937.83,2064.67,122176.17,1997.68,7018.03,390.75,0.0,15.98,224.6,29408.9,217237.53,24503.75,334316.95,1342.62,548.15,762.0,5414.300000000001,0.0,121231.14,6430.650000000001,26622.35,0.0,15.55,0.0,0.0,3722.480000000001,170.44,1354.1,0.0,0.0,0.0,81347.12000000001,0.0,0.0,0.0,20650.47,0.0,11055.5,18.27,0.32,0.05,95.82,70.11,19.56,25.59,15.2,21.16,3.64,10.39,0,0,0.6800787377437194
Ica,2023,Octubre,66.27,171018.8,199.99,0.0,187.64,24.28,144872.16,31740.0,6815.57,0.0,273.0,59539.39,29046.97,277.14,0.0,8.5,58408.49000000001,2259.67,122176.17,2221.76,7018.03,463.41,0.0,15.98,224.6,29565.2,221246.53,24503.75,339716.95,1342.62,552.8,762.0,5414.300000000001,0.0,131659.99,7809.050000000001,28444.55,0.0,15.55,0.0,0.0,4117.6,474.35,2325.77,0.0,0.0,0.0,89310.38,0.0,0.0,0.0,20679.94,0.0,19355.5,21.24,0.32,0.05,95.86,73.91,19.85,25.55,15.54,21.66,3.53,10.01,0,0,0.6043960933654802
Ica,2023,Noviembre,66.27,180614.75,199.99,0.0,187.64,24.28,160691.16,43657.0,7015.57,0.0,316.0,72930.64,31004.96,277.14,0.0,8.5,71878.22,2259.67,122176.17,2452.72,7018.03,463.41,0.0,15.98,224.6,29565.2,221246.53,24503.75,386716.95,1342.62,552.8,762.0,5414.300000000001,0.0,132996.1,7949.050000000001,28846.7,0.0,15.55,0.0,0.0,4567.6,478.4,2970.9,0.0,0.0,0.0,96019.3,0.0,0.0,0.0,20788.93,0.0,24355.5,23.18,0.32,0.09,95.78,70.76,20.21,25.98,15.34,22.05,3.49,10.64,0,0,0.6926294391721199
Junin,2023,Enero,0.0,2704.0,0.0,31.8,0.0,0.0,0.0,312.0,135.6,0.0,0.0,0.0,394.7,4226.1,2047.7,50.0,264.5,2783.5,8098.599999999999,19369.5,557.8,1315.7,42872.3,660.9000000000001,231.25,21451.5,941.24,2894.099999999999,0.0,0.7,0.0,10.9,0.0,0.0,26691.3,11431.5,0.0,0.0,15.8,0.0,535.464,0.0,292.3,0.0,0.0,0.0,0.0,12645.35,0.0,911.2,1421.1,0.0,6.18,0.0,15.17,0.61,2.3,90.94,74.73,23.77,31.94,17.03,23.71,0.25,14.91,0,0,0.7436645424844284
Junin,2023,Febrero,0.0,6519.5,10.0,76.8,0.0,0.0,0.0,714.6999999999999,317.8,0.0,0.0,23.6,796.7,9159.9,5285.299999999999,108.0,621.5999999999999,12782.6,14641.6,38271.1,886.4,2588.0,86784.70000000001,1337.9,537.9200000000001,43189.20000000001,2538.67,7962.26,0.0,34.9,80.1,53.4,0.0,0.0,58838.8,20594.0,0.0,0.0,255.7,3425.114,1507.954,0.0,612.9,0.0,0.0,0.0,0.0,25909.55,0.0,1734.0,4720.4,0.0,12.94,0.0,14.67,0.66,3.58,90.97,79.31,23.37,31.39,16.85,23.19,0.24,14.54,0,0,0.5943893330245982
Junin,2023,Marzo,0.0,11070.2,86.0,145.3,0.0,0.0,0.0,1200.6,561.0,0.0,0.0,49.6,1471.2,13989.0,10070.4,144.0,969.1,33736.60000000001,21092.25,57098.65,886.4000000000001,3790.9,128153.9,2048.8,950.52,69780.5,5476.98,14068.95,0.0,79.8,201.7,119.1,0.0,0.0,99766.40000000002,28020.0,0.0,0.0,1450.0,9944.844,4504.429,0.0,1068.2,0.0,0.0,0.0,0.0,40043.25000000001,0.0,2976.0,17552.2,0.0,19.76,0.0,15.43,0.64,1.4,91.0,77.08,23.79,32.98,18.58,23.68,0.23,14.4,0,1,0.675318536851
Junin,2023,Abril,0.0,13541.0,370.4,240.5,0.0,0.0,0.0,1670.4,668.9,0.0,0.0,62.1,2058.7,18841.60000000001,14422.7,185.2,1113.9,76699.6,25965.45,74924.04999999999,886.4000000000001,4941.3,167141.65,2818.75,950.52,94339.6,11593.48,20539.3,0.0,113.6,303.8,157.9,0.0,0.0,153802.0,36182.3,0.0,14.0,4676.900000000001,22686.212,8491.298999999999,0.0,1377.4,0.0,0.0,0.0,0.0,53730.15000000001,0.0,4491.4,46174.4,0.0,26.55,0.0,15.17,0.61,0.95,90.99,70.53,24.64,33.47,18.59,24.49,0.24,14.88,0,1,0.9136818858424265
Junin,2023,Mayo,2.0,15209.5,2327.3,324.8,97.3,41.8,0.0,2111.8,725.4,0.0,0.0,62.1,2583.8,21667.10000000001,18785.1,774.3,1213.5,98637.4,29876.6,93268.25,886.4000000000001,6016.15,204648.65,3540.950000000001,950.52,121071.0,20919.08,26198.3,0.0,121.5,332.1,157.9,0.0,0.0,266489.5000000001,44755.7,0.0,620.4,10513.4,38030.291,13010.919,0.0,1558.4,0.0,652.5999999999999,348.5,0.0,67008.15000000001,0.0,7848.5,79469.2,0.0,33.38999999999999,0.0,13.89,0.58,0.6,91.16,64.94,25.02,33.4,16.59,24.94,0.23,16.81,0,1,1.111910237838766
Junin,2023,Junio,1740.0,15606.1,9407.250000000002,423.8,6591.3,2097.67,0.0,2351.0,759.8,0.0,0.0,62.1,2760.7,23015.4,21303.5,2489.6,1251.0,98793.4,31766.25,111603.66,886.4000000000001,7048.9,240510.5,4323.45,950.52,154436.05,33207.68,31325.6,0.0,124.5,332.1,157.9,0.0,0.0,347371.6,51844.60000000001,0.0,3324.8,16847.7,52595.229,18271.969,0.0,2071.1,0.0,2343.76,926.6000000000004,0.0,79343.36,0.0,12916.5,100636.5,0.0,40.21000000000001,0.0,15.59,0.57,0.01,91.26,55.74,24.89,33.35,14.1,24.57,0.32,19.25,0,1,1.392852463434064
Junin,2023,Julio,4836.599999999999,15822.3,11384.73,451.1,16473.4,4876.77,0.0,2560.7,759.8,0.0,0.0,62.1,2818.7,24095.3,23104.5,3955.2,1288.1,98830.4,34092.04,129341.52,886.4000000000001,7998.5,274250.0,4801.65,950.52,188551.25,44738.18,34800.7,0.0,124.5,332.1,157.9,0.0,0.0,390352.2,58971.40000000001,0.0,4098.3,18018.8,61545.939,23348.129,0.0,2717.9,0.0,2716.26,988.6000000000004,0.0,90154.41,0.0,14673.5,106594.2,0.0,69.86000000000001,0.0,15.01,0.56,0.0,91.21,51.64,26.19,34.33,19.0,25.96,0.32,15.33,0,1,1.643886092489597
Junin,2023,Agosto,4963.799999999999,16450.3,11520.33,484.2000000000001,17098.2,5211.77,0.0,2727.399999999999,784.0,0.0,0.0,74.2,2818.7,25278.6,23994.7,4110.8,1344.6,98922.5,35882.37,145503.22,886.4000000000001,8852.85,305343.3,5526.349999999999,950.52,215708.66,53228.18,36867.10000000001,0.0,124.5,332.1,157.9,0.0,0.0,396372.1,67239.70000000001,0.0,4122.8,18018.8,65684.847,26591.358,0.0,2862.9,0.0,2739.56,988.6000000000004,0.0,100120.57,0.0,15568.6,107835.0,0.0,74.88000000000001,0.0,16.21,0.56,0.08,91.1,47.94,27.05,35.9,18.23,26.74,0.34,17.67,0,1,1.861506762590955
Junin,2023,Septiembre,4963.8,17386.1,11551.13,500.7000000000001,17160.2,5213.67,0.0,2966.099999999999,856.0,0.0,0.0,74.2,2833.7,27242.4,25168.7,4240.7,1382.1,99312.5,39273.35000000001,163127.47,886.4000000000001,9830.95,336502.45,6511.65,950.52,240681.46,58498.38,38638.2,0.0,130.9,330.6,157.9,0.0,0.0,400143.8,78893.6,0.0,4122.799999999999,18189.0,66780.457,29266.159,0.0,3101.4,0.0,2783.96,988.6,0.0,111283.9,0.0,16391.6,109054.1,0.0,56.03000000000001,0.0,17.26,0.56,0.56,90.98,52.43,27.56,36.56,20.85,27.4,0.28,15.71,0,1,1.752499489010113
Junin,2023,Octubre,4963.8,18160.4,11551.13,509.7000000000001,17160.2,5213.67,0.0,3197.599999999999,862.1,0.0,0.0,74.2,2862.7,28386.6,25953.9,4307.099999999999,1401.3,99516.1,45737.60000000001,182397.3,886.4000000000001,10882.93,368090.35,7216.15,950.52,263698.11,60431.61000000001,39833.2,0.0,130.9,330.6,157.9,0.0,0.0,402856.9,94708.0,0.0,4122.799999999999,18189.0,66780.457,31163.134,0.0,3401.7,0.0,2783.96,988.6,0.0,122577.75,0.0,16830.2,110167.8,0.0,61.58000000000001,0.0,16.69,0.57,0.73,90.86,54.19,28.25,37.07,21.05,28.2,0.28,16.02,0,1,1.756894592197659
Junin,2023,Noviembre,4963.8,18845.05,11551.13,517.2,17160.2,5213.67,0.0,3458.7,862.1,0.0,0.0,74.2,2922.4,29883.1,27675.1,4361.999999999999,1401.3,99529.1,55495.95,201806.25,1317.0,12073.48,404251.45,7879.7,950.52,286108.61,61289.35900000001,41054.74000000001,0.0,130.9,330.6,157.9,0.0,0.0,409120.6,111728.4,0.0,4122.799999999999,18189.0,66780.457,32371.507,0.0,3604.6,0.0,2783.96,988.6,0.0,134414.15,0.0,17328.1,110811.6,0.0,66.99000000000001,0.0,16.13,0.57,1.73,90.82,61.35,27.17,35.91,20.28,27.18,0.27,15.63,0,1,1.391761675201177
La Libertad,2023,Enero,0.0,3003.6,0.0,1118.0,0.0,0.0,11226.1,0.0,407.22,1200.0,15.0,568.5,902.0,173.0,214.0,18.0,5708.6,219.0,1500.0,593.479,548.17,153.75,2503.5,11.5,16.31,0.0,0.0,0.0,8253.169,78.8,12.0,21.63,0.0,0.0,27626.1,1690.8,140.0,0.0,0.0,0.0,0.0,0.0,75.6,0.0,0.0,0.0,396244.172,15877.039,13995.0,0.0,398.7,0.0,0.0,8000.0,20.22,0.39,1.16,94.12,77.38,20.47,26.02,16.15,22.21,2.02,9.870000000000001,0,0,0.5444871054040816
La Libertad,2023,Febrero,0.0,5556.0,0.0,4430.0,0.0,0.0,25649.4,0.0,760.42,3400.0,2815.0,1306.5,1591.0,294.5,234.0,18.0,8516.6,389.0,2293.94,1665.509,1786.9,366.13,5197.0,69.61000000000001,129.04,0.0,8.7,0.0,15926.449,194.659,29.3,46.19,0.0,0.0,61274.8,2911.8,300.0,0.0,12.0,9.1,1.0,100.0,84.0,0.0,0.0,0.0,805827.487648,33609.33899999999,27247.0,0.0,806.9,0.0,0.0,13960.0,18.71,0.39,0.54,93.99,80.0,21.95,28.3,18.35,23.81,2.13,9.95,0,0,0.5271596017460225
La Libertad,2023,Marzo,0.0,8439.5,0.0,72748.0,0.0,0.0,39277.4,0.0,1119.92,5650.0,3495.0,1606.5,2229.0,538.5,283.9,18.0,10056.4,527.0,20970.48,2804.419,3396.149,636.56,8329.099999999999,150.429,250.629,13.84,21.3,0.0,19781.549,303.358,48.42,120.419,0.0,0.0,114012.3,5227.8,439.0,0.0,12.0,12.11,7.159,267.0,130.2,0.0,0.0,0.0,1227619.8691359,51837.60699999999,44873.0,0.0,1213.6,0.0,0.0,16610.0,17.73,0.39,0.81,94.06,78.01,23.06,28.91,19.57,24.88,2.13,9.34,0,0,0.6200205954923614
La Libertad,2023,Abril,0.0,11436.5,0.0,238076.5,0.0,0.0,49084.3,0.0,1426.42,5675.0,6195.0,1775.0,3114.0,688.0,1524.9,168.0,12068.4,1986.0,57210.662,3833.019,4017.549,853.56,10428.0,362.429,250.629,104.54,756.3,0.0,21482.149,381.318,56.48,183.219,0.0,0.0,181946.3,6470.8,725.0,72.0,190.0,28.24,19.029,315.0,140.7,0.0,0.0,0.0,1492856.1232467,68924.71699999999,64150.0,0.0,1501.6,0.0,0.0,17060.0,17.82,0.39,0.23,93.98,81.83,23.09,30.25,19.55,24.59,2.5,10.7,0,0,0.5132434293888504
La Libertad,2023,Mayo,0.0,14664.7,934.9,304136.5,0.0,0.0,60746.3,0.0,1695.67,5675.0,9195.0,2430.0,3825.0,1225.5,2874.9,402.0,14070.6,2842.25,141371.092,4851.599,4273.029,1170.65,12085.7,608.729,250.629,223.499,1714.36,0.0,23688.649,469.808,68.73,260.079,70.6,0.0,259215.4,7842.8,1153.2,522.0,1155.5,56.369,27.439,345.0,350.45,0.0,5.6,0.0,1866016.6312831,84309.77699999999,90461.0,0.0,1907.8,0.0,0.0,17760.0,17.01,0.38,0.13,94.07,80.86,22.06,29.1,18.42,23.72,2.59,10.68,0,0,0.5078854253358394
La Libertad,2023,Junio,2917.5,22059.3,4891.4,304579.5,4970.0,64.5,74706.9,0.0,2545.27,6675.0,10195.0,3581.0,6673.0,3310.9,4361.9,710.1,16324.15,6854.65,224133.252,5783.349,4422.898,1284.069,12704.5,780.229,250.629,417.959,2679.86,0.0,25411.749,517.1850000000001,77.18,348.239,169.6,0.0,416071.4,9246.7,2363.6,2834.0,5335.5,58.02700000000001,31.268,363.0,1429.07,0.0,325.3,1055.78,2246195.8617456,101120.026,111584.5,0.0,6709.7,0.0,0.0,19280.0,18.28,0.38,0.0,94.09,77.59,21.48,28.71,17.57,23.0,2.67,11.14,0,0,0.5739647701167587
La Libertad,2023,Julio,25920.55,53455.5,14671.3,305265.5,27705.9,526.4000000000001,85948.59999999999,0.0,3015.22,6975.0,10399.0,5076.0,8460.0,4064.4,4888.4,1054.6,17137.65,10260.25,250133.252,6749.929,4573.528,1413.748,14280.8,871.8190000000001,250.629,664.799,4348.54,0.0,27761.749,547.0250000000001,77.18,425.099,392.6,0.0,475720.0,11150.9,3444.7,4984.5,7978.0,86.977,31.268,381.0,2604.07,0.0,1704.38,5487.28,2755578.0207761,116771.786,125098.5,192.0,13225.1,0.0,0.0,23080.0,18.12,0.38,0.02,94.09,77.42,21.21,28.92,16.83,22.84,2.77,12.09,0,0,0.5688318646660107
La Libertad,2023,Agosto,58346.65,64781.0,21331.85,305505.1,52465.3,822.45,99197.65,1380.0,3359.12,6975.0,10664.0,6138.5,9633.6,4500.4,5138.599999999999,1089.6,19767.65,11795.25,258194.062,7612.769,4663.628000000001,1605.875,15842.7,910.749,250.629,865.777,6589.639999999999,0.0,29189.91899999999,561.0450000000001,77.18,446.869,532.1,0.0,484050.0,12753.2,4433.7,5506.7,9049.0,109.997,31.268,405.0,2853.89,0.0,4094.73,9452.93,3285188.5007761,134560.576,138875.6,312.0,14033.6,0.0,0.0,33680.0,19.38,0.38,0.02,94.09,75.63,20.91,30.37,16.56,22.74,2.62,13.81,0,0,0.6027210125787992
La Libertad,2023,Septiembre,68455.15,81187.8,24068.25,305540.1,67650.3,1108.25,112021.2,5898.5,4445.120000000001,6975.0,11164.0,7306.5,11771.1,4866.9,5569.599999999999,1125.1,22806.65,12175.25,266163.762,8724.319,4664.948,1804.675,16307.6,519.449,250.629,1029.155,8146.540000000001,0.0,32428.16899999999,575.8449999999999,77.18,475.269,649.9,0.0,501644.5,15049.0,5916.950000000001,5769.7,9742.9,129.797,31.268,454.5,3116.71,0.0,6020.43,10340.41,3753675.1807761,153757.426,154941.6,332.0,14487.1,0.0,0.0,51580.0,21.85,0.37,0.03,94.03,72.99,21.09,27.88,16.95,23.3,2.85,10.93,0,0,0.6754405374981995
La Libertad,2023,Octubre,68477.75,86289.8,24235.25,305555.1,67671.7,1108.25,119993.3,13265.7,5038.120000000001,6975.0,13664.0,7839.5,12659.6,4912.9,5889.599999999999,1125.1,24271.65,12175.25,272305.692,9692.198,4665.498000000001,1985.195,17606.2,646.8489999999999,250.629,1163.524,9328.490000000002,0.0,39278.169,581.1449999999999,77.18,475.269,649.9,0.0,517795.5,17042.7,6798.700000000001,5769.7,9778.9,157.197,31.268,454.5,3284.21,78.0,6163.530000000001,10400.21,4282910.6037737,174677.876,166543.6,332.0,14892.2,0.0,0.0,73580.0,19.81,0.38,0.25,94.08,76.66,20.31,26.8,15.98,22.59,2.78,10.82,0,0,0.5562978876997537
La Libertad,2023,Noviembre,68477.75,97845.65,24235.25,306255.1,67671.7,1108.25,131767.0,26468.7,5562.720000000001,6975.0,19364.0,8160.5,13619.1,4988.799999999999,5989.599999999999,1125.1,27135.65,12175.25,277876.852,10684.428,4672.958000000001,2033.445,19150.0,760.0989999999999,250.629,1282.734,9328.490000000002,0.0,51151.08899999999,585.9449999999998,77.18,475.269,649.9,0.0,549916.8,19179.0,7067.700000000001,5769.7,9968.9,157.197,31.268,607.0,3378.76,108.0,6188.530000000001,10400.21,4726189.00550039,195221.4559999999,182376.6,332.0,15293.3,0.0,0.0,95580.0,20.75,0.38,0.19,94.03,76.34,20.17,27.1,15.82,22.43,2.62,11.28,0,0,0.5590678815532044
Piura,2023,Enero,0.0,910.0,0.0,75060.0,0.0,0.0,0.0,0.0,0.0,200.0,550.0,69.0,0.0,60.0,28.0,0.0,298.0,220.0,168.0,32600.0,166306.0,135.0,0.0,52.0,23600.0,179.0,0.0,0.0,47500.0,0.0,0.0,2704.0,0.0,0.0,388.0,230.0,1041.0,0.0,0.0,317.0,98.0,60.0,3.0,0.0,0.0,0.0,56303.286,535.0,0.0,0.0,0.0,0.0,0.0,40.0,16.19,0.53,1.35,91.53,62.94,23.31,35.17,16.86,25.26,1.87,18.31,0,1,1.060825532319249
Piura,2023,Febrero,0.0,1522.0,0.0,87060.0,0.0,0.0,0.0,0.0,0.0,400.0,1050.0,69.0,0.0,105.0,132.0,0.0,821.0,605.0,1218.0,70100.0,204306.0,213.0,0.0,103.0,46363.0,427.0,0.0,0.0,48000.0,0.0,0.0,2704.0,0.0,0.0,1230.0,1075.0,1821.0,10.0,11.0,642.0,295.0,60.0,3.0,0.0,0.0,7.0,104801.903,1138.4,0.0,0.0,0.0,0.0,0.0,41.372,13.47,0.53,1.22,91.43,67.58,24.2,33.71,18.33,26.09,1.75,15.38,0,1,0.9790278919960036
Piura,2023,Marzo,0.0,2032.0,0.0,87060.0,0.0,0.0,0.0,0.0,0.0,600.0,1700.0,219.0,0.0,151.0,207.0,0.0,971.0,688.0,1718.0,92446.0,213956.0,275.0,0.0,159.0,70063.0,669.0,0.0,0.0,48983.0,0.0,0.0,2704.0,0.0,0.0,2476.0,1485.0,2497.0,10.0,22.0,971.0,478.0,60.0,3.0,0.0,61.0,48.0,108598.203,1656.4,0.0,0.0,0.0,0.0,0.0,311.372,15.76,0.56,3.67,91.51,74.24,23.73,35.67,17.43,25.17,1.69,18.24,0,1,0.7562632607853352
Piura,2023,Abril,0.0,2060.8,0.0,87060.0,0.0,0.0,0.0,0.0,0.0,710.0,1700.0,219.0,0.0,228.6,249.5,0.0,971.0,688.0,2100.8,120446.0,214000.0,321.0,0.0,249.725,70063.0,907.6,0.0,0.0,51783.0,0.0,0.0,2704.0,0.0,0.0,3633.4,1634.0,2545.0,122.5,118.2,1410.893,635.3828,60.0,39.568,0.0,119.5,57.0,127735.461,2088.4,0.0,0.0,0.0,0.0,0.0,311.372,14.4,0.61,4.18,91.45,80.77,23.19,33.07,18.59,23.88,1.19,14.48,0,1,0.5464767960564827
Piura,2023,Mayo,0.0,3089.8,0.0,91766.0,0.0,0.0,0.0,0.0,0.0,1090.0,2300.0,287.0,69.0,473.6,259.5,0.0,971.0,688.0,3019.8,148446.0,214008.0,459.0,0.0,331.725,70063.0,1185.6,0.0,0.0,52683.0,0.0,0.0,2704.0,0.0,0.0,5243.4,1919.0,2572.0,399.5,343.2,1755.893,745.3828,60.0,87.568,0.0,185.5,107.0,184700.461,2547.4,0.0,0.0,0.0,0.0,0.0,541.3720000000001,14.64,0.56,0.55,91.46,69.17,24.87,36.3,18.02,26.07,1.35,18.28,0,1,0.9690571276373277
Piura,2023,Junio,519.0,25872.0,729.0,230112.0,44.0,0.0,0.0,0.0,0.0,2670.0,3770.0,317.0,69.0,631.0,255.0,0.0,1045.0,688.0,3801.0,186057.0,214016.0,597.0,0.0,403.0,70063.0,1508.0,0.0,0.0,53583.0,0.0,0.0,2704.0,0.0,0.0,7597.0,2698.0,2628.0,919.0,433.0,3130.0,866.0,60.0,321.0,0.0,252.0,294.0,236109.773,3011.4,0.0,0.0,0.0,45.0,0.0,891.3720000000001,15.13,0.53,0.28,91.47,59.51,25.37,36.51,18.15,26.81,1.28,18.36,0,1,1.311131533863175
Piura,2023,Julio,3378.0,38262.0,5505.0,345112.0,264.0,0.0,0.0,0.0,0.0,5170.0,5970.0,337.0,69.0,760.0,255.0,43.0,1410.0,778.0,4492.0,218057.0,214336.0,763.0,0.0,541.0,70063.0,1764.0,0.0,0.0,54183.0,0.0,0.0,2704.0,0.0,0.0,10936.0,3301.0,3252.0,1174.0,623.0,4339.0,1146.0,286.0,2512.0,0.0,399.0,1018.0,301160.773,3470.4,0.0,0.0,0.0,45.0,0.0,1111.372,15.24,0.52,0.08,91.48,55.51,25.86,37.09,18.13,27.64,1.52,18.96,0,1,1.483123878620847
Piura,2023,Agosto,10506.0,42032.0,13078.0,360312.0,401.0,0.0,0.0,0.0,0.0,7270.0,7370.0,460.0,69.0,967.0,255.0,43.0,1773.0,885.0,4840.0,241757.0,214846.0,901.0,0.0,595.0,70063.0,1966.0,0.0,0.0,56783.0,0.0,0.0,2704.0,0.0,0.0,13997.0,3549.0,4509.0,1354.0,999.0,5193.0,1307.0,347.0,3550.0,0.0,512.0,2766.0,374860.773,3941.4,0.0,0.0,0.0,2365.0,0.0,1411.372,16.84,0.51,0.18,91.48,54.27,25.85,38.89,17.79,27.98,1.57,21.1,0,1,1.52355877260193
Piura,2023,Septiembre,11328.0,33894.0,12451.0,359966.0,407.0,0.0,0.0,0.0,0.0,10070.0,8570.0,505.0,69.0,1106.0,360.0,44.0,2254.0,1260.0,5045.0,265546.0,215183.0,1113.0,0.0,705.0,70063.0,2141.0,0.0,0.0,68783.0,0.0,0.0,2704.0,0.0,0.0,18734.0,4269.0,6581.0,1384.0,1179.0,6562.0,1499.0,5088.0,3813.0,0.0,507.0,3302.0,448955.323,4571.4,0.0,0.0,0.0,2929.0,0.0,2301.372,18.33,0.51,0.19,91.42,52.39,26.3,39.05,18.53,28.78,1.73,20.52,0,1,1.628929794037456
Piura,2023,Octubre,11334.0,41394.0,12506.0,360160.0,407.0,0.0,0.0,0.0,0.0,15270.0,10370.0,590.0,69.0,1252.0,390.0,54.0,2828.0,1910.0,5207.0,298877.0,222078.0,1350.0,0.0,766.0,70063.0,2156.0,0.0,0.0,126681.0,0.0,0.0,2704.0,0.0,0.0,20624.0,4538.0,8538.0,1384.0,1179.0,7387.0,1577.0,5968.0,3921.0,0.0,525.0,3426.0,525910.0020000001,5185.4,0.0,0.0,0.0,5551.0,0.0,3501.372,16.95,0.52,0.52,91.48,56.49,25.52,37.88,18.53,27.87,1.95,19.35,0,1,1.421525878594289
Piura,2023,Noviembre,11334.0,48044.0,12506.0,378416.0,415.0,0.0,0.0,0.0,0.0,16970.0,12170.0,1106.0,69.0,1491.0,432.0,198.0,3535.0,1910.0,5376.0,331022.0,231002.0,1683.0,0.0,826.0,70063.0,2160.0,0.0,0.0,206681.0,0.0,0.0,2704.0,0.0,0.0,22560.0,5068.0,8621.0,1384.0,1179.0,7387.0,1801.0,7393.0,3935.0,0.0,545.0,3464.0,602452.609,5696.4,0.0,0.0,0.0,9791.0,0.0,5151.372,17.39,0.51,0.54,91.41,57.04,25.18,37.09,16.99,27.63,2.03,20.1,0,1,1.375491651111068
Puno,2023,Enero,0.0,0.0,0.0,0.0,0.0,0.0,0.0,0.0,0.0,0.0,0.0,0.0,0.0,0.0,0.0,0.0,0.0,0.0,620.5,969.3,0.0,383.5,111.0,71.0,0.0,0.0,0.0,0.0,0.0,0.0,0.0,0.0,0.0,0.0,0.0,0.0,0.0,0.0,0.0,0.0,0.0,0.0,0.0,0.0,0.0,0.0,0.0,39354.0,0.0,0.0,0.0,0.0,0.0,0.0,23.97,0.42,3.66,63.72,69.01,10.16,18.43,2.42,15.22,3.81,16.01,0,0,0.3846323842165454
Puno,2023,Febrero,0.0,0.0,0.0,0.0,0.0,0.0,0.0,0.0,0.0,0.0,0.0,0.0,0.0,0.0,0.0,0.0,0.0,0.0,1306.6,1812.2,0.0,801.1,111.0,142.1,0.0,0.0,0.0,0.0,0.0,0.0,0.0,0.0,0.0,0.0,3655.1,0.0,0.0,0.0,0.0,0.0,0.0,0.0,0.0,0.0,0.0,0.0,0.0,145875.0,0.0,0.0,0.0,0.0,0.0,0.0,22.48,0.47,3.18,63.76,72.87,10.11,18.06,2.62,14.89,3.78,15.44,0,0,0.3355989093322819
Puno,2023,Marzo,0.0,85.3,0.0,0.0,0.0,0.0,0.0,0.0,0.0,0.0,0.0,0.0,401.019,0.0,0.0,0.0,33.18,136.0,1877.2,2874.4,0.0,1208.2,111.0,240.2,0.0,0.0,0.0,0.0,0.0,0.0,78.80000000000001,0.0,0.0,0.0,57136.726,0.0,0.0,134.28,340.775,0.0,0.0,0.0,0.0,0.0,0.0,0.0,0.0,629326.0,0.0,445.0,221.0,0.0,0.0,0.0,20.59,0.47,3.31,63.81,74.95,9.69,17.26,3.86,14.06,3.88,13.4,0,0,0.3012628941080771
Puno,2023,Abril,125.91,1626.689,1583.09,27.0,1198.63,1023.445,0.0,0.0,0.0,0.0,0.0,0.0,843.658,0.0,83.1,0.0,3022.599999999999,250.6,2247.0,4210.299999999999,0.0,1600.7,111.0,338.1,0.0,121.2,93.9,0.0,0.0,0.0,112.2,0.0,0.0,0.0,223696.465,2843.0,1009.1,13249.99,4530.795999999999,109.0,5.0,0.0,326.65,0.0,3907.41,186.88,0.0,1051396.95,0.0,20720.3,186559.31,0.0,6.0,0.0,23.22,0.49,1.18,63.81,67.03,10.08,17.11,3.58,13.73,3.0,13.53,0,0,0.4070214506756596
Puno,2023,Mayo,790.43,4040.189,5716.305,38.0,14678.589,13045.075,0.0,0.0,0.0,0.0,0.0,0.0,961.858,0.0,140.8,151.0,5569.299999999999,250.6,2247.0,5303.4,0.0,2022.4,111.0,432.2000000000001,0.0,6752.2,1614.9,0.0,0.0,0.0,230.0,0.0,0.0,0.0,505553.464,19521.0,2339.2,20730.769,10283.669,1567.0,81.8,0.0,650.05,0.0,7897.815,420.15,0.0,1395675.779,0.0,138065.06,1096947.235,0.0,14.0,0.0,19.02,0.48,1.14,63.93,63.68,8.82,16.08,2.35,11.74,2.45,13.73,0,0,0.4119186925087043
Puno,2023,Junio,884.73,4144.968999999999,5831.785,38.0,10450.119,33522.3,0.0,0.0,0.0,0.0,0.0,0.0,961.858,0.0,140.8,151.0,5569.299999999999,250.6,2278.0,6280.4,0.0,2440.95,111.0,527.0,0.0,15275.9,3696.9,0.0,0.0,0.0,398.15,0.0,0.0,0.0,571887.9010000001,35586.0,2339.2,21280.62800000001,10502.129,5294.8,299.8,0.0,650.05,0.0,7948.015000000002,473.9000000000001,0.0,1676841.779,0.0,175925.86,1255460.297,0.0,14.0,0.0,20.88,0.45,0.14,63.92,51.25,8.17,14.89,1.37,9.86,2.25,13.52,1,0,0.5290435731789486
Puno,2023,Julio,884.73,4144.968999999999,5831.785,38.0,10450.119,33522.3,0.0,0.0,0.0,0.0,0.0,0.0,961.858,0.0,140.8,151.0,5569.299999999999,250.6,2278.0,7225.45,0.0,2846.650000000001,111.0,618.0,0.0,22579.5,6170.700000000001,0.0,0.0,0.0,474.05,0.0,0.0,0.0,571887.9010000001,40953.0,2339.2,21280.62800000001,10502.129,6965.0,587.9000000000001,0.0,650.05,0.0,7948.015000000002,473.9000000000001,0.0,1676841.779,0.0,175925.86,1255460.297,0.0,15.0,0.0,20.97,0.43,5.46,63.93,55.6,8.98,17.11,2.22,11.18,2.52,14.89,0,0,0.5090338789859736
Puno,2023,Agosto,884.73,4144.968999999999,5831.785,38.0,10450.119,33522.3,0.0,0.0,0.0,0.0,0.0,0.0,961.858,0.0,140.8,151.0,5569.299999999999,250.6,2278.0,8201.55,0.0,3272.050000000001,111.0,689.8,0.0,27719.5,7886.500000000001,0.0,0.0,0.0,485.25,0.0,0.0,0.0,571887.9010000001,40953.0,2339.2,21280.62800000001,10502.129,7848.1,725.7,0.0,650.05,0.0,7948.015000000002,473.9000000000001,0.0,1676841.779,0.0,175925.86,1255460.297,0.0,15.0,0.0,23.37,0.45,0.12,63.92,57.59,8.9,17.72,2.72,11.88,2.55,15.0,0,0,0.4835971412625892
Puno,2023,Septiembre,884.7299999999999,4144.969,5831.785,38.0,10450.119,7267.375,0.0,0.0,0.0,0.0,0.0,0.0,961.858,0.0,140.8,151.0,5569.299999999999,250.6,2280.1,9169.45,0.0,3693.850000000001,1166.0,695.8000000000001,0.0,27719.5,7886.500000000001,0.0,0.0,0.0,452.05,0.0,0.0,0.0,571887.9010000001,40953.0,2339.2,21280.628,10502.129,7848.1,725.7,0.0,650.0499999999998,0.0,7948.015,473.9000000000001,0.0,1676841.779,0.0,175925.86,1255460.297,0.0,22.2,0.0,25.14,0.41,0.12,63.9,62.35,9.87,17.95,3.76,13.84,3.46,14.19,0,0,0.4583008129484049
Puno,2023,Octubre,884.7299999999999,4144.969,5831.785,38.0,10450.119,7267.375,0.0,0.0,0.0,0.0,0.0,0.0,961.858,0.0,140.8,151.0,5569.299999999999,250.6,2280.1,10164.65,0.0,4128.650000000001,5264.0,790.7,0.0,27719.5,7886.500000000001,0.0,0.0,0.0,452.05,0.0,0.0,0.0,571887.9010000001,40953.0,2339.2,21280.628,10502.129,7848.1,725.7,0.0,650.0499999999998,0.0,7948.015,473.9000000000001,0.0,1676841.779,0.0,175925.86,1255460.297,0.0,22.2,0.0,24.19,0.38,0.68,63.87,64.87,11.45,19.74,5.68,15.91,4.24,14.06,0,0,0.4751178187127617
Puno,2023,Noviembre,884.7299999999999,4144.969,5831.785,38.0,10450.119,7267.375,0.0,0.0,0.0,0.0,0.0,0.0,961.858,0.0,140.8,151.0,5569.299999999999,250.6,2341.7,11197.55,0.0,4561.85,11656.0,814.8000000000001,0.0,27719.5,7886.500000000001,0.0,0.0,0.0,452.05,0.0,0.0,0.0,571887.9010000001,40953.0,2339.2,21280.628,10502.129,7848.1,725.7,0.0,650.0499999999998,0.0,7948.015,473.9000000000001,0.0,1707084.688,0.0,175925.86,1255460.297,0.0,22.2,0.0,24.06,0.38,1.92,63.79,68.67,11.21,19.85,2.89,15.98,4.12,16.96,0,0,0.4170360069010457
San Martin,2023,Enero,0.0,50220.0,0.0,61677.0,0.0,0.0,0.0,0.0,120.0,0.0,0.0,469.0,40.0,0.0,0.0,0.0,0.0,0.0,60.0,35733.0,144.0,2036.0,1508.0,0.0,252.0,2598.0,25.0,0.0,74.0,0.0,0.0,0.0,0.0,52782.57,0.0,9873.0,0.0,0.0,0.0,1766.0,5445.0,0.0,110.0,0.0,0.0,0.0,0.0,0.0,0.0,0.0,0.0,0.0,0.0,0.0,16.55,0.55,2.03,90.29,71.61,22.82,30.98,16.84,22.8,0.01,14.14,0,0,0.7889310778289431
San Martin,2023,Febrero,0.0,97012.0,0.0,131882.3,0.0,0.0,0.0,0.0,120.0,0.0,0.0,649.5,81.0,0.0,0.0,0.0,0.0,0.0,85.0,73733.0,307.0,4040.0,2800.0,0.0,656.5,6470.0,36.0,0.0,163.0,0.0,0.0,0.0,0.0,92939.92,0.0,20089.0,0.0,0.0,0.0,6194.5,10115.5,0.0,163.36,0.0,0.0,0.0,0.0,0.0,0.0,0.0,0.0,0.0,0.0,0.0,15.2,0.54,0.94,90.29,72.67,23.03,30.92,18.02,23.0,0.02,12.9,0,0,0.7691884464990557
San Martin,2023,Marzo,0.0,97310.0,0.0,200947.3,0.0,0.0,0.0,0.0,0.0,0.0,0.0,795.8,41.0,0.0,0.0,0.0,0.0,0.0,186.0,109820.3,324.0,6121.0,4671.8,0.0,1445.1,11570.0,83.0,0.0,236.5,0.0,0.0,0.0,0.0,138603.3,0.0,34447.0,0.0,0.0,0.0,13306.0,14108.4,0.0,781.845,0.0,0.0,0.0,0.0,0.0,0.0,0.0,0.0,0.0,0.0,0.0,14.09,0.59,4.26,90.3,81.53,21.97,31.16,17.26,21.9,0.03,13.9,0,0,0.4874259010107571
San Martin,2023,Abril,0.0,102099.2,0.0,255979.9,0.0,0.0,0.0,0.0,0.0,0.0,0.0,1139.8,41.0,0.0,0.0,0.0,0.0,0.0,222.0,148334.3,334.5,7668.0,6152.8,0.0,1445.1,18935.0,143.0,0.0,353.5,0.0,0.0,0.0,0.0,177619.78,0.0,44257.0,0.0,0.0,0.0,33220.5,19503.8,0.0,941.925,0.0,0.0,0.0,0.0,0.0,0.0,0.0,0.0,0.0,0.0,0.0,14.46,0.6,2.57,90.32,81.76,22.07,29.14,16.36,22.0,0.04,12.78,0,0,0.4842986154433571
San Martin,2023,Mayo,0.0,115129.2,0.0,341320.9,0.0,0.0,0.0,0.0,0.0,0.0,0.0,1439.3,41.0,0.0,0.0,0.0,0.0,0.0,229.0,190952.3,334.5,9263.5,7564.8,0.0,1445.1,28645.0,272.0,0.0,489.0,0.0,0.0,0.0,0.0,216476.62,0.0,55111.0,0.0,0.0,0.0,46389.5,24065.9,0.0,1010.005,0.0,0.0,0.0,0.0,0.0,0.0,0.0,0.0,0.0,0.0,0.0,14.5,0.56,1.16,90.44,75.83,23.28,31.16,17.31,23.2,0.04,13.85,0,0,0.6906037690682041
San Martin,2023,Junio,0.0,162905.7,0.0,443881.49,0.0,0.0,0.0,0.0,50.0,0.0,0.0,1688.3,59.0,0.0,0.0,0.0,0.0,0.0,253.0,227920.3,334.5,12401.5,8574.8,0.0,1445.1,35269.0,341.0,0.0,658.5,0.0,0.0,0.0,0.0,256944.99,0.0,64728.0,0.0,0.0,0.0,67151.0,34556.1,0.0,1078.35,0.0,0.0,0.0,0.0,0.0,0.0,0.0,0.0,0.0,0.0,0.0,15.71,0.54,0.14,90.56,70.16,23.12,30.38,16.04,23.02,0.05,14.34,0,0,0.8444125757107521
San Martin,2023,Julio,0.0,208908.1,0.0,512759.49,0.0,0.0,0.0,0.0,425.0,0.0,0.0,1971.8,59.0,0.0,0.0,0.0,0.0,0.0,271.0,265424.3,334.5,14747.5,9689.3,0.0,1445.1,54633.0,405.0,0.0,682.0,0.0,0.0,0.0,0.0,295756.0,0.0,74373.4,0.0,0.0,0.0,78077.5,41921.1,0.0,1313.43,0.0,0.0,0.0,0.0,0.0,0.0,0.0,0.0,107.5,0.0,0.0,16.85,0.53,0.26,90.54,65.86,24.07,31.65,18.25,23.95,0.06,13.4,0,0,1.022963939074433
San Martin,2023,Agosto,0.0,214506.1,0.0,582061.49,0.0,0.0,0.0,0.0,675.0,0.0,0.0,2151.8,59.0,0.0,0.0,0.0,0.0,0.0,295.0,305514.3,334.5,17450.5,10882.3,0.0,1445.1,69086.0,426.0,0.0,750.0,0.0,0.0,0.0,0.0,351805.93,0.0,85429.4,0.0,0.0,0.0,82764.5,46626.8,0.0,1757.75,0.0,0.0,0.0,0.0,0.0,0.0,0.0,0.0,191.9,0.0,0.0,19.39,0.52,0.3,90.44,58.73,25.3,33.88,17.08,25.23,0.04,16.8,0,1,1.330842768220637
San Martin,2023,Septiembre,0.0,229495.9,0.0,650651.4,0.0,0.0,0.0,0.0,675.0,0.0,0.0,2201.8,40.2,0.0,0.0,0.0,0.0,0.0,412.0,342125.3,359.5,19694.5,12140.3,0.0,1445.1,72541.0,469.5,0.0,886.0,0.0,0.0,0.0,0.0,426419.5,0.0,102672.4,0.0,0.0,0.0,86629.5,50547.8,0.0,2813.33,0.0,0.0,0.0,0.0,0.0,0.0,0.0,0.0,905.2,0.0,0.0,18.87,0.52,0.4,90.33,54.41,26.44,35.01,19.27,26.34,0.05,15.74,0,1,1.572743449397049
San Martin,2023,Octubre,0.0,234224.6,0.0,735657.4,0.0,0.0,0.0,0.0,800.0,0.0,0.0,2386.8,40.2,0.0,0.0,0.0,0.0,0.0,538.0,378875.8,687.5,21769.5,13197.3,0.0,1445.1,74611.0,505.0,0.0,1010.0,0.0,0.0,0.0,0.0,492156.06,0.0,112176.9,0.0,0.0,0.0,87097.0,54378.3,0.0,3360.43,0.0,0.0,0.0,0.0,0.0,0.0,0.0,0.0,905.2,0.0,0.0,18.05,0.53,1.58,90.24,56.5,26.55,34.27,18.27,26.5,0.03,16.0,0,1,1.510396483612183
San Martin,2023,Noviembre,0.0,242969.6,0.0,828876.7000000001,0.0,0.0,0.0,0.0,1000.0,0.0,0.0,2767.0,40.2,0.0,0.0,0.0,0.0,0.0,653.5,419370.8,1023.5,23929.5,14422.3,0.0,1445.1,79866.0,513.0,0.0,1321.0,0.0,0.0,0.0,0.0,552327.0299999999,0.0,124278.1,0.0,0.0,0.0,87220.0,58034.5,0.0,3644.31,0.0,0.0,0.0,0.0,0.0,0.0,0.0,0.0,905.2,0.0,0.0,17.14,0.55,1.84,90.21,71.23,24.27,33.22,18.39,24.25,0.02,14.83,0,1,0.8724556259660301
Ica,2024,Enero,0.0,3742.12,16.05,0.0,0.0,0.0,7946.9,0.0,376.5,0.0,101.0,9466.41,970.82,10.38,0.0,0.0,1133.7,0.0,22.0,229.98,730.8999999999999,16.0,0.0,18.5,20.0,0.0,112.0,0.0,197810.0,0.0,13.0,13.05,0.0,0.0,66.05,0.0,2740.65,0.0,0.0,0.0,0.0,490.66,0.0,79.3,0.0,0.0,0.0,9428.620000000004,0.0,0.0,0.0,1144.92,0.0,2400.0,24.02,0.33,0.2,95.77,78.74,22.7,28.82,18.69,24.57,3.33,10.13,0,0,0.5865147763803567
Ica,2024,Febrero,0.0,10901.27,51.2,0.0,0.0,4.2,17651.0,0.0,683.4200000000001,0.0,126.3,19434.85,2345.05,39.48,0.0,36.0,4637.8,107.55,5722.0,450.45,3576.260000000001,23.0,0.0,18.5,120.2,0.0,660.0,0.0,239810.0,35.9,404.38,106.75,0.0,0.0,196.51,336.0,5354.1,0.0,0.0,0.0,0.0,1032.36,5.4,123.0,0.0,0.0,0.0,19280.14,0.0,0.0,0.0,3374.809999999999,0.0,3700.0,24.57,0.33,0.47,95.78,78.91,23.67,28.76,20.24,25.57,3.23,8.520000000000003,0,0,0.6169302848905511
Ica,2024,Marzo,0.0,28874.2,112.05,0.0,0.0,6.380000000000001,28255.3,0.0,4715.219999999999,0.0,146.3,23725.51,3773.55,59.75000000000001,0.0,36.0,7022.9,137.75,22722.0,675.25,6624.610000000001,78.39,0.0,18.5,171.0,0.0,11443.0,0.0,252610.0,92.4,508.48,588.2499999999999,1669.55,0.0,409.31,732.9,7500.570000000001,0.0,8.64,0.0,0.0,1162.14,5.4,142.4,0.0,0.0,0.0,27533.0,0.0,0.0,0.0,4925.94,0.0,3770.0,22.78,0.34,0.36,95.78,78.62,22.99,27.91,19.37,24.42,2.89,8.54,0,0,0.6002749006823973
Ica,2024,Abril,22.07,45047.27,137.65,0.0,38.0,12.78,35848.45,0.0,4916.919999999999,0.0,226.3,27584.31,4007.05,86.2,0.0,36.0,10305.26,137.75,51383.47000000001,904.01,8334.86,89.64,0.0,18.5,468.4,0.0,39872.4,0.0,258610.0,682.1,535.1800000000001,588.2499999999999,5586.3,0.0,746.56,1023.6,8826.17,0.0,19.74,0.0,0.0,1786.39,5.4,147.35,0.0,0.0,0.0,45473.03999999999,0.0,0.0,0.0,10901.84,0.0,4030.0,20.52,0.34,0.11,95.82,77.93,21.46,26.61,16.96,22.77,3.06,9.649999999999999,0,0,0.5645652242647297
Ica,2024,Mayo,58.45,80547.31999999999,174.85,0.0,70.56,14.9,43626.37,0.0,5701.919999999999,0.0,281.3,29862.31,4540.51,166.01,0.0,36.0,14906.96,137.75,93383.47,1122.46,8334.86,94.49,0.0,18.5,504.65,40.85,81201.8,0.0,258610.0,985.5,535.1800000000001,588.2499999999999,5842.1,0.0,848.26,2118.79,9775.37,0.0,19.74,0.0,0.0,2879.03,5.4,228.45,0.0,0.0,0.0,53109.27999999999,0.0,0.0,0.0,14638.74,0.0,4050.0,15.52,0.33,0.07,95.81,70.38,19.73,25.47,15.26,20.36,3.02,10.21,0,0,0.6810849190905282
Ica,2024,Junio,74.25,98238.03,181.22,0.0,155.3399999999999,23.21,51009.22,0.0,6391.919999999999,0.0,391.3,31019.38,7503.780000000001,189.5,0.0,36.0,26975.69,227.17,121687.33,1322.21,8334.859999999999,94.49,0.0,18.5,689.87,3064.95,124275.2,126.2,258610.0,140.98,564.3800000000001,588.25,5842.1,0.0,7548.05,4306.23,14687.49,0.0,19.74,0.0,0.0,3804.53,58.4,228.45,0.0,0.0,0.0,60784.19,0.0,0.0,0.0,13781.37,0.0,4650.0,11.91,0.33,0.04,95.94,69.63,18.37,24.96,14.12,18.81,2.66,10.84,0,0,0.6415447153497311
Ica,2024,Julio,74.25,115657.22,190.63,0.0,155.3399999999999,23.21,59392.92,1352.0,6740.919999999999,0.0,531.3,33015.66,11650.48,222.79,0.0,36.0,33247.12,707.27,135970.55,1529.32,8334.859999999999,95.24,0.0,18.5,720.42,13224.61,168833.8,13136.0,258610.0,140.98,564.3800000000001,588.25,5851.3,0.0,38410.89,4930.09,18355.73,0.0,19.74,0.0,0.0,4305.28,77.89,261.3,0.0,0.0,0.0,68014.34,0.0,0.0,0.0,13796.37,0.0,5510.0,13.25,0.33,0.01,95.91,67.55,17.99,23.59,13.35,18.57,3.21,10.24,0,0,0.6693215706414801
Ica,2024,Agosto,74.25,134612.34,190.63,0.0,155.3399999999999,23.21,74431.4,15498.8,7668.569999999999,0.0,706.3,35667.28999999999,23103.98,249.05,0.0,36.0,35895.73,2617.63,140070.55,1734.12,8334.859999999999,151.64,0.0,18.5,722.8199999999999,21870.76,204579.43,19019.36,258610.0,140.98,564.3800000000001,588.25,5851.3,0.0,102494.97,5122.25,20596.81,0.0,19.74,0.0,0.0,4689.29,501.35,357.1,0.0,0.0,0.0,75172.48,0.0,0.0,0.0,13796.37,0.0,7944.9,14.87,0.32,0.0,95.98,64.3,18.14,25.16,12.82,19.02,3.3,12.34,0,0,0.7433310773833486
Ica,2024,Septiembre,74.25,145776.93,190.63,0.0,163.74,23.21,96589.0,27808.35,7855.519999999999,0.0,706.3,42049.1,30056.98,277.75,52.52,36.0,42085.85,13883.63,169148.68,2000.03,8334.86,198.64,0.0,18.5,764.0,27562.29,224845.66,20688.09,258610.0,141.53,564.3800000000001,588.2499999999999,5851.8,0.0,124179.9,6206.01,21748.79,0.0,19.74,0.0,0.0,5431.81,2184.04,763.84,0.0,0.0,0.0,81892.89,0.0,0.0,0.0,13796.37,0.0,12444.9,16.29,0.32,0.07,95.81,64.27,18.81,24.54,13.54,20.12,3.37,11.0,0,0,0.775844827570614
Ica,2024,Octubre,74.25,154809.84,190.63,0.0,163.74,23.21,116974.89,32931.25,8367.52,0.0,782.3,51012.1,30613.48,277.75,52.52,36.0,56879.85,22664.39,169148.68,2223.75,8334.86,235.07,0.0,18.5,764.0,27718.85,226983.66,20688.09,259968.0,141.53,578.1800000000001,588.2499999999999,5851.8,0.0,132209.08,6872.41,24194.28000000001,0.0,19.74,0.0,0.0,5743.81,2376.31,2478.23,0.0,0.0,0.0,88911.25,0.0,0.0,0.0,13797.01,0.0,24244.9,20.8,0.32,0.08,95.88,65.85,19.36,25.44,14.67,20.95,3.02,10.77,0,0,0.767404846632985
Ica,2024,Noviembre,74.25,159097.48,190.63,0.0,163.74,23.21,130412.23,44971.85,9050.52,0.0,804.3,66179.35,31266.07,277.75,52.52,36.0,71633.65,23539.39,169148.68,2436.27,8334.86,244.49,0.0,18.5,774.22,27718.85,226983.66,20688.09,321588.0,141.53,586.8800000000001,588.2499999999999,5851.8,0.0,144110.02,7936.68,25127.68000000001,0.0,19.74,0.0,0.0,5758.009999999999,2511.03,3538.32,0.0,0.0,0.0,95874.83,0.0,0.0,0.0,13831.81,0.0,34544.9,22.93,0.33,0.33,95.89,74.98,19.44,24.46,14.93,21.11,2.93,9.530000000000001,0,0,0.5650435547888419
Ica,2024,Diciembre,74.25,170020.86,198.13,0.0,163.74,23.21,143939.74,42797.65,9405.52,0.0,913.3,131399.35,32030.41,279.46,52.52,36.0,78912.25,21877.24,169148.68,2880.54,8341.36,511.12,0.0,40.76000000000001,1177.84,27934.9,227193.86,20713.09,424968.0,143.33,586.8800000000001,588.25,5851.799999999999,0.0,153549.85,8845.95,25902.36000000001,0.0,19.74,0.0,0.0,6315.239999999999,2487.15,3974.29,0.0,0.0,0.0,102909.22,0.0,0.0,0.0,14700.91,0.0,39084.89,24.29,0.33,0.22,95.83,77.21,20.29,25.67,16.77,21.98,3.02,8.900000000000002,0,0,0.5425183782579148
Junin,2024,Enero,0.0,2897.8,4.4,24.2,0.0,0.0,0.0,327.4,138.7,0.0,0.0,0.0,448.2,4345.3,2772.4,14.0,151.5,3453.3,9314.2,19461.5,564.3,1114.35,42596.2,682.9,254.05,21806.0,1128.29,2917.725,0.0,0.7,0.0,15.1,0.0,0.0,36170.2,9513.8,0.0,13.2,12.0,0.0,728.654,0.0,364.2000000000001,0.0,0.0,0.0,0.0,12319.73,0.0,869.0,2102.3,0.0,6.420000000000002,0.0,15.1,0.63,2.28,90.95,74.43,25.55,34.06,20.14,25.53,0.23,13.92,0,1,0.8368918251648236
Junin,2024,Febrero,0.0,7469.900000000001,8.8,69.2,0.0,0.0,0.0,706.9,365.0,0.0,0.0,25.0,1014.5,9944.8,6411.4,28.0,472.5,14379.4,16210.9,38467.6,928.8,2174.0,86934.54999999999,1424.5,545.6,45138.95,3371.214999999999,8093.225,0.0,33.40000000000001,79.69999999999999,73.0,0.0,0.0,76533.79999999999,18171.73,0.0,13.2,491.3,3509.704999999999,1776.744,0.0,790.7,0.0,0.0,0.0,0.0,25702.11,0.0,1775.0,6698.900000000001,0.0,12.27,0.0,15.24,0.63,3.96,91.03,75.77,24.97,35.41,18.36,24.92,0.22,17.05,0,1,0.7661569358461988
Junin,2024,Marzo,0.0,12204.9,96.8,112.5,0.0,0.0,0.0,1193.8,648.0,0.0,0.0,62.8,1830.4,16276.931,12247.4,79.0,554.5,38287.2,22136.0,57352.94999999999,928.8,3198.7,129194.5,2265.6,1041.9,71881.45,6678.115,14344.675,0.0,79.1,212.2,139.2,0.0,0.0,116297.45,25017.03,0.0,0.0,2097.1,10329.992,4789.745000000001,0.0,1276.2,0.0,0.0,0.0,0.0,40597.21,0.0,2784.9,21581.9,0.0,22.15,0.0,15.26,0.65,3.65,91.05,78.44,24.77,32.77,19.4,24.58,0.23,13.37,0,1,0.673649774533744
Junin,2024,Abril,0.0,15034.5,385.8,171.9,0.0,38.0,0.0,1640.8,780.0,0.0,0.0,88.8,2557.0,22533.231,18762.03,193.7,740.7,87996.28899999999,27463.4,75975.59999999999,928.8,4216.349999999999,168779.95,3087.8,1561.15,97198.15,12579.415,20638.175,0.0,119.1,320.4,175.1,0.0,0.0,192203.05,32067.53,0.0,13.6,5982.700000000001,23426.052,8951.86,0.0,1656.2,0.0,4.0,3.6,0.0,54666.21,0.0,4490.5,53615.9,0.0,29.99,0.0,15.75,0.64,1.02,91.0,75.97,25.17,32.93,19.71,25.05,0.22,13.22,0,1,0.768934085275665
Junin,2024,Mayo,0.0,17009.0,3067.400000000001,210.4,293.5,377.2,0.0,2068.6,866.8,0.0,0.0,88.8,3360.1,25812.831,24916.93,802.5,784.3000000000001,112543.489,31765.55,94365.2,928.8,5282.549999999999,206804.08,3927.7,2057.7,124297.3,22224.815,26334.625,0.0,122.2,340.7,175.1,0.0,0.0,318641.05,38429.53,0.0,647.3,11796.0,39305.382,13728.93,0.0,1958.4,0.0,727.0,386.0,0.0,68387.11,0.0,7502.0,89131.2,0.0,37.44,0.0,14.65,0.59,0.59,91.1,66.12,25.8,34.98,17.92,25.65,0.24,17.06,0,1,1.125423724588156
Junin,2024,Junio,2737.7,17488.2,15660.6,275.1,8921.25,3340.599999999999,0.0,2345.5,927.5,0.0,0.0,148.8,3845.7,27343.331,24916.93,3510.0,822.3000000000001,112946.989,35063.75,113413.139,928.8,6304.349999999999,242710.69,4760.150000000001,2573.5,158918.75,35047.015,31617.275,0.0,133.1,342.9,175.1,0.0,0.0,421743.95,43574.03,0.0,4072.2,19647.8,54370.98300000001,19217.83,0.0,2864.6,0.0,3016.05,1443.17,0.0,81297.15999999999,0.0,12746.5,118512.3,0.0,44.35,0.0,14.16,0.57,0.77,91.13,56.2,25.91,34.81,17.81,25.61,0.3,17.0,0,1,1.464447787768276
Junin,2024,Julio,6863.31,17861.1,19749.66,296.1,20403.05,6655.299999999999,0.0,2586.4,927.5,0.0,0.0,173.2,3961.7,28526.731,32394.23,5493.7,896.8000000000001,113000.989,37566.15,131032.074,928.8,7281.75,276804.42,5507.85,2939.85,193592.2,46942.475,34970.075,0.0,133.1,342.9,175.1,0.0,0.0,463121.75,49174.13,0.0,5147.8,21197.2,63660.72500000001,24575.066,0.0,3815.000000000001,0.0,3795.249999999999,1625.37,0.0,93202.91,0.0,14875.8,135524.0,0.0,50.85,0.0,14.59,0.57,0.01,91.3,49.64,25.25,34.51,16.2,24.65,0.35,18.31,0,1,1.619150673714448
Junin,2024,Agosto,7089.41,18517.7,20301.06,314.1,21062.65,6935.199999999999,0.0,2751.3,966.1,0.0,0.0,173.2,3961.7,30088.831,33557.53,5899.2,915.3,113212.989,39362.91,147467.174,928.8,8155.75,308375.67,6234.75,3194.7,221130.4,55555.175,37081.12500000001,0.0,133.1,342.9,175.1,0.0,0.0,469596.65,56530.63,0.0,5147.8,21204.2,67662.133,27947.297,0.0,3957.6,0.0,3808.449999999999,1625.37,0.0,103901.96,0.0,15697.3,138423.3,0.0,55.646,0.0,15.86,0.56,0.03,91.19,45.48,26.36,34.86,17.71,26.0,0.32,17.15,0,1,1.871959914402936
Junin,2024,Septiembre,7064.410000000002,19756.4,20308.86,343.6,21400.65,6586.200000000001,0.0,2943.7,1010.9,0.0,0.0,173.2,3976.2,32289.931,34696.53,6108.000000000001,934.8,113532.989,42422.67000000001,164623.724,928.8,9171.1,339935.87,6968.050000000001,3421.35,245571.25,61131.875,38978.575,0.0,133.1,342.9,175.1,0.0,0.0,472833.75,68095.43,0.0,5181.799999999999,21446.9,67387.697,30693.248,0.0,4084.8,0.0,3808.45,1625.37,0.0,115023.76,0.0,16632.7,140046.4,0.0,61.356,0.0,15.09,0.56,0.45,91.02,48.72,27.61,36.24,20.38,27.43,0.29,15.86,0,1,1.894702758915927
Junin,2024,Octubre,7064.410000000002,20649.6,20308.86,358.6,21400.65,6586.200000000001,0.0,3165.5,1035.2,0.0,0.0,173.2,3976.2,33767.33100000001,35492.13,6178.600000000001,934.8,113700.489,48353.87000000001,183968.144,928.8,10251.45,371811.12,7715.400000000001,3616.74,268881.4,63149.385,40131.72500000001,0.0,133.1,342.9,175.1,0.0,0.0,476957.15,82810.03,0.0,5181.799999999999,21446.9,67387.697,32641.069,0.0,4396.2,0.0,3808.45,1625.37,0.0,126705.01,0.0,17100.6,140895.3,0.0,67.84179999999999,0.0,17.62,0.57,0.8,90.92,54.4,27.95,36.49,20.54,27.93,0.26,15.95,0,1,1.718580284101947
Junin,2024,Noviembre,7064.410000000002,21358.3,20308.86,376.6,21400.65,6586.200000000001,0.0,3373.900000000001,1035.2,0.0,0.0,173.2,4007.2,35016.431,36370.03,6206.600000000001,953.8,113766.989,58631.86000000001,203400.694,1420.6,11437.95,408404.32,8457.350000000002,3794.88,291515.35,64010.402,41482.56,0.0,133.1,342.9,175.1,0.0,0.0,483584.0500000001,98479.63,0.0,5181.799999999999,21446.9,67387.697,33977.657,0.0,4609.8,0.0,3808.45,1625.37,0.0,138945.86,0.0,17447.9,141709.9,0.0,74.64179999999999,0.0,14.87,0.63,5.2,90.85,75.73,24.68,34.47,19.4,24.64,0.23,15.07,0,1,0.7542617750162117
Junin,2024,Diciembre,7064.410000000004,22448.8,20308.86,403.2000000000001,21400.65,6586.2,0.0,3602.400000000001,1048.0,0.0,0.0,173.2,4208.6,37530.931,37966.23,6220.900000000001,990.5,114078.189,70998.985,222831.544,2172.8,12548.85,450503.62,9226.15,4026.530000000001,313339.1,64954.332,43389.24000000001,0.0,133.1,342.9,175.1,0.0,0.0,502979.05,112212.03,0.0,5181.8,21473.3,67387.697,35296.707,0.0,4850.8,0.0,3808.45,1625.37,0.0,151662.71,0.0,17881.5,142662.6,0.0,82.5318,0.0,13.71,0.65,2.68,90.88,76.67,24.71,32.93,18.84,24.59,0.25,14.09,0,1,0.7263483192993072
La Libertad,2024,Enero,0.0,2675.7,0.0,795.0,0.0,0.0,11288.9,0.0,133.85,0.0,776.0,581.0,1075.0,26.4,180.0,0.0,2313.5,135.0,390.27,668.47,1224.84,805.86,2716.5,4.1,29.849,0.0,0.0,0.0,8500.75,68.14,12.4,19.62,0.0,0.0,18448.7,1560.7,95.2,0.0,194.5,0.0,0.0,0.0,28.3,0.0,0.0,0.0,334826.8852224,14194.84000000001,17125.5,0.0,405.7000000000001,0.0,0.0,17200.0,19.91,0.38,0.16,94.03,82.24,22.27,28.87,18.77,24.53,2.55,10.1,0,0,0.4773298659808836
La Libertad,2024,Febrero,0.0,4426.7,0.0,3126.0,0.0,0.0,25702.98,0.0,343.85,0.0,3276.0,1751.0,2122.5,221.4,237.0,0.0,4799.5,146.0,1190.27,1636.948,2687.88,1006.559,3086.95,30.57,181.549,1.55,8.5,0.0,15600.75,175.2,30.74,47.569,0.0,0.0,54150.3,3014.2,213.68,0.0,290.5,0.0,1.03,0.0,30.6,0.0,0.0,0.0,732995.4005533,32207.14900000002,37454.5,0.0,813.9000000000001,0.0,0.0,25000.0,20.1,0.38,0.17,94.05,80.87,23.38,29.6,19.54,25.59,2.45,10.06,0,0,0.5499046732850483
La Libertad,2024,Marzo,0.0,6472.7,0.0,48121.5,0.0,0.0,40342.68,0.0,847.6500000000001,0.0,3737.0,2796.0,2967.5,608.4,635.0,217.4,7689.5,561.0,8790.27,3239.468,4106.478999999999,1237.169,8284.48,64.72,336.878,51.25,21.2,0.0,18428.35,288.018,49.96000000000001,122.359,0.0,0.0,134916.8,5997.3,778.88,0.0,379.5,2.96,7.13,72.0,30.6,0.0,0.0,0.0,1034754.7373771,52942.29900000001,57911.5,0.0,1412.1,0.0,0.0,27900.0,21.25,0.38,0.26,94.06,77.16,22.9,28.84,19.13,24.71,2.4,9.71,0,0,0.6377837783637332
La Libertad,2024,Abril,0.0,9288.55,5.0,235283.0,0.0,0.0,52400.98,0.0,1220.95,0.0,6237.0,2886.0,3847.5,936.4,1801.0,477.4,8898.5,1660.5,28290.27,4421.378,4806.409,1450.919,10382.809,135.72,446.8080000000001,142.699,885.6,0.0,20188.55,351.1780000000001,57.75000000000001,185.129,2.33,0.0,239779.05,7138.9,1231.58,49.0,766.5,40.16,17.84,216.0,44.6,0.0,0.0,0.0,1285407.3973771,70245.539,79282.5,0.0,1813.1,0.0,0.0,28550.0,19.19,0.38,0.23,94.09,79.59,21.11,27.39,17.04,22.65,2.48,10.35,0,0,0.5110208917706187
La Libertad,2024,Mayo,0.0,11120.65,625.5,327282.0,0.0,10.0,64407.98,0.0,1916.45,0.0,6429.0,3474.0,5448.5,2163.4,3217.5,657.4,10401.0,6144.1,66290.27,5591.496999999999,5052.959,1761.587,12045.509,240.47,572.235,259.819,2003.21,0.0,22388.75,434.9680000000001,70.14000000000001,292.069,74.33,0.0,359958.55,8171.9,1790.78,1450.0,3678.0,90.519,26.97,216.0,405.8,0.0,90.7,0.0,1657036.6913807,86227.996,99325.5,0.0,2532.3,0.0,0.0,29250.0,17.79,0.38,0.07,94.06,75.09,19.97,27.57,15.81,21.09,2.62,11.76,0,0,0.5813660170607922
La Libertad,2024,Junio,5064.5,16684.75,7606.1,329425.0,3962.7,1105.94,76825.59,0.0,2147.28,4800.0,7529.0,5957.0,7762.0,3445.2,3217.5,945.9,15247.0,13302.15,138290.27,6724.545,5267.439,1252.147,12043.959,356.28,693.27,409.827,3181.56,0.0,24578.35,489.0260000000001,78.29000000000002,411.379,176.23,0.0,484441.85,9680.4,2730.58,4102.5,7562.5,125.329,32.21,252.0,1575.65,0.0,808.6000000000001,833.9,1930401.451467,104178.166,120154.0,30.0,3268.9,0.0,0.0,29650.0,17.36,0.38,0.02,94.15,71.66,19.31,28.14,14.26,20.25,2.31,13.88,0,0,0.6348666259428104
La Libertad,2024,Julio,32020.0,45605.75,18745.1,329695.0,32407.8,2117.72,88424.59,0.0,2624.58,16800.0,7974.0,7816.0,9869.0,4622.5,4461.3,1158.4,21719.2,18671.9,197290.27,7844.065,5404.579000000001,1386.277,13670.059,409.0,792.42,617.1469999999999,6425.290000000001,0.0,26978.35,522.2360000000001,78.87000000000002,487.949,406.23,0.0,525603.85,12061.9,3632.68,6289.5,10904.0,180.108,32.21,264.0,2648.05,0.0,3757.1,6648.099999999999,2306808.5238785,122384.964,139756.5,30.0,9762.3,0.0,0.0,31650.0,18.66,0.37,0.01,94.09,66.59,19.83,28.02,13.6,20.78,2.43,14.42,0,0,0.773011036635638
La Libertad,2024,Agosto,61585.7,50274.85,23601.1,329835.0,56931.5,3489.02,102109.29,989.0,3074.58,16800.0,8604.0,9448.0,11197.5,4957.5,4646.3,1185.4,36017.8,18769.9,217890.27,8970.545,5484.679000000001,1571.387,15280.259,445.55,821.9269999999999,789.387,8581.29,0.0,29026.15,535.166,78.87000000000002,509.679,549.83,0.0,528539.85,13774.6,5653.98,6618.0,11482.0,184.477,32.21,300.0,2919.45,0.0,6560.0,10514.1,2745940.70778935,140268.744,155665.0,60.0,14445.4,0.0,0.0,41150.0,19.05,0.37,0.0,94.17,66.45,19.46,27.59,14.49,20.89,2.54,13.1,0,0,0.7586249674064314
La Libertad,2024,Septiembre,67002.7,90125.85,24113.6,330129.0,65434.0,4029.02,115016.65,6226.6,4007.45,18500.0,9552.0,10489.0,13436.5,5124.3,4797.3,1190.4,43045.8,18876.9,225090.27,10097.025,5485.979000000001,1756.077,16556.359,514.85,844.6270000000002,977.756,10431.29,0.0,31102.27,994.766,78.87000000000002,509.679,671.13,0.0,542020.85,15329.3,7879.179999999999,6721.0,11570.0,184.477,32.21,330.0,3387.55,1169.0,6900.299999999999,11033.04,3319327.98539715,159879.624,177412.0,60.0,15256.1,0.0,0.0,66010.0,18.44,0.37,0.15,94.03,66.06,19.91,27.32,15.05,21.59,2.5,12.27,0,0,0.7891761585812629
La Libertad,2024,Octubre,67177.7,95582.45,24143.6,330129.0,65434.0,4029.02,128294.25,13852.7,4484.55,18500.0,12252.0,11285.0,14672.0,5378.8,4957.3,1190.4,45488.8,19088.9,231574.39,11214.335,5486.519000000001,1949.286,17908.709,631.5500000000001,864.7370000000002,1109.795,10431.759,0.0,33361.37,999.906,78.87000000000002,509.679,671.13,0.0,558363.75,17087.1,8796.98,6721.0,11582.0,184.477,32.21,408.0,3743.36,1520.0,6900.299999999999,11046.84,3810459.29039715,180225.433,194775.0,60.0,15600.45,0.0,0.0,112210.0,21.08,0.38,0.18,94.11,68.29,20.27,27.71,15.14,22.49,2.44,12.57,0,0,0.7539279758349366
La Libertad,2024,Noviembre,67177.7,105871.45,24147.2,330626.0,65434.0,4029.02,140557.95,20400.7,4968.5,18500.0,18752.0,11363.0,15462.0,5612.3,4987.3,1190.4,47643.8,19105.9,236942.139,12356.145,5494.169000000001,1985.545,19509.509,744.7,879.1460000000002,1227.815,10431.759,0.0,41153.82,1004.306,78.87000000000002,509.679,671.13,0.0,579084.45,19366.1,9192.08,6721.0,11594.0,184.477,32.21,540.0,3846.06,1520.0,6901.499999999999,11054.34,4250028.09539715,201202.6420000001,206568.0,60.0,16027.25,0.0,0.0,157181.6,21.57,0.38,0.48,94.14,79.68,18.99,25.16,15.22,21.11,2.15,9.94,0,0,0.4462172244362794
La Libertad,2024,Diciembre,67736.9,111588.95,24139.1,330626.0,65434.0,4029.02,158469.95,23601.0,5421.0,19500.0,19352.0,11875.5,17275.0,5748.3,5077.3,1190.4,48942.8,19105.9,239369.289,13488.935,5502.669000000001,2048.795,21038.709,829.97,837.936,1350.085,10431.759,0.0,53643.02,560.296,78.87000000000002,509.679,671.13,0.0,612389.75,21906.7,9459.08,6721.0,11606.0,184.477,32.21,805.0,4081.56,1534.5,6901.499999999999,11049.04,4703635.53939715,222235.232,219401.0,60.0,16522.45,0.0,0.0,181681.6,19.56,0.39,0.82,94.08,82.88,19.44,26.27,15.68,21.21,2.36,10.59,0,0,0.3866325203031564
Piura,2024,Enero,0.0,3094.0,0.0,50200.0,0.0,0.0,0.0,0.0,0.0,180.0,450.0,0.0,0.0,56.0,50.0,0.0,0.0,0.0,196.0,33000.0,20000.0,290.0,0.0,144.0,24000.0,152.0,0.0,0.0,700.0,0.0,0.0,0.0,0.0,0.0,1511.0,383.0,1100.0,0.0,0.0,356.0,239.0,22.0,0.0,0.0,0.0,0.0,67168.73800000001,534.0,0.0,0.0,0.0,0.0,0.0,820.0,14.34,0.53,0.98,91.43,65.9,25.38,37.78,18.33,27.35,1.92,19.45,0,1,1.104869069310475
Piura,2024,Febrero,20.0,4198.0,0.0,51065.0,0.0,0.0,0.0,0.0,0.0,610.0,970.0,0.0,0.0,140.0,152.0,0.0,0.0,0.0,1160.0,67413.0,39000.0,584.0,0.0,207.0,48408.0,383.0,0.0,0.0,840.0,0.0,0.0,0.0,0.0,0.0,3404.0,1397.0,1104.0,0.0,0.0,712.0,431.0,22.0,0.0,0.0,36.0,9.0,137020.763,1082.0,0.0,0.0,0.0,0.0,0.0,1300.0,15.46,0.55,3.68,91.48,72.42,25.16,37.03,18.89,26.75,1.81,18.14,0,1,0.8820053917267554
Piura,2024,Marzo,20.0,5290.0,0.0,51065.0,0.0,0.0,0.0,0.0,0.0,1110.0,1630.0,0.0,0.0,185.0,239.0,0.0,461.0,425.0,2130.0,104652.0,43500.0,849.0,0.0,281.0,72958.0,579.0,0.0,0.0,1840.0,0.0,0.0,0.0,0.0,0.0,4704.0,2083.0,2670.0,0.0,0.0,1068.0,650.0,97.0,0.0,0.0,112.0,9.0,149057.652,1617.0,0.0,0.0,0.0,0.0,0.0,1570.0,15.41,0.54,0.65,91.48,63.9,25.8,37.88,18.65,27.56,1.66,19.23,0,1,1.199167545974983
Piura,2024,Abril,20.0,6715.0,0.0,51660.0,0.0,0.0,0.0,0.0,0.0,1410.0,2330.0,180.0,44.0,278.0,322.0,0.0,749.0,675.0,2935.0,142009.0,43510.0,1126.0,0.0,366.0,100453.0,772.0,0.0,0.0,4840.0,0.0,0.0,0.0,0.0,0.0,5284.0,3015.0,3773.0,0.0,0.0,1402.0,890.0,97.0,0.0,0.0,180.0,9.0,218856.361,2144.0,0.0,0.0,0.0,0.0,0.0,1570.0,14.53,0.53,0.7,91.49,62.44,25.28,37.33,18.93,27.0,1.67,18.4,0,1,1.209766705767556
Piura,2024,Mayo,549.0,10310.0,956.0,61660.0,19.0,0.0,0.0,0.0,0.0,1610.0,2630.0,257.0,196.0,421.0,469.0,0.0,855.0,675.0,3834.0,175009.0,43518.0,1402.0,0.0,446.0,119453.0,1039.0,0.0,0.0,4960.0,0.0,0.0,0.0,0.0,0.0,7236.0,3570.0,3797.0,66.0,130.0,1772.0,1235.0,97.0,260.0,0.0,214.0,14.0,299272.361,2677.0,0.0,0.0,0.0,0.0,0.0,1570.0,15.05,0.52,0.44,91.44,55.84,25.8,37.72,18.76,27.48,1.53,18.96,0,1,1.466904122721752
Piura,2024,Junio,4927.0,22310.0,5679.0,241660.0,176.0,0.0,0.0,0.0,0.0,2460.0,3380.0,437.0,332.0,599.0,469.0,19.0,1112.0,675.0,4717.0,204899.0,43510.0,1504.0,0.0,523.0,134453.0,1362.0,0.0,0.0,5660.0,0.0,0.0,0.0,0.0,0.0,10266.0,4055.0,4138.0,749.0,757.0,2477.0,1633.0,147.0,1471.0,0.0,285.0,416.0,377697.573,3496.0,0.0,0.0,0.0,0.0,0.0,1570.0,15.59,0.52,0.63,91.53,55.39,24.72,39.06,17.72,26.35,1.41,21.34,0,1,1.389701967496809
Piura,2024,Julio,7149.0,27322.0,7655.0,376660.0,233.0,0.0,0.0,0.0,0.0,3960.0,5030.0,437.0,404.0,849.0,474.0,39.0,1236.0,750.0,5434.0,243699.0,43850.0,1689.0,0.0,586.0,148453.0,1701.0,0.0,0.0,6460.0,0.0,0.0,0.0,0.0,0.0,14478.0,5094.0,4399.0,1165.0,1068.0,3546.0,1870.0,532.0,2983.0,0.0,344.0,1056.0,471010.496,4245.0,0.0,0.0,0.0,0.0,0.0,1640.0,16.33,0.51,0.18,91.48,49.79,25.47,37.48,16.95,27.24,1.27,20.53,0,1,1.635563205777341
Piura,2024,Agosto,13914.0,30058.0,13242.0,402660.0,417.0,0.0,0.0,0.0,0.0,6110.0,5830.0,437.0,404.0,927.0,474.0,39.0,1236.0,800.0,5804.0,282699.0,44550.0,1815.0,0.0,644.0,159313.0,1959.0,0.0,0.0,9960.0,0.0,0.0,0.0,0.0,0.0,19119.0,6114.0,4564.0,1702.0,1803.0,5193.0,2002.0,532.0,4576.0,0.0,589.0,2496.0,559551.7470000001,4826.0,0.0,0.0,0.0,0.0,0.0,1800.0,17.48,0.51,0.26,91.56,49.95,25.18,37.9,17.13,27.37,1.49,20.77,0,1,1.602499002283727
Piura,2024,Septiembre,14373.0,31747.0,14557.0,402660.0,462.0,0.0,0.0,0.0,0.0,8110.0,6530.0,452.0,404.0,947.0,474.0,84.0,2174.0,900.0,6432.0,263300.0,51758.0,1967.0,0.0,707.0,176100.0,2175.0,0.0,0.0,15760.0,0.0,0.0,0.0,0.0,0.0,23341.0,7222.0,5895.0,1702.0,1803.0,6623.0,2182.0,147.0,5033.0,0.0,589.0,3022.0,640968.7170000001,5324.0,0.0,0.0,0.0,156.0,0.0,2780.0,15.79,0.51,0.56,91.44,51.34,25.41,38.31,17.43,27.71,1.49,20.88,0,1,1.579436884831103
Piura,2024,Octubre,14421.0,35685.0,14661.0,402660.0,462.0,0.0,0.0,0.0,0.0,14310.0,7830.0,1268.0,404.0,978.0,539.0,306.0,2664.0,900.0,6615.0,288800.0,73434.0,2148.0,0.0,838.0,194012.0,2367.0,0.0,0.0,71460.0,0.0,0.0,0.0,0.0,0.0,25036.0,8965.0,6133.0,1711.0,1831.0,7436.0,2510.0,802.0,5362.0,0.0,589.0,3155.0,735990.1490000001,5780.0,0.0,0.0,0.0,5087.0,0.0,5287.0,18.56,0.52,0.76,91.51,55.76,24.94,37.76,17.7,27.33,1.87,20.06,0,1,1.396378356008103
Piura,2024,Noviembre,14421.0,36761.0,14661.0,433392.0,462.0,0.0,0.0,0.0,0.0,16160.0,9130.0,1286.0,404.0,1177.0,587.0,455.0,3244.0,981.0,7176.0,314105.0,133434.0,2245.0,0.0,972.0,210512.0,2541.0,0.0,0.0,171460.0,0.0,0.0,0.0,0.0,0.0,26421.0,9800.0,6188.0,1711.0,1831.0,7792.0,2611.0,892.0,5362.0,0.0,594.0,3155.0,831338.834,6101.0,0.0,0.0,0.0,6087.0,0.0,8187.0,19.58,0.51,0.15,91.52,51.64,24.05,35.57,15.74,26.71,2.18,19.83,0,1,1.447311436325265
Piura,2024,Diciembre,14421.0,57696.0,14835.0,518800.0,462.0,0.0,0.0,0.0,0.0,19277.0,9480.0,1401.0,404.0,1354.0,595.0,603.0,3171.0,1044.0,7514.0,338605.0,262729.0,2453.0,0.0,1056.0,226926.0,2574.0,0.0,0.0,261460.0,0.0,0.0,0.0,0.0,0.0,27903.0,10633.0,7534.0,1711.0,1831.0,9499.0,2941.0,2117.0,5362.0,0.0,606.0,3171.0,923575.167,6639.0,0.0,0.0,0.0,5654.0,0.0,9407.0,15.03,0.52,1.03,91.47,61.85,24.04,36.49,17.84,26.42,2.29,18.65,0,1,1.141063099219499
Puno,2024,Enero,0.0,0.0,0.0,0.0,0.0,0.0,0.0,0.0,0.0,0.0,0.0,0.0,0.0,0.0,0.0,0.0,0.0,0.0,593.0,966.8,0.0,391.1,115.6,74.2,0.0,0.0,0.0,0.0,0.0,0.0,0.0,0.0,0.0,0.0,0.0,0.0,0.0,0.0,0.0,0.0,0.0,0.0,0.0,0.0,0.0,0.0,0.0,44752.0,0.0,0.0,0.0,0.0,0.0,0.0,23.82,0.45,2.95,63.9,72.22,11.22,18.86,3.22,15.83,4.0,15.64,0,0,0.3700271439751344
Puno,2024,Febrero,0.0,0.0,0.0,0.0,0.0,0.0,0.0,0.0,0.0,0.0,0.0,0.0,27.7,0.0,0.0,0.0,98.0,0.0,1340.7,1819.0,0.0,812.5,115.6,158.5,0.0,0.0,0.0,0.0,0.0,0.0,0.0,0.0,0.0,0.0,8308.0,0.0,0.0,0.0,0.0,0.0,0.0,0.0,0.0,0.0,0.0,0.0,0.0,198300.0,0.0,0.0,0.0,0.0,0.0,0.0,21.01,0.5,4.52,63.92,75.18,10.36,16.92,3.68,14.77,4.08,13.24,0,0,0.3122009885548439
Puno,2024,Marzo,0.0,60.4,41.0,0.0,0.0,68.5,0.0,0.0,0.0,0.0,0.0,0.0,312.3,0.0,0.0,0.0,542.4390000000001,0.0,1873.4,2920.7,0.0,1222.1,115.6,187.2,0.0,0.0,0.0,0.0,0.0,0.0,15.2,0.0,0.0,0.0,91543.46899999998,0.0,0.0,975.02,780.62,0.0,0.0,0.0,0.0,0.0,0.0,0.0,0.0,775416.6190000001,0.0,11930.25,55307.83000000002,0.0,0.0,0.0,21.06,0.54,3.47,63.94,75.98,10.45,18.12,5.18,14.33,3.84,12.94,0,0,0.3039597943797546
Puno,2024,Abril,1533.449,2227.0,2579.82,0.0,21834.309,46259.15999999998,0.0,0.0,0.0,0.0,0.0,0.0,655.4,0.0,110.4,339.0,5916.924000000001,0.0,2246.8,4297.3,0.0,1617.9,115.6,299.1,2.3,118.5,43.0,0.0,0.0,0.0,109.9,0.0,0.0,0.0,736915.237,1386.0,1130.6,33771.47,12773.389,105.3,5.0,0.0,763.5,0.0,13174.377,501.8900000000001,0.0,1645062.158,0.0,306492.8,3101369.247,0.0,7.0,0.0,20.54,0.52,1.05,63.92,69.77,11.18,17.88,4.7,14.54,3.14,13.18,0,0,0.4015934456084446
Puno,2024,Mayo,2283.608,4587.3,6562.02,6.0,40326.258,56848.07999999998,0.0,0.0,0.0,0.0,0.0,0.0,874.3,0.0,137.0,339.0,6570.424000000001,0.0,2246.8,5454.3,0.0,2041.5,115.6,398.6999999999999,18.6,6753.5,1579.0,0.0,0.0,0.0,231.4,0.0,0.0,0.0,1149314.626,20428.0,2424.6,52518.22,22458.069,1572.3,82.1,0.0,1039.2,0.0,20542.137,908.55,0.0,2138404.807,0.0,406539.778,3897096.627,0.0,45.0,0.0,20.57,0.5,0.94,63.93,58.61,10.17,17.2,3.13,12.59,2.4,14.07,0,0,0.5140558802757913
Puno,2024,Junio,2283.608,4587.3,6562.020000000002,6.0,40577.558,57168.48,0.0,0.0,0.0,0.0,0.0,0.0,874.3000000000001,0.0,137.0,339.0,6570.424000000001,0.0,2246.8,6434.499999999999,0.0,2457.5,115.6,493.8000000000001,46.8,14966.2,3643.8,0.0,0.0,0.0,351.8,0.0,0.0,0.0,1182343.026,34611.0,2424.6,53093.22,22458.069,5304.8,303.6,0.0,1058.2,0.0,19786.137,906.2,0.0,2235115.807,0.0,395302.778,3838827.627,0.0,52.3,0.0,19.73,0.46,0.48,63.93,56.87,9.16,16.87,3.2,11.09,2.23,13.67,0,0,0.5005197273297718
Puno,2024,Julio,2283.608,4587.3,6562.020000000002,6.0,40577.558,57168.48,0.0,0.0,0.0,0.0,0.0,0.0,874.3000000000001,0.0,137.0,339.0,6570.424000000001,0.0,2246.8,7450.299999999999,0.0,2866.2,115.6,593.5000000000001,63.8,22034.2,6064.0,0.0,0.0,0.0,427.9,0.0,0.0,0.0,1182343.026,43666.0,2424.6,53093.22,22458.069,7009.9,597.6,0.0,1058.2,0.0,19786.137,906.2,0.0,2235115.807,0.0,395302.778,3838827.627,0.0,53.3,0.0,21.15,0.44,0.05,63.92,57.26,7.97,15.36,0.44,10.03,3.17,14.92,1,0,0.4575504341483827
Puno,2024,Agosto,2283.608,4587.3,6562.020000000002,6.0,40577.558,57168.48,0.0,0.0,0.0,0.0,0.0,0.0,874.3000000000001,0.0,137.0,339.0,6570.424000000001,0.0,2246.8,8163.799999999999,0.0,3292.2,115.6,673.1000000000001,64.85,26985.2,7841.8,0.0,0.0,0.0,436.9,0.0,0.0,0.0,1182343.026,43666.0,2424.6,53093.22,22458.069,8301.1,750.3,0.0,1058.2,0.0,19786.137,906.2,0.0,2235115.807,0.0,395302.778,3838827.627,0.0,53.3,0.0,22.83,0.4,0.03,63.9,56.91,8.86,18.43,1.43,12.03,3.39,17.0,1,0,0.4900238763157798
Puno,2024,Septiembre,2283.608,4587.3,6405.02,6.0,40609.558,51269.87,0.0,0.0,0.0,0.0,0.0,0.0,874.3000000000001,0.0,137.0,339.0,6570.424,0.0,2246.8,9173.0,0.0,3713.7,970.6,747.45,57.85,26951.8,7838.8,0.0,0.0,0.0,436.9,0.0,0.0,0.0,1182850.026,43666.0,2424.6,52856.52,22458.069,8300.1,750.3,0.0,741.3999999999999,0.0,19786.137,906.2,0.0,2235115.807,0.0,403875.778,3838827.627,0.0,23.6,0.0,20.39,0.38,0.42,63.92,67.06,10.06,17.2,4.47,14.55,3.67,12.73,0,0,0.4061067709249079
Puno,2024,Octubre,2283.608,4587.3,6405.02,6.0,40609.558,51269.87,0.0,0.0,0.0,0.0,0.0,0.0,874.3000000000001,0.0,137.0,339.0,6570.424,0.0,2246.8,10236.0,0.0,4109.7,3729.6,817.25,57.85,26951.8,7838.8,0.0,0.0,0.0,436.9,0.0,0.0,0.0,1182850.026,43666.0,2424.6,52856.52,22458.069,8300.1,750.3,0.0,741.3999999999999,0.0,19786.137,906.2,0.0,2235115.807,0.0,403875.778,3838827.627,0.0,23.6,0.0,25.08,0.37,1.12,63.89,63.85,10.91,18.46,4.87,15.52,3.82,13.59,0,0,0.4716992181352071
Puno,2024,Noviembre,2283.608,4587.3,6405.02,6.0,40609.558,51269.87,0.0,0.0,0.0,0.0,0.0,0.0,874.3000000000001,0.0,137.0,339.0,6570.424,0.0,3372.8,11305.2,0.0,4543.0,8404.6,888.35,57.85,26951.8,7838.8,0.0,0.0,0.0,436.9,0.0,0.0,0.0,1182850.026,43666.0,2424.6,52856.52,22458.069,8300.1,750.3,0.0,741.3999999999999,0.0,19786.137,906.2,0.0,2238517.807,0.0,403875.778,3838827.627,0.0,23.6,0.0,24.32,0.38,2.13,63.77,68.5,11.14,18.49,2.71,16.15,3.94,15.78,0,0,0.4173551511866738
Puno,2024,Diciembre,2196.758,4587.3,6562.02,6.0,32406.719,41958.86,0.0,0.0,0.0,0.0,0.0,0.0,874.3000000000001,0.0,137.0,339.0,6570.424,0.0,2493.8,12527.2,0.0,5128.0,22373.6,1069.05,57.85,26951.8,7838.8,0.0,0.0,0.0,436.9,0.0,0.0,0.0,1216827.026,43666.0,2424.6,53093.22,22458.069,8184.099999999999,750.3,0.0,1058.2,0.0,18679.277,906.2,0.0,2263428.307,0.0,395302.778,3838827.627,0.0,23.6,0.0,25.93,0.39,0.72,63.78,67.54,11.15,19.35,3.42,16.04,3.51,15.93,0,0,0.4303601852513459
San Martin,2024,Enero,0.0,44054.0,0.0,66200.0,0.0,0.0,0.0,0.0,0.0,0.0,0.0,276.5,0.0,0.0,0.0,0.0,0.0,0.0,74.0,38262.0,18.5,1931.0,1267.5,0.0,324.5,2735.5,10.0,0.0,85.0,0.0,0.0,0.0,0.0,51063.18,0.0,9737.0,0.0,0.0,0.0,1881.0,3946.9,0.0,95.87,0.0,0.0,0.0,0.0,0.0,0.0,0.0,0.0,0.0,0.0,0.0,14.84,0.57,1.83,90.32,74.76,23.97,31.87,18.62,23.94,0.02,13.25,0,0,0.7517610666860084
San Martin,2024,Febrero,0.0,79704.0,0.0,126742.0,0.0,0.0,0.0,0.0,0.0,0.0,0.0,403.9,0.0,0.0,0.0,0.0,0.0,0.0,131.0,79251.0,84.5,3787.0,2597.5,0.0,864.5,5999.0,37.0,0.0,176.5,0.0,0.0,0.0,0.0,91020.18,0.0,18572.0,0.0,0.0,0.0,4660.5,8402.9,0.0,133.28,0.0,0.0,0.0,0.0,0.0,0.0,0.0,0.0,0.0,0.0,0.0,15.93,0.58,2.72,90.32,77.64,23.79,33.99,18.51,23.68,0.05,15.48,0,1,0.6588186075038549
San Martin,2024,Marzo,0.0,85149.0,0.0,201379.0,0.0,0.0,0.0,0.0,0.0,0.0,0.0,585.2,0.0,0.0,0.0,0.0,0.0,0.0,213.0,119141.0,174.5,5691.0,3724.5,0.0,1894.4,11039.0,70.0,0.0,241.0,0.0,0.0,0.0,0.0,166314.18,0.0,28099.0,0.0,0.0,0.0,16124.0,13872.6,0.0,401.8399999999999,0.0,0.0,0.0,0.0,0.0,0.0,0.0,0.0,0.0,0.0,0.0,15.85,0.56,1.09,90.34,72.92,24.55,32.42,18.47,24.47,0.04,13.95,0,1,0.8350800960965348
San Martin,2024,Abril,0.0,87252.4,0.0,276864.7,0.0,0.0,0.0,0.0,0.0,0.0,0.0,783.9000000000001,0.0,0.0,0.0,0.0,0.0,0.0,262.0,160361.0,178.5,7220.0,4856.5,0.0,2865.4,17931.0,115.0,0.0,338.0,0.0,0.0,0.0,0.0,203931.72,0.0,37402.0,0.0,0.0,0.0,34292.0,20418.5,0.0,583.1399999999999,0.0,0.0,0.0,0.0,0.0,0.0,0.0,0.0,0.0,0.0,0.0,16.74,0.56,1.35,90.32,73.25,24.54,31.99,19.32,24.51,0.02,12.67,0,0,0.8244107954935953
San Martin,2024,Mayo,0.0,99815.7,0.0,360393.7,0.0,0.0,0.0,0.0,0.0,0.0,0.0,962.6,14.35,0.0,0.0,0.0,0.0,0.0,288.0,202890.0,178.5,9141.0,6254.5,0.0,3836.6,23110.0,188.0,0.0,436.0,0.0,0.0,0.0,0.0,240624.21,0.0,46979.5,0.0,0.0,0.0,55256.0,28526.7,0.0,613.5599999999998,0.0,0.0,0.0,0.0,0.0,0.0,0.0,0.0,0.0,0.0,0.0,15.02,0.54,1.15,90.4,73.06,24.34,32.37,17.25,24.28,0.04,15.12,0,1,0.8203922209863421
San Martin,2024,Junio,0.0,153998.2,0.0,433586.8000000001,0.0,0.0,0.0,0.0,200.0,0.0,0.0,1105.6,21.9,0.0,0.0,0.0,0.0,0.0,321.0,244527.0,180.5,11884.0,7844.5,0.0,4790.3,34194.0,256.0,0.0,571.5,0.0,0.0,0.0,0.0,233695.9,0.0,56014.5,0.0,0.0,0.0,69692.5,38191.1,0.0,622.14,0.0,0.0,0.0,0.0,0.0,0.0,0.0,0.0,0.0,0.0,0.0,16.52,0.53,0.29,90.47,65.4,24.27,31.72,16.84,24.15,0.05,14.88,0,0,1.049251465360606
San Martin,2024,Julio,0.0,204736.0,0.0,526728.6000000001,0.0,0.0,0.0,0.0,825.0,0.0,0.0,1309.6,21.9,0.0,0.0,0.0,0.0,0.0,349.0,278797.0,180.5,14202.0,10052.5,0.0,5257.3,55693.0,306.0,0.0,662.5,0.0,0.0,0.0,0.0,280498.26,0.0,66248.24,0.0,0.0,0.0,78589.5,44830.2,0.0,770.6,0.0,0.0,0.0,0.0,0.0,0.0,0.0,0.0,0.0,0.0,0.0,15.64,0.53,0.85,90.58,66.02,23.68,31.79,16.27,23.53,0.06,15.52,0,0,0.9945902723780939
San Martin,2024,Agosto,0.0,219643.5,0.0,593176.4000000001,0.0,0.0,0.0,0.0,1200.0,0.0,0.0,1436.6,21.9,0.0,0.0,0.0,0.0,0.0,373.0,313370.0,180.5,16131.0,11799.5,0.0,5554.5,65635.0,326.0,0.0,714.5,0.0,0.0,0.0,0.0,325972.76,0.0,75414.74,0.0,0.0,0.0,83348.7,48945.7,0.0,1014.89,0.0,0.0,0.0,0.0,0.0,0.0,0.0,0.0,56.0,0.0,0.0,17.01,0.53,0.39,90.5,59.5,25.12,33.42,18.16,24.99,0.06,15.26,0,1,1.292106613675912
San Martin,2024,Septiembre,0.0,221617.6,0.0,650116.3000000002,0.0,0.0,0.0,0.0,1300.0,0.0,0.0,1819.6,29.7,0.0,0.0,0.0,0.0,0.0,386.0,347155.0,208.5,17827.0,13685.5,0.0,5632.8,67364.5,342.8,0.0,794.4,0.0,0.0,0.0,0.0,362172.76,0.0,84711.24,0.0,0.0,0.0,81195.7,52595.2,0.0,1537.34,0.0,0.0,0.0,0.0,0.0,0.0,0.0,0.0,165.0,0.0,0.0,15.8,0.53,1.04,90.34,62.09,25.5,34.17,18.84,25.29,0.08,15.33,0,1,1.237097985594347
San Martin,2024,Octubre,0.0,223486.8,0.0,719024.7000000002,0.0,0.0,0.0,0.0,1675.0,0.0,0.0,2120.6,37.2,0.0,0.0,0.0,0.0,0.0,411.0,378071.0,283.5,19502.0,15251.5,0.0,5833.6,68263.5,359.3,0.0,898.9,0.0,0.0,0.0,0.0,409764.76,0.0,92282.94,0.0,0.0,0.0,81300.59999999999,55374.7,0.0,1940.11,0.0,0.0,0.0,0.0,0.0,0.0,0.0,0.0,616.0,0.0,0.0,18.62,0.53,1.74,90.29,62.31,25.68,34.9,18.48,25.59,0.05,16.42,0,1,1.243116916680441
San Martin,2024,Noviembre,0.0,225494.91,0.0,791279.8500000002,0.0,0.0,0.0,0.0,1675.0,0.0,0.0,2355.3,51.8,0.0,0.0,0.0,0.0,0.0,485.0,412056.0,660.5,21466.0,16461.5,0.0,6145.8,69986.0,375.8,0.0,1126.4,0.0,0.0,0.0,0.0,466563.76,0.0,100649.74,0.0,0.0,0.0,81412.45,58290.0,0.0,2163.81,0.0,0.0,0.0,0.0,0.0,0.0,0.0,0.0,616.0,0.0,0.0,15.59,0.56,2.86,90.18,71.23,23.9,32.62,18.2,23.87,0.02,14.42,0,1,0.853305852363015
San Martin,2024,Diciembre,0.0,231303.91,0.0,860914.7500000002,0.0,0.0,0.0,0.0,1675.0,0.0,0.0,2558.4,88.39999999999999,0.0,0.0,0.0,0.0,0.0,577.0,435069.4,1436.5,28010.0,17277.5,0.0,6075.3,71495.8,596.0,0.0,1269.9,0.0,0.0,0.0,0.0,538213.0700000001,0.0,109878.42,0.0,0.0,0.0,81793.95,62457.48,0.0,2307.17,0.0,0.0,0.0,0.0,0.0,0.0,0.0,0.0,616.0,0.0,0.0,16.88,0.55,0.79,90.21,70.76,24.3,32.23,18.71,24.28,0.01,13.52,0,1,0.8883030820334148
Ica,2025,Enero,0.0,4856.94,18.33,0.0,0.0,0.0,7845.95,0.0,563.88,0.0,90.0,13405.57,520.6400000000001,36.19,51.6,0.0,5590.08,25.95,364.16,201.24,1790.73,12.6,0.0,15.3,16.8,0.0,0.0,0.0,216559.0,0.0,15.5,10.1,0.0,0.0,89.94,173.72,0.0,0.0,0.0,0.0,0.0,926.43,19.57,54.25,0.0,0.0,0.0,6553.820000000001,0.0,0.0,0.0,1153.0,0.0,2500.0,24.52,0.33,0.35,95.85,77.14,21.5,26.36,18.1,23.2,2.67,8.259999999999998,0,0,0.5862071527800792
Ica,2025,Febrero,0.0,4856.94,71.41999999999999,0.0,0.0,0.0,15277.7,0.0,900.4499999999999,0.0,90.0,28239.12,1550.45,70.07,51.6,0.0,8085.54,38.79,2829.13,377.82,5610.9,27.6,0.0,15.3,167.3,0.0,633.85,0.0,328559.0,34.72,308.61,91.8,0.0,0.0,317.35,318.67,2899.32,0.0,0.0,0.0,0.0,1491.81,25.04,79.45,0.0,0.0,0.0,13541.13,0.0,0.0,0.0,1478.1,0.0,3529.11,22.06,0.35,1.69,95.75,82.99,22.17,26.86,19.51,23.48,2.46,7.349999999999998,0,0,0.4543989851308239
Ica,2025,Marzo,39.78,4856.94,94.43,0.0,14.78,0.0,24080.05,0.0,1027.24,0.0,201.3,31218.82,1673.86,85.19999999999999,51.6,2.13,13461.27,38.79,18509.02,539.07,9304.86,28.1,0.0,15.3,367.3,0.0,12241.75,0.0,377022.98,73.43,556.5,155.65,1901.05,0.0,563.88,424.95,8267.970000000001,0.0,0.0,0.0,0.0,1976.97,46.88,88.14999999999999,7.5,0.0,0.0,21783.19,0.0,0.0,0.0,2926.67,0.0,3617.31,22.57,0.38,1.11,95.81,80.76,22.0,27.64,18.89,23.18,2.6,8.75,0,0,0.5086757047879491
Ica,2025,Abril,62.4,4856.94,102.77,0.0,43.8,4.86,30264.35,0.0,1314.77,0.0,201.3,36598.57000000001,3490.29,101.18,51.6,2.13,20236.7,53.93,47059.02,572.1700000000001,10327.93,39.85,0.0,15.3,468.8,0.0,44495.03,0.0,380422.98,147.89,561.82,155.65,5188.7,0.0,636.3,1255.3,9532.04,0.0,6.84,0.0,0.0,2222.57,46.88,104.8,7.5,0.0,0.0,28586.19000000001,0.0,0.0,0.0,5002.4,0.0,3637.31,21.62,0.37,0.25,95.8,76.19,20.65,26.26,16.68,21.54,2.52,9.580000000000002,0,0,0.5795254719200162
Ica,2025,Mayo,62.4,4856.94,111.52,0.0,43.8,9.71,37388.84,0.0,1709.0,0.0,201.3,37612.29000000001,3688.18,101.18,51.6,2.13,25381.7,99.91,81059.02,767.44,10327.93,48.95,0.0,15.3,506.35,418.2700000000001,100639.13,70.0,380582.98,155.1,561.82,155.65,5188.7,0.0,636.3,2727.91,10082.07,0.0,6.84,0.0,0.0,2449.94,55.88,137.2,7.5,0.0,0.0,35609.24000000001,0.0,0.0,0.0,10055.13,0.0,3642.31,15.99,0.35,0.09,95.86,73.11,19.76,25.05,15.75,20.38,2.57,9.3,0,0,0.6194626624574553
Ica,2025,Junio,66.18,4856.94,119.02,0.0,65.14999999999999,11.7,45705.27,0.0,2659.57,0.0,236.42,41719.39000000001,6599.790000000001,106.91,51.6,25.53,33395.76,148.11,105383.29,903.54,10473.11,116.32,0.0,15.3,585.39,2770.29,114189.23,2513.29,364706.57,155.1,588.11,155.65,5270.099999999999,0.0,8387.33,3611.39,12149.16,0.0,9.73,0.0,0.0,3282.43,59.48,139.03,7.5,0.0,0.0,43888.6,0.0,0.0,0.0,11051.28,0.0,4092.31,10.56,0.41,2.43,95.96,78.54,18.05,23.54,13.86,18.54,3.19,9.68,0,0,0.4443119527875734
Ica,2025,Julio,66.18,4856.94,119.02,0.0,65.14999999999999,11.7,53127.76,1337.1,2861.31,0.0,236.42,44018.22000000001,10707.04,106.91,51.6,25.53,41002.96,545.09,125390.57,1141.72,10473.11,121.17,0.0,15.3,623.9,16017.77,161631.66,14088.71,365956.57,155.1,588.11,155.65,5272.48,0.0,56469.46000000001,4449.84,16801.11,0.0,9.73,0.0,0.0,3894.75,66.89,249.62,7.5,0.0,0.0,51556.71,0.0,0.0,0.0,11051.28,0.0,5611.63,11.25,0.4,0.02,95.95,73.71,17.96,23.62,13.6,18.44,3.21,10.02,0,0,0.5412418107621522
Ica,2025,Agosto,66.18,4856.94,119.02,0.0,71.55,11.7,66317.47,15126.1,3579.79,0.0,330.05,46986.31000000001,13768.66,183.17,86.25,25.53,45702.96,3728.43,144898.67,1250.72,10473.11,147.17,0.0,15.3,803.8,23535.67,182547.42,19913.93,366781.57,195.0,588.11,155.65,5272.48,0.0,117320.94,4875.400000000001,19744.16,0.0,9.73,0.0,0.0,4333.49,614.8199999999999,344.74,7.5,0.0,0.0,58914.85,0.0,0.0,0.0,11051.28,0.0,9613.9,14.11,0.37,0.02,95.99,68.9,17.74,24.3,13.02,18.64,3.32,11.28,0,0,0.631461027001331
Ica,2025,Septiembre,66.18,4856.94,119.02,0.0,77.33,11.7,87064.35,26953.1,3619.79,0.0,596.8100000000001,47428.22,18586.18,194.4100000000001,86.25,34.23,58156.03000000001,19638.59,152190.6,1106.26,10473.11,159.68,0.0,15.3,803.8,24470.72,161629.43,21330.53,367921.57,222.61,588.11,155.65,5332.789999999999,0.0,136570.54,5707.26,21934.12,44.14,14.76,0.0,0.0,5537.84,3123.75,1246.7,7.5,0.0,0.0,64040.01000000001,0.0,0.0,0.0,10721.68,0.0,19119.89,18.18,0.35,0.07,95.94,68.57,18.5,24.68,13.71,19.83,3.23,10.97,0,0,0.6693670879865332
Ica,2025,Octubre,66.18,4856.94,125.3,0.0,77.33,11.7,105728.32,32533.3,3907.130000000001,0.0,790.8800000000001,59896.22,19534.18,194.4100000000001,136.59,34.23,65023.78000000001,23371.09,152190.6,1216.96,10473.11,210.78,0.0,15.3,803.8,24470.72,164879.81,21330.53,370451.57,222.61,598.3100000000001,155.65,5332.789999999999,0.0,136570.54,6419.26,22658.62,66.08,19.05,0.0,0.0,5764.34,3909.39,4150.38,7.5,13.5,0.0,71570.23000000001,0.0,0.0,0.0,10722.84,0.0,38219.89,22.13,0.34,0.14,95.89,70.34,18.83,24.85,14.14,20.48,3.08,10.71,0,0,0.6448454600444533
Ica,2025,Noviembre,66.18,4856.94,129.88,0.0,77.33,11.7,119021.28,41389.6,4731.630000000001,0.0,790.8800000000001,82456.22,19896.18,202.0,136.59,118.23,73883.78,23421.09,152190.6,1244.46,10473.11,219.23,0.0,15.3,803.8,24470.72,164879.81,21330.53,405836.57,222.61,631.11,155.65,5332.789999999999,0.0,145410.54,6419.26,23012.62,66.08,19.05,0.0,0.0,5981.34,3909.39,4833.98,7.5,13.5,0.0,78706.61000000002,0.0,0.0,0.0,10725.84,0.0,51902.71,25.16,0.34,0.03,95.82,70.22,19.41,26.19,14.81,21.23,3.08,11.38,0,0,0.6712884500710947
Ica,2025,Diciembre,66.18,4856.94,137.53,0.0,90.18,11.7,129988.34,43516.55,5093.630000000001,0.0,886.8800000000001,130098.22,20778.97,207.05,136.59,118.23,88808.28,23421.09,152190.6,726.5600000000001,10460.77,505.77,0.0,40.90000000000001,803.8,26739.94,167618.81,21559.94,559451.87,223.11,635.61,644.9100000000001,5333.239999999999,0.0,145537.83,6880.26,23008.7,66.08,19.05,0.0,0.0,6799.14,3909.39,5237.72,7.5,13.5,0.0,108593.0,0.0,0.0,0.0,11144.63,0.0,56590.53,25.16,0.33,0.06,95.82,72.42,20.21,26.27,15.32,22.15,3.01,10.95,0,0,0.6533077952245918
Junin,2025,Enero,0.0,3072.2,0.0,35.4,0.0,0.0,0.0,276.9,172.4,0.0,0.0,0.0,481.0,4968.700000000001,3470.0,14.3,19.3,3686.9,9715.3,19421.9,609.9,1100.1,43103.85,755.4999999999999,270.2,22167.23,1147.515,2757.39,0.0,0.7,1.5,16.5,0.0,0.0,29204.7,8272.8,0.0,0.0,71.1,0.0,755.3610000000001,0.0,351.65,0.0,0.0,0.0,0.0,12949.25,0.0,733.4,1782.0,0.0,7.419999999999999,0.0,14.01,0.65,3.48,90.93,75.95,24.43,32.11,19.13,24.21,0.27,12.98,0,1,0.7363396375020526
Junin,2025,Febrero,0.0,3072.2,10.0,90.2,0.0,0.0,0.0,690.7000000000002,410.5,0.0,0.0,0.0,1155.3,11383.3,7788.0,87.89999999999999,19.3,14965.6,17167.9,38972.75000000001,1000.4,2199.75,87848.04999999999,1544.6,595.3,46046.18,3488.923999999999,7869.07,0.0,39.3,76.6,74.30000000000001,0.0,0.0,71065.00000000001,16046.8,0.0,21.0,780.8,3756.252,1852.873,0.0,861.1,0.0,0.0,0.0,0.0,26511.3,0.0,1946.9,7192.4,0.0,15.21,0.0,15.08,0.7,6.87,90.94,83.69,23.43,32.26,18.75,23.24,0.23,13.51,0,1,0.4702574896063738
Junin,2025,Marzo,0.0,3072.2,40.5,156.1,0.0,0.0,0.0,1178.275,676.1,0.0,0.0,0.0,2053.9,18132.2,14984.2,176.1,38.8,41202.2,23494.3,57568.06000000001,1000.4,3219.94,130400.8,2387.2,1045.33,73196.86,6773.403999999999,14139.29,0.0,80.6,180.4,137.5,0.0,0.0,124099.9,21351.3,0.0,35.0,2465.8,10738.59,5017.556,0.0,1462.1,0.0,0.0,0.0,0.0,41299.75000000001,0.0,3821.6,24146.9,0.0,23.61,0.0,13.45,0.8,6.71,91.06,91.38,22.2,27.22,18.52,21.97,0.23,8.7,0,0,0.2306924074154488
Junin,2025,Abril,0.0,3072.2,386.5,247.7,0.0,0.0,0.0,1634.5,858.9,0.0,0.0,39.9,2888.5,24718.0,23159.6,275.3,266.9,95083.9,29507.61,76304.11000000002,1000.4,4259.59,170537.45,3263.1,1551.13,99628.26,13223.804,20519.59,0.0,123.7,273.0,176.2,0.0,0.0,205515.8,26914.3,0.0,112.2,6902.8,24065.107,9344.206000000002,0.0,1916.7,0.0,0.0,0.0,0.0,56022.60000000001,0.0,6160.3,58448.7,0.0,32.58000000000001,0.0,14.94,0.75,1.54,91.04,82.79,23.4,31.5,17.61,23.09,0.27,13.89,0,0,0.4953100030736457
Junin,2025,Mayo,0.0,3072.2,3034.4,319.6,721.2,504.2000000000001,0.0,2087.1,946.6,0.0,0.0,81.9,3585.2,28693.65,30458.2,712.0,307.2,118543.4,34030.628,94744.25,1000.4,5236.29,209138.35,4137.400000000001,2057.66,127222.03,22861.004,26269.59,0.0,132.1,292.4,176.2,0.0,0.0,340322.5999999999,32219.7,0.0,879.4000000000001,13318.9,40103.579,14364.355,0.0,2332.0,0.0,787.9000000000001,427.9999999999999,0.0,70062.95000000001,0.0,9110.3,97253.4,0.0,41.26000000000001,0.0,13.75,0.64,0.42,91.19,71.17,24.23,31.84,16.19,23.89,0.27,15.65,0,0,0.8721826225452225
Junin,2025,Junio,2590.7,3072.2,16160.5,381.5,9975.45,3330.999999999998,0.0,2392.425,967.2,0.0,0.0,93.9,3816.7,30191.84999999999,36465.50000000001,3707.1,385.4,118615.9,37495.889,114085.549,1000.4,6390.13,245572.55,4978.0,2593.44,162297.83,35551.954,31573.59,0.0,132.1,292.4,177.2,0.0,0.0,453957.0,37678.1,0.0,4579.1,20777.5,55499.599,20046.43,0.0,3282.5,0.0,3118.46,1557.92,0.0,83665.1,0.0,14401.4,125640.7,0.0,49.33,0.0,13.74,0.66,3.55,91.25,74.8,23.31,31.04,17.6,22.82,0.29,13.44,0,0,0.7213384623433639
Junin,2025,Julio,6547.420000000001,3072.2,21418.0,399.5,21518.7,6695.899999999999,0.0,2640.25,967.2,0.0,0.0,118.1,3906.7,31568.34999999999,39180.30000000001,6012.4,424.2000000000001,118672.0,40090.888,131964.227,1000.4,7392.030000000001,280283.35,5754.24,3007.04,197181.36,47613.314,34994.44,0.0,132.1,292.4,177.2,0.0,0.0,498113.7,42408.9,0.0,5786.3,22209.5,64572.173,25552.061,0.0,4616.3,0.0,3866.06,1751.02,0.0,100453.6,0.0,16876.8,142450.8,0.0,57.268,0.0,15.96,0.61,0.12,91.38,62.09,23.45,32.44,13.91,22.87,0.32,18.53,0,1,1.094357281077725
Junin,2025,Agosto,6784.520000000001,3072.2,22174.4,432.5,22082.7,6947.399999999999,0.0,2833.6,996.1,0.0,0.0,118.1,3906.7,33296.84999999999,40533.90000000001,6572.9,442.7000000000001,118892.0,42026.358,148593.507,1000.4,8273.480000000001,312492.15,6506.54,3262.09,225207.0399999999,56263.964,37256.28999999999,0.0,132.1,292.4,177.2,0.0,0.0,505165.9,49164.7,0.0,5799.900000000001,22216.5,68871.51199999999,29101.481,0.0,4800.6,0.0,3889.460000000001,1751.02,0.0,111945.35,0.0,17310.3,145515.7,0.0,63.728,0.0,15.77,0.57,0.19,91.21,51.84,25.58,34.74,16.75,25.36,0.29,17.99,0,1,1.579057010204604
Junin,2025,Septiembre,6733.520000000002,3072.2,22365.8,465.5,22061.7,6947.4,0.0,3067.25,1046.3,0.0,0.0,118.1,3906.7,35620.84999999999,41749.3,6516.8,462.3000000000001,119128.0,45229.228,165951.557,1000.4,9217.930000000002,345392.35,7294.139999999999,3262.09,250195.169,62020.96399999999,39173.09,0.0,132.1,292.4,177.2,0.0,0.0,507822.9999999998,60020.2,0.0,5954.400000000001,22243.5,68887.88100000001,31979.189,0.0,5111.400000000001,0.0,3891.860000000001,1766.02,0.0,123662.15,0.0,17781.1,146077.8,0.0,70.638,0.0,16.8,0.57,0.53,91.11,51.87,27.04,35.07,20.44,26.92,0.28,14.63,0,1,1.71997294000039
Junin,2025,Octubre,6733.520000000002,3072.2,22365.8,503.5,22061.7,6947.4,0.0,3319.175,1080.5,0.0,0.0,118.1,3906.7,37260.24999999999,42555.0,6588.3,481.9000000000001,119359.0,52254.678,185443.207,1000.4,10257.63,378377.07,8105.99,3262.09,273521.449,64063.41399999999,40438.15,0.0,132.1,292.4,177.2,0.0,0.0,511110.9999999998,74179.8,0.0,5954.400000000001,22243.5,68887.88100000001,33870.11,0.0,5486.200000000001,0.0,3891.860000000001,1766.02,0.0,136063.15,0.0,18367.9,147314.9,0.0,78.06800000000001,0.0,15.52,0.58,1.75,91.0,63.3,25.87,35.43,18.61,25.88,0.25,16.82,0,1,1.224159696156971
Junin,2025,Noviembre,6733.520000000002,3072.2,22365.8,534.5,22061.7,6947.4,0.0,3560.125,1080.5,0.0,0.0,118.1,3922.7,38665.94999999999,43552.8,6714.6,481.9000000000001,119409.0,61644.578,205483.707,1459.85,11432.48,416462.37,8827.19,3262.09,296767.249,64965.59299999999,41814.58499999999,0.0,132.1,292.4,177.2,0.0,0.0,518162.5999999998,89443.0,0.0,5954.400000000001,22243.5,68887.88100000001,34840.782,0.0,5754.200000000001,0.0,3891.860000000001,1766.02,0.0,148815.55,0.0,19314.8,148084.0,0.0,85.80380000000001,0.0,15.69,0.58,1.12,90.89,67.32,25.62,34.69,19.49,25.66,0.24,15.2,0,1,1.074047324405011
Junin,2025,Diciembre,6733.52,3072.2,22371.6,567.3,22061.7,6947.4,0.0,3838.375,1080.5,0.0,0.0,118.1,4078.1,41364.04999999999,45641.3,6742.000000000001,481.9,119954.0,74274.22800000002,223928.357,2321.65,12528.63,456839.57,9667.39,3262.09,318861.629,65997.152,43611.66499999999,0.0,116.3,292.4,177.2,0.0,0.0,538586.3999999999,102678.2,0.0,5954.400000000001,22261.90000000001,68887.88100000001,36682.212,0.0,5988.3,0.0,3891.86,1766.02,0.0,162464.15,0.0,19933.7,149319.6,0.0,93.7436,0.0,15.69,0.59,2.17,90.78,73.79,24.56,33.64,18.52,24.59,0.25,15.12,0,1,0.8087346716312451
La Libertad,2025,Enero,0.0,2912.0,0.0,601.0,0.0,665.0,11445.2,0.0,367.4,0.0,800.0,2355.0,1190.0,188.0,167.0,0.0,3330.0,89.0,61.7,765.26,1266.12,129.45,2090.7,3.6,28.81,0.0,0.0,0.0,6000.0,69.21000000000001,12.2,19.1,0.0,0.0,12533.1,1213.7,270.0,0.0,0.0,0.0,0.0,250.0,33.7,8.8,0.0,0.0,393934.2299999999,16545.93899999999,18696.0,0.0,425.5,0.0,1.0,14000.0,19.65,0.39,0.81,94.13,81.71,20.64,26.45,17.26,22.44,2.22,9.189999999999998,0,0,0.4448968610338642
La Libertad,2025,Febrero,0.0,2912.0,0.0,4494.0,0.0,1050.0,23073.96,0.0,930.1,0.0,3420.0,5897.0,2319.0,254.0,351.0,12.0,6529.0,169.5,547.73,2000.83,3025.190000000001,328.4300000000001,4143.7,24.29,180.98,0.0,8.4,0.0,13528.68,171.35,30.64,47.76900000000001,0.0,0.0,52234.8,2724.4,512.5,0.0,0.0,0.0,1.05,437.5,45.15,8.8,0.0,0.0,843525.3599999999,35269.20800000001,39955.0,0.0,803.3,0.0,1.0,21920.9,17.77,0.4,1.61,94.04,82.59,21.82,27.21,18.95,23.48,1.92,8.260000000000002,0,0,0.4552674699326866
La Libertad,2025,Marzo,0.0,2912.0,11.5,18479.0,0.0,1050.0,39017.17,0.0,1971.15,0.0,3816.0,8024.0,2924.0,1185.1,416.0,18.0,8221.5,365.0,9940.679999999997,3201.49,4895.07,604.2,6106.799999999999,54.64,335.8499999999999,10.44,21.04,0.0,16063.28,290.18,50.42,121.959,0.0,0.0,136816.7,3928.8,843.5,0.0,0.0,2.94,7.319999999999999,437.5,62.55,8.8,0.0,0.0,1194964.461,55186.117,59368.0,0.0,1217.4,0.0,1.0,23510.9,18.23,0.42,1.72,94.07,78.77,22.37,28.35,18.79,23.84,2.05,9.560000000000002,0,0,0.5740718002669678
La Libertad,2025,Abril,0.0,2912.0,11.5,55579.0,0.0,1050.0,48106.87,0.0,2585.65,0.0,6266.0,8896.0,4290.0,1790.1,1720.0,80.81,10311.0,2652.6,34940.67999999999,4412.878,5679.17,813.989,8064.349999999999,124.24,450.5489999999999,102.527,894.5600000000001,0.0,17827.48,354.11,58.54,186.799,0.0,0.0,234370.7,5048.15,1283.7,0.0,72.0,42.32899999999999,19.35,473.5,64.2,8.8,0.0,0.0,1545664.651,73164.587,83006.0,0.0,1637.9,0.0,1.0,24010.9,19.11,0.42,0.73,94.07,82.2,20.55,26.96,16.91,21.82,2.32,10.05,0,0,0.4305833426168948
La Libertad,2025,Mayo,0.0,2912.0,17.5,198205.0,0.0,1050.0,60075.56999999999,0.0,3375.75,0.0,11266.0,10097.0,5855.0,2647.1,2870.5,358.31,13796.0,5673.0,84940.68,5570.236999999999,5900.99,1140.327,9774.65,212.19,572.2259999999999,214.877,1922.51,0.0,19527.48,415.579,68.06,288.029,2.359,0.0,332553.4,5987.75,1632.15,1169.0,2309.0,93.529,28.77,473.5,99.4,8.8,0.0,0.0,1832512.843,88300.557,109889.0,0.0,4328.3,0.0,1.0,24710.9,17.33,0.4,0.44,94.09,77.8,20.22,28.42,16.31,21.34,2.36,12.11,0,0,0.5261928525851354
La Libertad,2025,Junio,1583.5,2912.0,2662.3,333293.2,1878.7,1065.3,75342.51999999999,0.0,3722.6,5900.0,12466.0,12307.0,8439.2,4120.1,3870.0,981.51,17175.35,10520.55,150631.12,6748.756,6064.958999999999,1311.945,11021.323,350.1900000000001,697.7219999999999,423.8770000000001,2079.26,0.0,23127.48,499.887,76.89,413.829,73.859,0.0,438980.0,7635.049999999999,2685.35,4340.9,6440.0,132.339,35.22,509.5,1386.85,8.8,433.05,548.5,2096646.412,107859.886,142553.0,0.0,8491.8,0.0,1.0,26260.9,14.73,0.45,2.58,94.15,79.62,19.55,26.62,15.58,20.49,2.44,11.04,0,0,0.4634124409198024
La Libertad,2025,Julio,23492.0,2912.0,12102.3,335213.2,23575.6,2191.85,86921.01999999999,0.0,4182.15,21200.0,12911.0,13888.1,12251.7,5140.6,4321.1,1278.01,26058.25,14173.75,217632.48,7911.946,6169.978999999999,1425.975,12700.143,403.8200000000001,800.6219999999998,675.7260000000001,5341.99,0.0,25369.48,531.256,77.42,491.819,175.859,0.0,503748.5,9128.6,4042.150000000001,5712.9,9330.5,190.838,36.22,617.5,2884.05,8.8,3041.85,6349.6,2558736.72,126627.605,169749.0,0.0,11343.8,0.0,1.0,33470.9,18.27,0.43,0.01,94.12,71.26,19.9,27.98,15.48,20.59,2.34,12.5,0,0,0.6678514037182643
La Libertad,2025,Agosto,47965.5,2912.0,19478.6,335213.2,50304.35,3469.05,101043.249,600.0,4657.75,21200.0,13611.0,15084.1,14328.98,5571.6,4381.1,1348.01,32728.25,14229.75,266644.198,9053.556,6249.418999999999,1503.075,14359.143,439.8200000000001,835.0419999999998,871.2350000000001,9099.99,0.0,27376.62,543.5559999999999,77.42,509.869,405.229,0.0,528121.5,10747.9,4800.650000000001,5997.9,9912.5,191.488,36.22,617.5,3287.55,8.8,5536.75,10522.0,3025472.9067,145224.795,191784.0,0.0,13306.4,0.0,1.0,57478.33,19.82,0.39,0.02,94.18,71.61,19.3,26.64,14.83,20.92,2.64,11.81,0,0,0.6355910091584791
La Libertad,2025,Septiembre,62313.17,2912.0,23237.7,335225.2,61063.39,5157.95,113220.499,5402.0,5212.15,21200.0,14711.0,16346.1,15976.98,5783.200000000001,4928.1,1378.01,47712.75,14678.75,297290.9959999999,9862.955,6322.258999999999,1735.825,16329.963,520.879,835.0419999999998,1021.332,12136.69,0.0,29498.649,558.8059999999999,79.61999999999999,510.139,548.449,0.0,550716.46,13181.56,5894.7,6144.4,10752.0,200.438,38.87,714.5,3872.35,8.8,6583.15,12505.53,3512620.737,164615.654,217612.0,0.0,13999.9,0.0,1.0,99488.28,20.87,0.39,0.19,94.15,70.1,19.62,26.67,14.27,21.72,2.7,12.4,0,0,0.6828458382343883
La Libertad,2025,Octubre,64380.17,2912.0,23318.7,335246.2,63596.89,6246.45,126444.019,13825.8,5583.15,21200.0,17211.0,17347.1,16539.98,6395.200000000001,5168.1,1378.01,54468.75,14720.75,303272.3459999999,10924.163,6322.859,1901.815,17682.283,636.7280000000001,835.0419999999998,1176.832,12137.12,0.0,36297.528,562.756,79.61999999999999,510.139,668.7489999999999,0.0,571424.26,15188.56,8064.5,6144.4,10752.0,200.438,38.87,714.5,4082.85,205.8,6623.25,12513.53,4020194.667,184372.88,237337.5,0.0,14420.9,0.0,1.0,141047.74,21.0,0.39,0.87,94.11,73.95,19.61,25.92,15.64,21.54,2.52,10.28,0,0,0.5945516096548469
La Libertad,2025,Noviembre,64380.17,2912.0,23335.7,335827.2,63596.89,7345.45,141823.189,24290.8,5957.65,21200.0,23719.0,18192.1,16716.78,6438.700000000001,5348.1,1378.01,55879.75,14736.75,308917.9139999999,11933.213,6330.579,1974.725,19361.063,775.498,835.0419999999998,1319.101,12137.12,0.0,49821.145,564.5459999999999,79.61999999999999,510.139,668.7489999999999,0.0,599469.51,17526.06,8512.0,6144.4,10760.0,200.438,38.87,798.5,4234.25,219.8,6633.25,12513.53,4549452.999053781,203750.327,249317.5,0.0,14840.9,0.0,1.0,173526.749,23.17,0.39,0.5,94.07,76.08,19.38,28.9,14.29,21.31,2.36,14.61,0,0,0.5381896343313082
La Libertad,2025,Diciembre,64765.17,2912.0,23353.7,335519.2,63785.89,7345.45,158517.509,24330.8,6069.15,21200.0,23839.0,18871.1,18066.78,6470.700000000001,5348.1,1378.01,56519.75,14752.75,312474.3919999999,13246.35,6414.927000000001,2439.132,21099.463,859.568,835.0419999999998,1484.078,12133.25,0.0,62955.825,515.346,79.61999999999999,517.2890000000001,668.7489999999999,0.0,625010.03,19545.96,9017.3,6236.9,11121.5,199.308,38.87,868.5,4370.75,225.8,6633.25,12513.53,5052355.425818031,227861.622,272053.5,0.0,15269.6,0.0,1.0,197555.528,23.17,0.38,0.06,94.1,72.05,19.7,25.76,15.26,21.63,2.25,10.5,0,0,0.6414897341221928
Piura,2025,Enero,0.0,418.0,166.0,38500.0,0.0,0.0,0.0,0.0,0.0,210.0,400.0,0.0,0.0,111.0,27.0,0.0,0.0,0.0,110.0,28500.0,165000.0,107.0,0.0,33.0,21118.0,0.0,0.0,0.0,7000.0,0.0,0.0,0.0,0.0,0.0,775.0,1574.0,212.0,0.0,0.0,0.0,42.0,0.0,0.0,0.0,13.0,0.0,83476.39,100.0,0.0,0.0,0.0,0.0,0.0,370.0,14.78,0.53,1.57,91.53,66.24,23.64,35.61,17.56,25.63,2.0,18.05,0,1,0.9857751388265357
Piura,2025,Febrero,0.0,418.0,166.0,41000.0,0.0,0.0,0.0,0.0,0.0,640.0,920.0,0.0,0.0,111.0,99.0,10.0,60.0,60.0,143.0,56000.0,198000.0,155.0,0.0,69.0,41313.0,55.0,0.0,0.0,7180.0,0.0,0.0,0.0,0.0,0.0,2837.0,2386.0,386.0,0.0,0.0,0.0,126.0,0.0,47.0,0.0,13.0,0.0,116784.567,228.0,0.0,0.0,0.0,0.0,0.0,430.0,13.92,0.55,3.23,91.47,72.33,23.73,33.0,18.05,25.47,2.0,14.95,0,1,0.8123371283358005
Piura,2025,Marzo,0.0,418.0,264.0,41000.0,0.0,0.0,0.0,0.0,0.0,990.0,1420.0,0.0,0.0,111.0,224.0,10.0,60.0,60.0,453.0,84486.0,204000.0,184.0,0.0,79.0,63806.0,149.0,0.0,0.0,7333.0,0.0,0.0,0.0,0.0,0.0,3987.0,2732.0,433.0,0.0,0.0,0.0,183.0,0.0,94.0,0.0,13.0,0.0,116784.567,251.0,0.0,0.0,0.0,622.0,0.0,370.0,15.11,0.56,3.4,91.52,71.4,24.14,34.33,18.59,25.41,1.44,15.74,0,1,0.8605697662146814
Piura,2025,Abril,0.0,418.0,399.0,41700.0,27.0,0.0,0.0,0.0,0.0,1140.0,2070.0,0.0,20.0,171.0,267.0,60.0,370.0,60.0,1953.0,109986.0,204350.0,188.0,0.0,111.0,86806.0,247.0,0.0,0.0,10833.0,0.0,0.0,0.0,0.0,0.0,4300.0,3443.0,436.0,203.0,88.0,175.0,273.0,24.0,305.0,0.0,46.0,3.0,118045.567,478.0,0.0,0.0,0.0,622.0,0.0,370.0,15.38,0.56,1.58,91.47,70.71,23.91,35.21,17.87,25.08,1.4,17.34,0,1,0.8692507946595143
Piura,2025,Mayo,0.0,418.0,682.0,75075.0,27.0,0.0,0.0,0.0,0.0,1940.0,2070.0,0.0,116.0,171.0,302.0,60.0,370.0,84.0,3753.0,135986.0,204355.0,235.0,0.0,115.0,106306.0,392.0,0.0,0.0,12033.0,0.0,0.0,0.0,0.0,0.0,7585.0,3932.0,843.0,427.0,253.0,539.0,334.0,39.0,604.0,0.0,170.0,20.0,205581.427,541.0,0.0,0.0,0.0,622.0,0.0,2570.0,14.51,0.54,0.31,91.5,60.2,24.74,36.58,17.41,26.21,1.29,19.17,0,1,1.241340616847988
Piura,2025,Junio,66.0,418.0,3593.0,284612.0,27.0,0.0,0.0,0.0,0.0,2240.0,2670.0,0.0,228.0,263.0,318.0,92.0,970.0,117.0,3970.0,160986.0,204845.0,259.0,0.0,148.0,108300.0,438.0,0.0,0.0,12308.0,0.0,0.0,0.0,0.0,0.0,9610.0,4430.0,1548.0,824.0,608.0,921.0,380.0,39.0,764.0,0.0,693.0,20.0,279645.099,680.0,0.0,0.0,0.0,0.0,0.0,2620.0,13.78,0.57,3.71,91.54,69.75,22.99,34.74,15.88,23.87,1.1,18.86,0,1,0.8493131780001182
Piura,2025,Julio,2265.0,418.0,8237.0,399396.0,221.0,0.0,0.0,0.0,0.0,2940.0,4270.0,0.0,360.0,263.0,318.0,102.0,1050.0,117.0,4232.0,185786.0,204920.0,283.0,0.0,156.0,122231.0,597.0,0.0,0.0,12958.0,0.0,0.0,0.0,0.0,0.0,10758.0,5434.0,1815.0,1193.0,1490.0,1920.0,449.0,39.0,2149.0,0.0,906.0,496.0,374090.699,851.0,0.0,0.0,0.0,0.0,0.0,2685.0,16.37,0.53,0.14,91.51,55.55,24.54,36.82,15.76,25.96,1.28,21.06,0,1,1.369908779801507
Piura,2025,Agosto,10398.0,418.0,14893.0,399696.0,427.0,0.0,0.0,0.0,0.0,5190.0,4870.0,0.0,434.0,454.0,372.0,582.0,1919.0,117.0,4453.0,208790.0,206920.0,283.0,0.0,276.0,136731.0,692.0,0.0,0.0,15358.0,0.0,0.0,0.0,0.0,0.0,13351.0,6517.0,2367.0,1348.0,1679.0,3467.0,599.0,105.0,4671.0,0.0,1034.0,2573.0,462345.692,1037.0,0.0,0.0,0.0,9.0,0.0,2935.0,16.61,0.52,0.12,91.55,53.38,24.58,36.58,16.8,26.59,1.52,19.78,0,1,1.440225144562738
Piura,2025,Septiembre,13268.0,418.0,18260.0,400793.0,922.0,0.0,0.0,0.0,0.0,8240.0,5470.0,362.0,360.0,495.0,396.0,572.0,1989.0,117.0,6356.0,232278.0,212811.0,1201.0,0.0,223.0,136731.0,744.0,0.0,0.0,18358.0,0.0,0.0,0.0,0.0,0.0,15251.0,7068.0,2713.0,1541.0,1820.0,4558.0,1304.0,243.0,5552.0,0.0,706.0,3439.0,557478.417,2341.0,0.0,0.0,0.0,2425.0,0.0,3985.0,16.35,0.51,0.11,91.53,53.04,24.87,36.59,16.81,27.13,1.61,19.78,0,1,1.476059770154035
Piura,2025,Octubre,13333.0,418.0,18521.0,400793.0,950.0,0.0,0.0,0.0,0.0,14540.0,6620.0,771.0,392.0,506.0,456.0,751.0,1989.0,202.0,6647.0,257221.0,228072.0,1476.0,0.0,253.0,136731.0,752.0,0.0,0.0,70416.0,0.0,0.0,0.0,0.0,0.0,16925.0,11719.0,2799.0,1541.0,1820.0,4863.0,1480.0,528.0,5777.0,0.0,712.0,3469.0,664124.417,2803.0,0.0,0.0,0.0,5678.0,0.0,5465.0,17.19,0.51,0.36,91.5,56.19,24.37,35.7,17.2,26.78,1.88,18.5,0,1,1.336525019459399
Piura,2025,Noviembre,13334.0,418.0,18543.0,454236.0,950.0,0.0,0.0,0.0,0.0,16590.0,7770.0,811.0,392.0,764.0,498.0,781.0,2759.0,483.0,6797.0,282742.0,263195.0,1677.0,0.0,256.0,136731.0,755.0,0.0,0.0,182366.0,0.0,0.0,0.0,0.0,0.0,18495.0,12751.0,3337.0,1541.0,1820.0,4952.0,1627.0,592.0,5783.0,0.0,732.0,3483.0,772473.473,3224.0,0.0,0.0,0.0,7978.0,0.0,7394.0,16.13,0.52,0.85,91.46,60.57,23.97,34.36,17.42,26.35,2.01,16.94,0,1,1.1744032828617
Piura,2025,Diciembre,13334.0,418.0,15241.0,531169.0,950.0,0.0,0.0,0.0,0.0,19110.0,8120.0,887.0,392.0,764.0,514.0,796.0,2781.0,597.0,7033.0,218608.3564400006,363474.0,1958.0,0.0,496.0,136731.0,901.0,0.0,0.0,272406.0,0.0,0.0,0.0,0.0,0.0,20206.0,13833.0,5489.0,1541.0,1820.0,7942.0,2066.0,601.0,5597.0,0.0,732.0,3483.0,893460.473,5488.0,0.0,0.0,0.0,8496.0,0.0,6288.0,16.13,0.51,0.11,91.46,52.62,24.08,35.68,15.45,26.76,2.28,20.23,0,1,1.42053646742451
Puno,2025,Enero,0.0,0.0,0.0,0.0,0.0,0.0,0.0,0.0,0.0,0.0,0.0,0.0,0.0,0.0,0.0,0.0,0.0,0.0,521.0,1055.0,0.0,406.6,124.2,15.5,0.0,0.0,0.0,0.0,0.0,0.0,0.0,0.0,0.0,0.0,71.0,0.0,0.0,0.0,0.0,0.0,0.0,0.0,0.0,0.0,0.0,0.0,0.0,45146.0,0.0,0.0,0.0,0.0,0.0,0.0,19.69,0.44,4.88,63.78,72.3,9.85,17.35,3.37,14.64,3.9,13.98,0,0,0.336730699197144
Puno,2025,Febrero,0.0,0.0,21.399,0.0,0.0,0.0,0.0,0.0,0.0,0.0,0.0,0.0,27.5,0.0,0.0,0.0,0.0,0.0,1209.3,2030.2,0.0,812.8,585.2,107.5,0.0,0.0,0.0,0.0,0.0,0.0,0.0,0.0,0.0,0.0,4932.0,0.0,0.0,0.0,0.0,0.0,0.0,0.0,0.0,0.0,0.0,0.0,0.0,207726.0,0.0,0.0,0.0,0.0,0.0,0.0,21.67,0.47,2.74,63.81,73.92,10.14,17.0,4.07,14.56,4.04,12.93,0,0,0.323258920855922
Puno,2025,Marzo,0.0,0.0,76.299,0.0,0.0,0.0,0.0,0.0,0.0,0.0,0.0,0.0,27.5,0.0,0.0,0.0,0.0,0.0,1805.1,2944.0,0.0,1218.8,588.2,235.3,0.0,0.0,0.0,0.0,0.0,0.0,15.1,0.0,0.0,0.0,37934.55,0.0,0.0,0.0,0.0,0.0,0.0,0.0,51.5,0.0,0.0,0.0,0.0,795084.1,0.0,0.0,974.0,0.0,0.0,0.0,19.42,0.55,6.07,63.85,78.8,9.73,15.87,2.49,13.77,3.69,13.38,0,0,0.2556469398387315
Puno,2025,Abril,1106.999,0.0,2083.308,0.0,14218.428,27504.22699999999,0.0,0.0,0.0,0.0,0.0,0.0,200.55,0.0,18.0,251.5,5133.740000000002,0.0,1969.95,3918.5,0.0,1630.5,588.2,338.9,1.5,129.4,56.51900000000001,0.0,0.0,0.0,96.1,0.0,0.0,0.0,513652.595,5698.5,1045.85,23049.759,10968.84,83.5,2.4,0.0,206.84,0.0,10203.106,488.1700000000001,0.0,1644480.1,0.0,253203.469,1664616.549,0.0,0.0,0.0,20.98,0.57,2.09,63.83,70.7,9.86,16.76,4.5,13.47,2.98,12.26,0,0,0.3564198862072575
Puno,2025,Mayo,1897.679,0.0,5670.888,0.0,30964.564,38918.75699999999,0.0,0.0,0.0,0.0,0.0,0.0,752.9290000000001,0.0,34.0,292.5,6517.120000000001,0.0,1969.95,5240.7,0.0,2042.43,588.2,435.13,15.04,6089.9,1334.649,0.0,0.0,0.0,218.2,0.0,0.0,0.0,1039016.53,25602.16,1633.28,38397.74799999999,20257.87100000001,316.13,82.4,0.0,591.49,0.0,16945.085,859.5600000000002,0.0,2139883.0,0.0,338947.469,3195558.979,0.0,8.4,0.0,19.64,0.53,0.51,63.93,66.94,9.16,15.28,3.45,12.09,2.77,11.83,0,0,0.3836582931955078
Puno,2025,Junio,1897.679,0.0,5726.798000000001,0.0,31438.584,36720.317,0.0,0.0,0.0,0.0,0.0,0.0,762.229,0.0,34.0,292.5,6517.120000000001,0.0,1969.95,6238.099999999999,0.0,2461.43,588.2,552.98,37.79,14327.1,3452.849,0.0,0.0,0.0,338.9,0.0,0.0,0.0,1066691.35,41165.16,2157.28,39021.868,20357.641,4602.63,302.1,0.0,661.85,0.0,16982.895,859.56,0.0,2243881.8,0.0,338947.469,3207703.809,0.0,15.9,0.0,19.06,0.56,3.83,63.87,61.03,7.94,15.08,1.47,10.03,2.64,13.61,1,0,0.4163390746759608
Puno,2025,Julio,1897.679,0.0,5726.798000000001,0.0,31438.584,36720.317,0.0,0.0,0.0,0.0,0.0,0.0,762.229,0.0,34.0,292.5,6517.120000000001,0.0,1969.95,7221.099999999999,0.0,2870.93,588.2,651.1800000000001,54.79,21397.3,5869.849,0.0,0.0,0.0,414.9,0.0,0.0,0.0,1066691.35,46729.16,2157.28,39021.868,20357.641,6310.13,590.5,0.0,661.85,0.0,16982.895,859.56,0.0,2243881.8,0.0,338947.469,3207703.809,0.0,18.9,0.0,19.74,0.53,0.07,63.94,58.94,7.88,13.87,1.93,10.19,2.38,11.94,1,0,0.4368775077392286
Puno,2025,Agosto,1897.679,0.0,5726.798000000001,0.0,31438.584,36720.317,0.0,0.0,0.0,0.0,0.0,0.0,762.229,0.0,34.0,292.5,6517.120000000001,0.0,1969.95,8251.599999999999,0.0,3287.93,588.2,723.6800000000001,58.69,22898.8,7190.749,0.0,0.0,0.0,422.1,0.0,0.0,0.0,1066691.35,58269.16,2157.28,39021.868,20357.641,7109.53,753.6,0.0,661.85,0.0,16982.895,859.56,0.0,2243881.8,0.0,338947.469,3207703.809,0.0,18.9,0.0,23.07,0.49,0.08,63.85,57.24,8.16,15.91,1.87,11.46,2.76,14.04,1,0,0.4637235264150996
Puno,2025,Septiembre,1897.679,0.0,5726.798,0.0,31438.584,36720.317,0.0,0.0,0.0,0.0,0.0,0.0,762.2289999999999,0.0,34.0,292.5,6517.12,0.0,1992.95,9447.999999999998,0.0,3668.13,588.2,799.98,58.69,26251.1,7702.749,0.0,0.0,0.0,435.1,0.0,0.0,0.0,1066691.35,41108.7,2157.28,39021.868,20357.641,8295.63,753.6,0.0,661.85,0.0,16982.895,859.56,0.0,2243881.8,0.0,338795.069,3207703.809,0.0,23.9,0.0,22.85,0.45,1.17,63.94,69.59,8.67,17.93,2.76,13.24,3.43,15.17,0,0,0.3414067480012054
Puno,2025,Octubre,1897.679,0.0,5726.798,0.0,31438.584,36720.317,0.0,0.0,0.0,0.0,0.0,0.0,762.2289999999999,0.0,34.0,292.5,6517.12,0.0,1992.95,10687.5,0.0,4096.83,3479.2,880.28,58.69,26251.1,7702.749,0.0,0.0,0.0,435.1,0.0,0.0,0.0,1066691.35,43933.7,2157.28,39021.868,20357.641,8295.63,753.6,0.0,661.85,0.0,16982.895,859.56,0.0,2243881.8,0.0,338795.069,3207703.809,0.0,23.9,0.0,26.18,0.44,0.94,63.81,66.85,9.88,17.21,4.1,14.99,3.33,13.11,0,0,0.4037945904174592
Puno,2025,Noviembre,1897.679,0.0,5726.798,0.0,31438.584,36720.317,0.0,0.0,0.0,0.0,0.0,0.0,762.2289999999999,0.0,34.0,292.5,6517.12,0.0,2023.15,11920.2,0.0,4517.53,11070.2,956.08,58.69,26251.1,7702.749,0.0,0.0,0.0,435.1,0.0,0.0,0.0,1066691.35,43933.7,2157.28,39021.868,20357.641,8295.63,753.6,0.0,661.85,0.0,16982.895,859.56,0.0,2246996.8,0.0,338795.069,3207703.809,0.0,23.9,0.0,26.37,0.42,0.9,63.76,63.05,10.83,17.86,4.35,16.07,3.27,13.51,0,0,0.4795781793597284
Puno,2025,Diciembre,1897.679,0.0,5726.798,0.0,31438.584,36720.317,0.0,0.0,0.0,0.0,0.0,0.0,762.229,0.0,34.0,292.5,6517.12,0.0,2335.15,13499.2,0.0,4934.53,22134.2,1051.78,58.69,26251.1,7702.749,0.0,0.0,0.0,435.1,0.0,0.0,0.0,1098307.35,43933.7,2157.28,39021.868,20357.641,8295.63,753.6,0.0,661.8499999999999,0.0,16982.895,859.5600000000002,0.0,2324145.5,0.0,338795.069,3207703.809,0.0,23.9,0.0,26.37,0.41,1.66,63.66,65.88,10.52,19.14,3.78,15.53,3.25,15.36,0,0,0.4337918118000783
San Martin,2025,Enero,0.0,17761.4,0.0,49091.7,0.0,0.0,0.0,0.0,0.0,0.0,0.0,139.0,0.0,0.0,0.0,0.0,0.0,0.0,36.5,33749.5,299.5,2383.0,1483.5,0.0,338.0,1759.5,15.5,0.0,59.0,0.0,0.0,0.0,0.0,44152.45,0.0,6224.200000000001,0.0,0.0,0.0,2471.8,3369.5,0.0,82.99000000000001,0.0,0.0,0.0,0.0,0.0,0.0,0.0,0.0,0.0,0.0,0.0,16.77,0.55,1.43,90.29,69.17,23.8,31.98,18.08,23.77,0.02,13.9,0,0,0.9089262884337495
San Martin,2025,Febrero,0.0,17761.4,0.0,106794.4,0.0,0.0,0.0,0.0,0.0,0.0,0.0,225.0,0.0,0.0,0.0,0.0,0.0,0.0,57.5,73851.5,402.5,4757.0,2877.5,0.0,894.7,4388.5,24.5,0.0,155.0,0.0,0.0,0.0,0.0,81354.2,0.0,10001.7,0.0,0.0,0.0,6552.8,6812.9,0.0,95.8,0.0,0.0,0.0,0.0,0.0,0.0,0.0,0.0,0.0,0.0,0.0,14.41,0.55,2.09,90.23,73.52,23.85,31.8,17.77,23.84,0.01,14.03,0,0,0.7830296939924137
San Martin,2025,Marzo,0.0,17761.4,0.0,182011.6,0.0,0.0,0.0,0.0,0.0,0.0,0.0,343.5,0.0,0.0,0.0,0.0,0.0,0.0,94.0,133780.4,441.5,6759.7,4646.0,0.0,1620.05,7829.5,40.5,0.0,291.0,0.0,0.0,0.0,0.0,126373.02,0.0,19142.5,0.0,0.0,0.0,17339.22,11943.75,0.0,272.14,0.0,0.0,0.0,0.0,0.0,0.0,0.0,0.0,0.0,0.0,0.0,14.64,0.58,3.0,90.33,79.43,22.66,30.2,18.29,22.58,0.04,11.91,0,0,0.5661045997354175
San Martin,2025,Abril,0.0,17761.4,0.0,256658.4,0.0,0.0,0.0,0.0,0.0,0.0,0.0,555.0,0.0,0.0,0.0,0.0,0.0,0.0,124.5,172018.4,462.0,8455.7,6652.0,0.0,2355.15,12572.5,76.5,0.0,399.0,0.0,0.0,0.0,0.0,167980.02,0.0,28248.9,0.0,0.0,0.0,39772.72,20699.45,0.0,383.98,0.0,0.0,0.0,0.0,0.0,0.0,0.0,0.0,0.0,0.0,0.0,15.16,0.58,2.8,90.34,77.88,23.0,30.58,18.02,22.93,0.04,12.56,0,0,0.6214272534297631
San Martin,2025,Mayo,0.0,17761.4,0.0,348384.9,0.0,0.0,0.0,0.0,0.0,0.0,0.0,753.05,15.0,0.0,0.0,0.0,0.0,0.0,167.0,211934.4,462.0,10281.7,8602.0,0.0,2961.15,17851.5,149.5,0.0,526.0,0.0,0.0,0.0,0.0,210617.97,0.0,37507.2,0.0,0.0,0.0,62284.72,30176.25,0.0,475.22,0.0,0.0,0.0,0.0,0.0,0.0,0.0,0.0,0.0,0.0,0.0,15.19,0.59,2.13,90.49,79.15,22.52,30.02,16.52,22.34,0.08,13.5,0,0,0.5689568450403657
San Martin,2025,Junio,0.0,17761.4,0.0,401596.4,0.0,0.0,0.0,0.0,0.0,0.0,0.0,859.55,29.0,0.0,0.0,0.0,0.0,0.0,193.0,227577.0,462.0,12652.7,10494.0,0.0,3659.45,24948.5,200.5,0.0,644.0,0.0,0.0,0.0,0.0,248865.96,0.0,44090.9,0.0,0.0,0.0,75488.0,37419.13,0.0,478.4,0.0,0.0,0.0,0.0,0.0,0.0,0.0,0.0,0.0,0.0,0.0,14.32,0.57,2.11,90.54,78.04,22.17,29.16,16.44,22.03,0.06,12.72,0,0,0.5866314940313275
San Martin,2025,Julio,0.0,17761.4,0.0,487470.4,0.0,0.0,0.0,0.0,0.0,0.0,0.0,969.75,29.0,0.0,0.0,0.0,0.0,0.0,233.0,262849.0,462.0,14929.7,12044.0,0.0,4053.95,46769.5,240.5,0.0,754.7,0.0,0.0,0.0,0.0,296671.96,0.0,54757.7,0.0,0.0,0.0,80762.5,45256.88,0.0,511.22,0.0,0.0,0.0,0.0,0.0,0.0,0.0,0.0,0.0,0.0,0.0,16.51,0.55,0.31,90.64,67.24,22.52,30.53,14.72,22.34,0.07,15.81,0,0,0.8939580932145033
San Martin,2025,Agosto,0.0,17761.4,0.0,557978.0,0.0,0.0,0.0,0.0,0.0,0.0,0.0,1172.35,29.0,0.0,0.0,0.0,0.0,0.0,262.0,294881.0,462.0,17068.7,13600.0,0.0,4257.25,56639.5,240.5,0.0,844.9000000000001,0.0,0.0,0.0,0.0,344823.96,0.0,64878.4,0.0,0.0,0.0,83912.1,49789.13,0.0,744.55,0.0,0.0,0.0,0.0,0.0,0.0,0.0,0.0,50.95,0.0,0.0,17.69,0.53,0.66,90.52,65.23,23.91,32.44,17.32,23.79,0.05,15.12,0,1,1.031882899635074
San Martin,2025,Septiembre,0.0,17761.4,0.0,629119.6,0.0,0.0,0.0,0.0,0.0,0.0,0.0,1457.55,56.0,0.0,0.0,0.0,0.0,0.0,278.0,339393.0,462.0,18885.7,17687.0,0.0,4257.25,58778.5,228.5,0.0,943.8,0.0,0.0,0.0,0.0,382628.53,0.0,78103.4,0.0,0.0,0.0,84582.0,56178.23,0.0,1365.5,0.0,0.0,0.0,0.0,0.0,0.0,0.0,0.0,113.6,0.0,0.0,16.27,0.54,1.63,90.47,67.46,24.11,32.48,17.46,24.02,0.05,15.02,0,1,0.977363979683874
San Martin,2025,Octubre,0.0,17761.4,0.0,700377.2,0.0,0.0,0.0,0.0,0.0,0.0,0.0,1889.55,56.0,0.0,0.0,0.0,0.0,0.0,372.0,376554.0,597.0,20769.05,19975.0,0.0,4257.25,59964.45,228.5,0.0,1055.0,0.0,0.0,0.0,0.0,437328.44,0.0,86544.9,0.0,0.0,0.0,84582.3,59145.23,0.0,1707.19,0.0,0.0,0.0,0.0,0.0,0.0,0.0,0.0,161.4,0.0,0.0,17.05,0.55,2.82,90.33,73.83,23.5,32.33,17.97,23.42,0.04,14.36,0,1,0.7577355912073069
San Martin,2025,Noviembre,0.0,17761.4,0.0,777206.5,0.0,0.0,0.0,0.0,0.0,0.0,0.0,2159.55,56.0,0.0,0.0,0.0,0.0,0.0,441.0,418502.0,899.0,22727.05,22498.0,0.0,4257.25,61814.95,248.5,0.0,1283.2,0.0,0.0,0.0,0.0,483266.6699999999,0.0,95893.5,0.0,0.0,0.0,84582.3,61979.93,0.0,1923.79,0.0,0.0,0.0,0.0,0.0,0.0,0.0,0.0,357.4,0.0,0.0,17.24,0.59,7.08,90.23,77.49,23.38,31.42,17.1,23.35,0.02,14.32,0,0,0.6470650389778592
San Martin,2025,Diciembre,0.0,17761.4,0.0,847227.6,0.0,0.0,0.0,0.0,0.0,0.0,0.0,2645.98,56.0,0.0,0.0,0.0,0.0,0.0,709.0,472202.0,1541.0,28835.7,24745.5,0.0,4257.25,69233.5,280.5,0.0,1320.7,0.0,0.0,0.0,0.0,539701.16,0.0,104641.9,0.0,0.0,0.0,84618.6,65702.28,0.0,2007.52,0.0,0.0,0.0,0.0,0.0,0.0,0.0,0.0,357.4,0.0,0.0,17.24,0.6,1.61,90.12,78.82,22.91,30.96,17.1,22.9,0.01,13.86,0,0,0.591788057234814
