region,anos,mes,trigo,maiz_a_duro,maiz_amilaceo,arroz_cascara,cebada_grano,quinua,esparrago,alcachofa,aji,piquillo,pimiento,tomate,zapallo,arveja_verde,zanahoria,ajo,cebolla,maiz_choclo,palta,platano,mango,papaya,pina,granadilla,limon_sutil,naranja,mandarina,tangelo,uva,manzana,melocoton,tuna,aceituna,palma_aceitera,papa,yuca,camote,oca,olluco,cafe_pergamino,cacao,paprika,frijol_grano_seco,pallar_grano_seco,haba_seca,arveja_seca,cana_para_azucar,alfalfa,maiz_chala,cebada_forrajera,avena_forrajera,algodon_rama,oregano,arandano,allsky_sfc_sw_dwn,gwetroot,prectotcorr,ps,rh2m,t2m,t2m_max,t2m_min,ts,ws2m,amplitud_termica,riesgo_helada,estres_calor,vpd_kpa
Ica,2020,Enero,0.0,9000.189999999999,0.0,0.0,0.0,0.0,14799.6,0.0,635.0,0.0,44.18,25123.8,1241.4,0.0,0.0,12.0,11774.5,231.5,7.1,215.5,1266.56,13.7,0.0,9.5,38.0,0.0,0.0,0.0,105129.7,0.0,8.0,383.299,0.0,0.0,0.0,155.0,1051.4,0.0,0.0,0.0,0.0,146.7,18.9,23.45,0.0,0.0,0.0,10684.89,0.0,0.0,0.0,1432.79,0.0,0.0,22.25,0.33,0.12,95.82,78.45,21.96,27.55,18.21,23.95,2.99,9.34,0,0,0.5683609105395417
Ica,2020,Febrero,0.0,12378.1,10.6,0.0,0.0,0.0,15070.67,0.0,236.3,0.0,0.0,9841.000000000004,613.5,22.27,0.0,10.1,2480.6,0.0,133.1,218.7,4833.407999999999,28.8,0.0,0.0,55.8,0.0,320.0,0.0,66670.01,122.3,417.5,429.65,0.0,0.0,0.0,480.0,1943.8,0.0,0.0,0.0,0.0,238.85,0.0,30.95,0.0,0.0,0.0,11343.11,0.0,0.0,0.0,505.7000000000001,0.0,0.0,23.67,0.33,0.16,95.77,79.22,22.85,27.98,19.51,24.72,2.84,8.469999999999999,0,0,0.5785065136603835
Ica,2020,Marzo,0.0,8992.650000000001,0.0,0.0,0.0,0.0,14653.4,0.0,367.8,0.0,0.0,7764.300000000003,299.6499999999996,11.6,142.8,0.0,839.5,0.0,6100.0,235.5000000000001,1679.289,19.4,0.0,0.0,88.8,0.0,12535.0,0.0,35329.05000000002,243.18,122.0,114.0,1586.65,0.0,169.2,501.0,1467.3,0.0,0.0,0.0,0.0,238.65,0.0,16.00000000000001,0.0,0.0,0.0,10925.32,0.0,0.0,0.0,2198.23,0.0,0.0,22.84,0.33,0.2,95.82,78.16,22.62,27.86,19.17,24.34,2.7,8.689999999999998,0,0,0.5995996848700633
Ica,2020,Abril,0.0,11051.14999999999,23.7,0.0,0.0,0.0,14738.57,0.0,248.05,0.0,0.0,1505.699999999997,688.9000000000001,45.0,0.0,0.0,11299.28,0.0,9422.719999999998,232.4,223.6999999999998,23.00000000000001,0.0,0.0,510.1999999999999,0.0,28944.2,0.0,5521.149999999994,483.0,0.0,0.0,2891.8,0.0,230.25,379.0,1419.6,0.0,0.0,0.0,0.0,116.64,0.0,25.25,0.0,0.0,0.0,11112.69,0.0,0.0,0.0,2794.75,0.0,0.0,22.14,0.33,0.04,95.9,73.38,21.48,27.26,16.69,22.83,2.7,10.57,0,0,0.6817912619593094
Ica,2020,Mayo,0.0,0.0,0.0,0.0,0.0,0.0,14070.719,0.0,515.6000000000001,0.0,0.0,3056.949999999997,631.4000000000001,91.65,0.0,0.0,10226.9,0.0,27082.359,228.9999999999999,0.0,31.3,0.0,0.0,70.04999999999995,215.1,36201.25,0.0,0.0,273.8,0.0,0.0,2232.63,0.0,156.3999999999999,320.8,2553.1,15.6,0.0,0.0,0.0,456.05,0.0,6.299999999999997,0.0,0.0,0.0,11133.92000000001,0.0,0.0,0.0,2463.628999999999,0.0,0.0,15.79,0.32,0.03,95.9,69.33,20.0,25.6,15.49,20.76,2.54,10.11,0,0,0.717127383446827
Ica,2020,Junio,20.25,53779.2,0.0,0.0,76.5,0.0,0.0,0.0,641.0,0.0,0.0,1697.800000000003,1897.0,73.62,0.0,0.0,9825.900000000009,148.299,19140.15,203.2500000000002,0.0,28.35000000000001,0.0,0.0,336.3500000000001,2209.27,32010.90000000001,1333.9,1.0,4.349999999999909,0.0,0.0,1.5,0.0,55.7600000000001,319.8,4506.599999999999,9.2,0.0,0.0,0.0,0.0,0.0,0.0,0.0,0.0,0.0,10591.89899999999,0.0,0.0,0.0,938.6900000000024,0.0,0.0,12.75,0.32,0.0,95.94,72.46,17.99,24.05,13.9,18.7,3.12,10.15,0,0,0.568046719737022
Ica,2020,Julio,39.85,8190.610000000001,33.8,0.0,24.49000000000001,0.0,30418.32000000001,122.0,1247.7,0.0,0.0,1742.699999999997,3153.67,78.72,0.0,0.0,4256.5,594.8,16008.32,209.3799999999999,0.0,46.15000000000001,0.0,0.0,272.03,14112.9,44502.60000000001,19477.3,285.0,2.799999999999955,0.0,0.0,76.35000000000036,0.0,19673.2,804.9000000000001,2778.4,0.0,0.0,0.0,0.0,15.29999999999996,25.36,0.0,0.0,0.0,0.0,10732.11,0.0,0.0,0.0,208.2999999999993,0.0,46.1,13.58,0.32,0.0,95.91,68.67,17.13,23.99,13.47,17.81,3.02,10.52,0,0,0.6120900752230662
Ica,2020,Agosto,0.0,6496.649999999994,27.7,0.0,0.0,0.0,12661.39999999999,280.0,579.0,0.0,99.0,3238.800000000003,2336.75,31.94999999999999,0.0,0.0,12266.65,2148.05,4745.300000000003,227.7,0.0,38.03999999999999,0.0,0.0,197.8,10127.77,21562.48000000001,7208.699999999997,46.0,137.8499999999999,0.0,0.0,73.73999999999978,0.0,49249.60000000001,1122.1,1601.800000000001,0.0,0.0,0.0,0.0,0.0,5.18,209.19,0.0,0.0,0.0,11311.47,0.0,0.0,0.0,10.39999999999964,0.0,303.01,15.62,0.32,0.01,95.95,66.76,17.29,23.4,12.52,18.49,3.22,10.88,0,0,0.6560126763441503
Ica,2020,Septiembre,0.0,5945.0,8.099999999999994,0.0,0.0,0.0,20162.85000000001,855.0,893.8000000000002,0.0,96.5,3741.099999999999,2431.4,25.5,0.0,0.0,7048.700000000004,10229.05,0.0,214.5,1.818989403545856e-12,85.0,0.0,0.0,107.74,5373.199999999993,2982.889999999985,2548.519000000004,47.9999999999709,0.0,0.0,0.0,0.0,0.0,35117.63,1561.9,1700.920000000002,0.0,0.0,0.0,0.0,20.79999999999995,86.5,402.8490000000001,0.0,0.0,0.0,10362.92,0.0,0.0,0.0,27.84899999999834,0.0,893.4,20.42,0.32,0.02,95.93,67.25,17.45,23.34,12.88,18.96,3.16,10.46,0,0,0.6529099272791132
Ica,2020,Octubre,0.0,6142.559999999998,10.64,0.0,0.0,0.0,20485.60000000001,7859.0,497.0,0.0,108.8,9383.439999999997,1487.76,8.788999999999987,0.0,0.0,18107.31,6118.0,0.0,222.95,0.0,61.89999999999998,0.0,0.0,12.81899999999996,66.0,1606.0,0.0,1295.0,0.0,39.25,0.0,0.0,0.0,9419.570000000009,2618.200000000001,1526.0,0.0,0.0,0.0,0.0,21.59999999999991,133.01,1107.029,0.0,0.0,0.0,12494.5,0.0,0.0,0.0,68.38999999999942,0.0,3885.5,23.51,0.32,0.05,95.85,66.83,18.82,24.54,14.29,20.74,3.04,10.25,0,0,0.7207068643656978
Ica,2020,Noviembre,0.0,12687.45999999999,21.15000000000001,0.0,0.0,0.0,17795.39999999999,8500.8,421.5,0.0,22.19999999999999,25185.45,1216.93,34.54000000000002,0.0,0.0,22877.77,0.0,0.0,206.9000000000001,0.0,31.10000000000002,0.0,0.0,11.29999999999996,0.0,0.0,0.0,16607.34,0.0,26.60000000000002,0.0,0.0,0.0,1203.0,2369.129000000001,1526.829999999998,0.0,0.0,0.0,0.0,0.0,108.18,1255.12,0.0,0.0,0.0,11862.209,0.0,0.0,0.0,130.1290000000008,0.0,3809.6,23.63,0.32,0.07,95.91,69.5,18.71,24.74,13.74,20.86,2.97,11.0,0,0,0.6581534853821687
Junin,2020,Enero,0.0,3263.5,0.0,56.0,0.0,0.0,0.0,337.1,0.0,0.0,0.0,0.0,201.4,3421.6,1717.8,12.0,270.1,1306.8,5905.8,17660.3,524.4999999999999,946.6,41939.2,736.3499999999999,192.75,19948.6,799.6,2755.0,0.0,0.6,1.7,3.9,0.0,0.0,24539.2,6911.9,0.0,0.0,182.8,0.0,544.6890000000001,0.0,317.3,0.0,0.0,0.0,0.0,11069.4,0.0,312.4,814.1999999999999,0.0,4.46,0.0,15.34,0.67,2.43,90.97,80.68,23.75,34.11,19.08,23.68,0.21,15.03,0,1,0.5678801008401151
Junin,2020,Febrero,0.0,4642.200000000001,0.0,90.0,0.0,0.0,0.0,523.6000000000001,260.1,0.0,0.0,0.0,382.8000000000001,4490.799999999999,3278.3,47.8,313.8000000000001,6054.700000000001,4437.999999999999,15586.65,259.1999999999999,786.3999999999999,41094.40000000001,1170.4,272.4,23905.3,1623.8,5372.15,0.0,20.4,35.0,52.8,0.0,0.0,28885.0,8107.85,0.0,0.0,677.7,3637.789,712.1499999999999,0.0,316.95,0.0,0.0,0.0,0.0,12372.275,0.0,231.3000000000001,1929.7,0.0,5.099999999999999,0.0,13.78,0.68,4.46,91.02,85.69,23.22,30.31,19.47,23.16,0.23,10.84,0,0,0.4073979826320504
Junin,2020,Marzo,0.0,5325.499999999998,66.0,160.5,0.0,0.0,0.0,268.5,479.0,0.0,0.0,10.0,735.8999999999999,5140.899999999998,5249.000000000002,87.2,440.5999999999999,21808.8,3887.25,18459.35,30.45000000000005,1014.9,47927.5,802.5500000000002,287.9,23627.45,2771.75,5888.75,0.0,52.3,139.6,72.80000000000001,0.0,0.0,47556.40000000002,5850.650000000001,0.0,25.0,1146.0,7431.398999999999,2275.509,0.0,363.6000000000001,0.0,0.0,0.0,0.0,12912.52499999999,0.0,540.0999999999999,12136.5,0.0,6.669999999999998,0.0,15.4,0.65,3.03,91.04,80.23,23.57,31.74,18.37,23.5,0.21,13.37,0,0,0.574846450643451
Junin,2020,Abril,0.0,3883.999999999998,227.4,135.4,0.0,0.0,0.0,484.5999999999999,121.9,0.0,0.0,22.0,339.7,4988.9,4558.799999999999,59.0,319.0,34274.09999999999,3187.099999999999,17199.30000000001,0.0,972.4499999999998,38910.60000000001,915.8000000000002,372.3500000000001,21785.7,5495.8,6453.9,0.0,34.5,87.80000000000001,40.1,0.0,0.0,57959.05899999996,7354.599999999999,0.0,133.5,3063.1,13653.85,3283.929,0.0,0.0,0.0,0.0,4.0,0.0,13073.8,0.0,1194.2,25158.30000000001,0.0,5.879999999999999,0.0,15.44,0.62,0.3,91.18,72.96,24.13,33.43,16.85,24.07,0.24,16.58,0,1,0.8131418899551219
Junin,2020,Mayo,132.9,0.0,3560.5,178.5,973.3,581.3,0.0,478.0000000000002,25.79999999999995,0.0,0.0,25.4,403.3999999999999,2720.3,3580.0,552.7,133.4000000000001,24500.4,3042.0,18253.07000000001,0.0,992.65,37794.9,951.6000000000004,404.9000000000001,27649.90000000001,9419.2,5531.400000000001,0.0,4.799999999999997,20.60000000000002,0.0,0.0,0.0,99476.8,8740.599999999999,0.0,1208.7,6099.1,18738.389,4402.17,0.0,824.8500000000004,0.0,876.0689999999998,512.1,0.0,12190.3,0.0,1444.4,23974.2,0.0,4.879999999999999,0.0,15.29,0.58,0.33,91.24,64.8,24.4,33.37,16.5,24.31,0.25,16.87,0,1,1.075786827206567
Junin,2020,Junio,3714.1,2595.300000000003,7806.749999999998,355.4,9323.8,2233.9,0.0,0.0,18.89999999999998,0.0,0.0,0.0,214.1000000000004,732.7000000000044,0.0,2214.0,361.9000000000001,4086.300000000003,2490.250000000004,17950.01000000001,0.0,900.9480000000004,25824.69999999998,1037.199999999999,392.5500000000002,34393.0,11917.5,5272.899999999998,0.0,4.0,0.0,0.0,0.0,0.0,92433.2,7952.699999999997,0.0,1972.9,5521.970000000001,18477.37000000001,4510.545,0.0,467.3999999999997,0.0,0.0,0.0,0.0,11592.50000000002,0.0,1056.800000000001,18889.59999999999,0.0,4.240000000000002,0.0,13.97,0.58,0.91,91.15,68.51,24.55,32.29,18.83,24.42,0.28,13.46,0,1,0.9710735681713398
Junin,2020,Julio,2618.550000000001,110.7999999999993,1750.4,318.2,6400.379999999999,1353.6,0.0,605.5,32.0,0.0,0.0,0.0,32.0,944.5600000000012,2310.8,1121.799999999999,350.1999999999998,21.0,1736.549999999999,15327.28999999999,0.0,782.75,31292.0,1021.35,266.4000000000001,33373.5,10892.6,3124.300000000003,0.0,0.0,0.0,0.0,0.0,0.0,25367.79999999999,6249.900000000001,0.0,330.1999999999998,1007.200000000001,11367.51,4197.454,0.0,933.1999999999998,0.0,2305.41,1011.8,0.0,10120.89999999999,0.0,676.3000000000002,1997.600000000006,0.0,4.660000000000004,0.0,14.76,0.57,0.46,91.13,63.43,24.69,32.9,17.48,24.55,0.28,15.42,0,1,1.137199327436997
Junin,2020,Agosto,141.2200000000002,1119.200000000001,282.1000000000004,58.0,395.7000000000007,64.5,0.0,149.0999999999999,71.79999999999995,0.0,0.0,0.0,15.69999999999982,1539.200000000001,1028.5,101.8000000000002,417.0999999999999,67.80000000000291,1135.080000000002,14627.7,0.0,711.8000000000002,31172.09999999998,956.6000000000004,161.4000000000001,25975.79999999999,7135.400000000001,1743.599999999998,0.0,0.0,0.0,0.0,0.0,0.0,3631.200000000012,7306.699999999997,0.0,0.0,66.0,4805.805000000008,2565.153999999998,0.0,267.5790000000002,0.0,6.800000000000182,0.0,0.0,8876.100000000006,0.0,935.1999999999998,1356.199999999997,0.0,2.659999999999997,0.0,18.05,0.56,0.06,91.07,47.39,26.2,36.22,15.3,25.89,0.33,20.92,0,1,1.789410900990989
Junin,2020,Septiembre,0.0,1669.099999999995,5.456968210637569e-12,336.0000000000002,33.29999999999927,0.0,0.0,186.2000000000003,146.4999999999999,0.0,0.0,0.0,14.29999999999973,1406.200000000001,1403.799999999999,29.0,217.5,287.0,2094.700000000001,17700.90000000002,0.0,1009.7,34088.50000000006,936.8000000000012,149.5500000000002,21915.95000000001,4542.900000000001,1332.80000000001,0.0,0.0,5.684341886080803e-14,0.0,0.0,0.0,4441.900000000023,12874.2,0.0,100.5999999999994,88.20000000000073,572.6600000000035,1935.39,0.0,342.4500000000003,0.0,10.5,2.273736754432321e-13,0.0,9167.5,0.0,663.6999999999989,1469.0,0.0,3.229999999999997,0.0,15.1,0.56,0.22,91.04,53.82,26.62,35.89,19.96,26.56,0.26,15.93,0,1,1.610070052451305
Junin,2020,Octubre,0.0,1017.5,0.0,44.79999999999996,0.0,0.0,0.0,261.0,12.0,0.0,0.0,0.0,60.0,742.0,576.0,41.0,323.1999999999998,50.5,4381.599999999999,19299.35000000001,0.0,1150.5,31651.5,926.1499999999996,141.5999999999999,22326.95000000001,1501.550000000003,1018.050000000003,0.0,0.0,0.0,0.0,0.0,0.0,3561.400000000024,14476.5,0.0,0.0,0.0,0.0,1343.095000000001,0.0,282.6999999999998,0.0,0.0,0.0,0.0,10132.0,0.0,467.3999999999997,960.5,0.0,4.299999999999997,0.0,17.8,0.56,0.74,90.93,55.05,27.07,36.59,19.57,27.01,0.28,17.02,0,1,1.609160993388277
Junin,2020,Noviembre,0.0,504.2000000000007,0.0,114.8,0.0,0.0,0.0,241.0,0.0,0.0,0.0,0.0,61.19999999999982,1302.700000000001,718.0,19.0,262.9000000000001,66.0,5904.400000000001,18550.20000000001,310.5999999999999,1347.75,31901.79999999999,870.1499999999996,143.5999999999999,22752.76000000001,686.0889999999999,1374.07,0.0,0.0,0.0,0.0,0.0,0.0,7531.0,14354.5,0.0,0.0,0.0,0.0,978.285,0.0,145.8499999999999,0.0,0.0,0.0,0.0,10586.05,0.0,227.0,564.6999999999971,0.0,4.979999999999997,0.0,17.83,0.59,2.5,90.88,67.61,25.64,35.45,17.78,25.64,0.23,17.67,0,1,1.065779148341464
La Libertad,2020,Enero,0.0,1673.8,0.0,863.5,0.0,0.0,10683.3,0.0,277.15,0.0,0.0,786.0,1396.5,46.6,49.5,0.0,1988.5,207.2,656.1999999999999,921.829,1107.08,310.45,2829.5,256.6,26.69,64.44,0.0,0.0,7695.1,107.43,19.33,60.5,0.0,0.0,15520.7,1031.0,129.4,0.0,0.0,0.0,0.0,0.0,56.1,0.0,0.0,0.0,419785.476,15843.21,15581.0,0.0,414.4,0.0,0.0,10241.08,22.09,0.38,0.14,94.07,76.91,21.94,29.69,18.14,24.2,2.36,11.55,0,0,0.6082347610335961
La Libertad,2020,Febrero,0.0,2205.8,0.0,16010.0,0.0,10.0,13711.6,0.0,344.25,0.0,12.6,710.0,1398.9,139.0,71.6,0.0,1839.5,207.0,1846.409,1126.019,2669.43,405.27,2961.3,200.3,35.719,79.17000000000002,0.0,0.0,7284.5,191.499,26.2,70.87,0.0,0.0,35213.5,1283.8,271.3,0.0,0.0,0.0,1.139,0.0,30.2,0.0,0.0,0.0,470766.92,17637.16,17252.0,0.0,414.9,0.0,0.0,3407.4,21.08,0.38,0.15,94.04,79.93,22.39,28.6,19.04,24.64,2.29,9.560000000000002,0,0,0.5433647523483631
La Libertad,2020,Marzo,0.0,7031.9,111.0,36597.0,0.0,0.0,12377.25,0.0,446.7499999999999,0.0,1098.0,307.0,1446.799999999999,355.0,1170.6,190.0,2019.6,488.0000000000001,12955.84,1094.92,0.0,398.23,2764.2,251.469,95.24,100.31,1948.47,0.0,4356.989,235.28,19.94,105.78,0.0,0.0,71717.50000000001,1639.3,537.9000000000001,0.0,0.0,18.76,5.239999999999999,145.0,72.75000000000001,4.0,0.0,0.0,263196.4010000001,18138.02000000002,12788.0,0.0,335.6000000000001,0.0,0.0,2112.32,21.86,0.38,0.14,94.08,77.13,22.48,28.89,18.43,24.36,2.1,10.46,0,0,0.622564949380509
La Libertad,2020,Abril,0.0,5048.0,14.0,111143.0,0.0,0.0,11866.4,0.0,426.3499999999999,0.0,5550.0,371.5,1284.2,94.29999999999995,1929.5,264.3,1023.7,263.0,24207.13,945.5700000000002,645.8000000000002,351.78,2169.5,236.0,49.56,212.84,381.6000000000001,0.0,3613.0,109.08,6.5,147.42,0.0,0.0,77557.5,1284.6,193.4,12.0,42.0,41.3,13.74,9.5,0.0,2.0,0.0,0.0,336954.4720000001,16784.56,13678.0,0.0,321.9000000000001,0.0,0.0,2780.0,20.68,0.38,0.46,94.14,76.14,21.4,27.7,16.49,22.95,2.25,11.21,0,0,0.6081167520035273
La Libertad,2020,Mayo,0.0,0.0,513.0,211682.0,5.4,0.0,10309.4,0.0,668.3999999999999,0.0,3900.0,240.4000000000001,3282.199999999999,585.5000000000001,2035.3,499.7,1892.4,4288.0,45323.35000000001,876.2000000000003,293.1999999999998,500.4000000000001,1706.0,285.4,43.72,320.0300000000001,506.0,0.0,2740.5,85.91999999999996,9.0,117.05,70.0,0.0,93315.40000000002,917.0,371.5999999999999,277.0,443.0,48.32899999999999,9.3,47.5,686.25,0.0,10.8,0.0,452542.01,15011.10000000001,10807.0,225.0,812.0999999999999,0.0,0.0,57.0,19.05,0.38,0.06,94.13,73.54,20.98,27.45,16.37,22.28,2.19,11.08,0,0,0.6572321194372321
La Libertad,2020,Junio,3177.0,13906.9,8345.2,6335.0,2780.0,377.8,0.0,0.0,402.3499999999999,0.0,250.0,473.75,1587.500000000002,830.0,0.0,387.8000000000002,3071.5,3736.399999999999,85384.9,774.9899999999989,29.0,210.1399999999999,389.7999999999993,244.7,31.47999999999999,368.63,0.0,0.0,4683.510999999999,57.82000000000005,9.28,170.3799999999999,98.0,0.0,113629.9,1402.199999999999,623.0999999999999,2107.1,2731.6,35.92899999999999,3.499999999999996,38.0,1166.12,0.0,0.0,0.0,481071.7569999998,17124.04999999999,0.0,300.0,1829.9,0.0,0.0,0.0,18.6,0.38,0.02,94.14,75.78,18.64,27.05,13.78,19.83,2.39,13.27,0,0,0.5203554028121538
La Libertad,2020,Julio,21100.5,22467.6,11208.6,1153.0,24860.8,679.7500000000002,25147.09999999998,0.0,216.3000000000002,0.0,250.0,535.0,386.3999999999997,1584.0,1616.999999999999,146.0,850.0,944.0,17070.29000000001,721.3000000000002,39.60000000000037,166.1999999999998,3349.200000000001,245.75,14.80000000000001,323.45,3900.1,0.0,2630.900000000001,35.54999999999995,0.0,125.1,220.0,0.0,26124.79999999999,2385.5,608.6999999999998,2962.1,4300.0,49.85,0.0,47.5,707.3499999999999,0.0,4331.2,5365.4,476288.426,18128.08,24778.0,225.0,9479.7,0.0,0.0,3864.240000000002,18.52,0.43,1.68,94.08,75.17,18.19,25.28,13.66,19.02,2.18,11.62,0,0,0.5186261092631086
La Libertad,2020,Agosto,28678.9,25388.2,4001.400000000001,366.5999999999767,23051.32,174.0999999999999,10277.39999999999,1914.0,305.1999999999998,0.0,0.0,388.0,240.0,348.0,182.0,70.0,898.2999999999993,506.0,6117.450000000012,811.6499999999996,46.80000000000018,313.0,1618.900000000002,257.7,26.26999999999999,217.52,1542.6,0.0,2873.5,15.70899999999995,0.0,20.39999999999998,116.0,0.0,2195.0,1863.9,360.0,581.0,1319.6,20.25,0.0,76.0,71.30000000000018,7.0,1799.1,3230.199999999999,453798.179,17626.09999999999,0.0,600.0,6223.5,0.0,0.0,8732.779999999999,21.73,0.39,0.01,94.1,70.01,18.43,26.96,12.51,19.85,2.29,14.45,0,0,0.6359045010974862
La Libertad,2020,Septiembre,7251.0,18452.0,101.4000000000015,120.0,4247.900000000001,0.0,4907.300000000017,6660.0,1367.65,0.0,200.0,226.1999999999998,1683.599999999998,272.9999999999995,147.0,0.0,4119.799999999999,143.6000000000004,9962.379999999976,820.0300000000007,20.5,330.5700000000006,1538.0,226.1989999999998,14.74900000000002,148.6499999999999,0.0,0.0,4424.400000000001,13.89999999999998,0.0,107.1999999999999,137.5,0.0,8419.400000000023,1410.700000000001,513.0,0.0,272.0,5.248999999999995,0.0,70.0,229.3000000000002,12.0,100.1999999999998,885.6000000000004,520562.8829999999,18896.92000000001,25729.0,0.0,1681.799999999999,0.0,0.0,26565.9,20.71,0.38,0.1,94.09,67.84,19.04,26.46,13.88,21.15,2.37,12.58,0,0,0.708423926961768
La Libertad,2020,Octubre,41.0,5443.0,16.0,0.0,35.0,0.0,11905.0,7994.0,598.8999999999996,0.0,0.0,174.0000000000004,1739.549999999999,112.0,82.0,8.400000000000091,1976.450000000001,221.5,9522.0,630.4099999999999,4.600000000000364,329.7000000000003,1391.0,181.0,6.019999999999982,77.90000000000009,1.0,0.0,5179.400000000001,10.10000000000002,0.0,0.0,0.0,0.0,13595.0,999.2000000000008,448.0,0.0,0.0,0.0,0.0,20.0,119.3000000000002,15.0,2.5,19.0,535768.4669999997,21136.5,13253.0,0.0,404.7999999999993,0.0,0.0,27565.4,22.46,0.38,0.37,94.02,65.75,20.22,26.77,15.25,22.44,2.11,11.52,0,0,0.8118065405874275
La Libertad,2020,Noviembre,0.0,6868.5,0.0,0.0,0.0,0.0,13612.8,2662.0,113.5,0.0,13.0,343.0,541.0,6.0,0.0,8.5,1461.299999999999,108.0,4166.570000000007,622.0,10.19999999999982,101.6500000000001,1633.0,160.4000000000001,17.94999999999999,122.8,0.0,0.0,6986.5,14.20000000000004,0.0,0.0,0.0,0.0,40878.09999999998,944.2999999999992,117.0,0.0,0.0,0.0,0.0,72.0,8.900000000000091,0.0,0.0,0.0,441660.9900000002,21998.29999999999,4779.0,0.0,403.7000000000007,0.0,0.0,19500.0,24.03,0.38,0.17,94.11,69.06,19.2,27.66,13.08,21.49,1.96,14.58,0,0,0.6883804289865476
Piura,2020,Enero,0.0,2146.0,0.0,76609.0,0.0,0.0,0.0,0.0,0.0,0.0,0.0,60.0,0.0,74.0,380.0,0.0,870.0,270.0,19.0,32732.0,122960.0,16.0,0.0,53.0,11054.0,223.0,0.0,0.0,9940.0,0.0,0.0,0.0,0.0,0.0,2878.0,1652.0,2700.0,0.0,0.0,0.0,0.0,30.0,0.0,0.0,0.0,0.0,16423.577,383.0,0.0,0.0,0.0,0.0,0.0,0.0,16.9,0.53,1.25,91.47,63.13,24.76,36.89,17.54,26.93,1.94,19.35,0,1,1.151328875035804
Piura,2020,Febrero,0.0,1690.0,0.0,6941.0,0.0,0.0,0.0,0.0,0.0,1140.0,0.0,0.0,0.0,12.0,0.0,0.0,0.0,90.0,16.0,31397.0,6928.0,46.0,0.0,52.0,12857.0,245.0,0.0,0.0,4500.0,0.0,0.0,0.0,0.0,0.0,1613.0,372.0,835.0,0.0,0.0,0.0,317.0,923.0,0.0,0.0,0.0,5.0,31609.12,425.0,0.0,0.0,0.0,0.0,0.0,0.0,15.05,0.55,3.25,91.46,69.38,24.63,36.9,18.73,26.4,1.75,18.17,0,1,0.9487693690083505
Piura,2020,Marzo,0.0,364.0,0.0,0.0,0.0,0.0,0.0,0.0,0.0,0.0,0.0,0.0,0.0,105.0,90.0,0.0,0.0,0.0,1466.0,31800.0,2550.0,49.0,0.0,71.0,9528.0,226.0,0.0,0.0,9000.0,0.0,0.0,0.0,0.0,0.0,1643.0,123.0,6.0,0.0,0.0,0.0,198.0,80.0,0.0,0.0,28.0,39.0,55589.3479999999,478.0,0.0,0.0,0.0,0.0,0.0,1580.0,15.32,0.55,0.8,91.53,71.63,24.13,34.81,18.28,25.81,1.82,16.53,0,1,0.8531374045128257
Piura,2020,Abril,0.0,36.0,0.0,0.0,0.0,0.0,0.0,0.0,0.0,0.0,0.0,0.0,0.0,0.0,0.0,0.0,0.0,0.0,892.0,32145.0,0.0,17.0,0.0,92.0,18327.0,213.0,0.0,0.0,6000.0,0.0,0.0,0.0,0.0,0.0,978.0,1018.0,19.0,246.0,98.0,0.0,352.0,0.0,0.0,0.0,58.0,0.0,34358.0,434.0,0.0,0.0,0.0,0.0,0.0,0.0,15.54,0.53,0.7,91.57,63.39,24.81,35.77,17.89,26.49,1.48,17.88,0,1,1.146625393684293
Piura,2020,Mayo,0.0,0.0,540.0,2425.0,0.0,0.0,0.0,0.0,0.0,0.0,0.0,84.0,0.0,104.0,0.0,0.0,260.0,0.0,735.0,33520.0,0.0,13.0,0.0,24.0,20585.0,257.0,0.0,0.0,0.0,0.0,0.0,0.0,0.0,0.0,1826.0,383.0,2596.0,1605.0,459.0,15.0,308.0,0.0,437.0,0.0,41.0,47.0,59652.0,424.0,0.0,0.0,0.0,0.0,0.0,0.0,15.24,0.52,0.53,91.52,59.05,25.18,36.76,17.98,26.78,1.43,18.78,0,1,1.31113554732305
Piura,2020,Junio,2064.0,11281.0,3220.0,167779.0,33.0,0.0,0.0,0.0,0.0,0.0,0.0,200.0,0.0,76.0,0.0,12.0,140.0,240.0,491.0,28496.0,0.0,105.0,0.0,70.0,15221.0,290.0,0.0,0.0,0.0,0.0,0.0,0.0,0.0,0.0,2925.0,119.0,1149.0,328.0,327.0,1855.0,190.0,0.0,643.0,0.0,0.0,0.0,56325.0,397.0,0.0,0.0,0.0,0.0,0.0,0.0,16.56,0.52,0.87,91.52,57.68,24.09,35.74,16.38,25.7,1.42,19.36,0,1,1.269590000168668
Piura,2020,Julio,4354.0,8316.0,3802.0,103775.0,154.0,0.0,0.0,0.0,0.0,0.0,0.0,60.0,0.0,145.0,0.0,0.0,798.0,0.0,632.0,31046.0,0.0,30.0,0.0,56.0,7819.0,253.0,0.0,0.0,0.0,0.0,0.0,0.0,0.0,0.0,3128.0,1354.0,1413.0,50.0,38.0,1300.0,0.0,150.0,302.0,0.0,182.0,1176.0,24190.00000000003,438.0,0.0,0.0,0.0,0.0,0.0,0.0,15.71,0.53,1.04,91.49,58.05,23.62,36.32,16.28,25.25,1.31,20.04,0,1,1.223445317982361
Piura,2020,Agosto,3014.0,3117.0,3995.0,16964.0,129.0,0.0,0.0,0.0,0.0,110.0,0.0,100.0,0.0,110.0,60.0,25.0,520.0,0.0,142.0,30368.0,0.0,43.0,0.0,53.0,4933.0,178.0,0.0,0.0,3000.0,0.0,0.0,0.0,0.0,0.0,3831.0,1094.0,13.0,50.0,25.0,1755.0,0.0,1212.0,1252.0,0.0,38.0,1717.0,35319.0,467.0,0.0,0.0,0.0,0.0,0.0,0.0,18.67,0.51,0.14,91.49,52.4,24.13,37.34,15.44,26.39,1.67,21.90000000000001,0,1,1.431418415749401
Piura,2020,Septiembre,1763.0,275.0,2928.0,0.0,23.0,0.0,0.0,0.0,0.0,0.0,0.0,150.0,0.0,150.0,60.0,5.0,330.0,390.0,177.0,31066.0,9447.0,76.0,0.0,60.0,20007.0,152.0,0.0,0.0,6121.0,0.0,0.0,0.0,0.0,0.0,2454.0,160.0,723.0,0.0,0.0,62.0,14.0,0.0,376.0,0.0,29.0,366.0,32355.0,470.0,0.0,0.0,0.0,1069.0,0.0,0.0,17.17,0.52,0.76,91.5,56.03,23.95,36.19,16.61,26.18,1.59,19.58,0,1,1.308053297749923
Piura,2020,Octubre,81.0,541.0,0.0,0.0,0.0,0.0,0.0,0.0,0.0,0.0,0.0,0.0,0.0,68.0,23.0,42.0,0.0,0.0,10.0,30323.0,18546.0,40.0,0.0,82.0,12341.0,154.0,0.0,0.0,37250.0,0.0,0.0,0.0,0.0,0.0,3338.0,663.0,915.0,0.0,0.0,614.0,130.0,284.0,147.0,0.0,6.0,72.0,48430.73999999999,442.0,0.0,0.0,0.0,0.0,0.0,2152.0,18.86,0.51,0.23,91.42,55.0,24.75,37.74,16.33,27.3,1.82,21.41,0,1,1.404363715623721
Piura,2020,Noviembre,0.0,17319.0,0.0,4320.0,0.0,0.0,0.0,0.0,0.0,8692.0,0.0,260.0,0.0,0.0,48.0,84.0,250.0,0.0,18.0,31523.0,38776.0,47.0,0.0,53.0,13076.0,159.0,0.0,0.0,90653.0,0.0,0.0,0.0,0.0,0.0,1126.0,772.0,360.0,0.0,0.0,0.0,0.0,470.0,62.0,0.0,0.0,0.0,55085.37900000002,420.0,0.0,0.0,0.0,283.0,0.0,980.0,18.9,0.51,0.32,91.52,54.29,23.34,33.53,14.72,25.82,1.92,18.81,0,1,1.310798224240224
Puno,2020,Enero,0.0,0.0,0.0,0.0,0.0,0.0,0.0,0.0,0.0,0.0,0.0,0.0,0.0,0.0,0.0,0.0,0.0,0.0,617.0,943.0,0.0,374.0,96.0,54.0,0.0,0.0,0.0,0.0,0.0,0.0,0.0,0.0,0.0,0.0,0.0,0.0,0.0,0.0,0.0,0.0,0.0,0.0,0.0,0.0,0.0,0.0,0.0,24000.0,0.0,0.0,0.0,0.0,0.0,0.0,22.89,0.48,2.49,63.8,71.49,10.41,17.81,2.56,14.97,3.55,15.25,0,0,0.3598158622670767
Puno,2020,Febrero,0.0,0.0,0.0,0.0,0.0,0.0,0.0,0.0,0.0,0.0,0.0,0.0,0.0,0.0,0.0,0.0,0.0,0.0,694.0,818.0,0.0,410.0,0.0,65.0,0.0,0.0,0.0,0.0,0.0,0.0,0.0,0.0,0.0,0.0,8665.0,0.0,0.0,0.0,0.0,0.0,0.0,0.0,0.0,0.0,0.0,0.0,0.0,117316.0,0.0,0.0,0.0,0.0,0.0,0.0,20.01,0.54,7.21,63.82,77.49,10.18,16.35,3.57,14.61,3.71,12.78,0,0,0.2797570313398838
Puno,2020,Marzo,0.0,69.0,0.0,0.0,85.0,1649.3,0.0,0.0,0.0,0.0,0.0,0.0,32.0,0.0,0.0,0.0,106.0,0.0,573.0,1035.0,0.0,396.0,0.0,88.0,0.0,31.0,6.0,0.0,0.0,0.0,74.0,0.0,0.0,0.0,75199.0,0.0,0.0,0.0,0.0,0.0,0.0,0.0,8.0,0.0,47.2,0.0,0.0,336520.0,0.0,5967.0,28850.0,0.0,0.0,0.0,20.52,0.58,3.03,63.86,75.28,9.9,16.39,4.79,14.4,3.75,11.6,0,0,0.3015143543993375
Puno,2020,Abril,1077.2,2490.9,3395.05,114.4,12659.6,25928.4,0.0,0.0,0.0,0.0,0.0,0.0,546.8,0.0,93.5,0.0,4157.7,0.0,288.0,1019.0,0.0,381.0,0.0,130.0,2.0,830.0,174.0,0.0,0.0,0.0,107.0,0.0,0.0,0.0,509150.0,2142.0,1002.1,16867.82,9933.2,270.0,10.0,0.0,0.0,0.0,9808.22,695.3499999999999,0.0,490976.0,0.0,199180.47,1247013.0,0.0,4.0,0.0,22.02,0.55,0.56,63.93,64.69,9.7,17.19,4.17,13.62,2.7,13.02,0,0,0.4249397642558926
Puno,2020,Mayo,842.4100000000001,0.0,3238.7,39.40000000000001,16506.6,12011.23,0.0,0.0,0.0,0.0,0.0,0.0,541.3999999999999,0.0,60.0,0.0,2175.5,0.0,0.0,1081.0,0.0,405.0,0.0,82.0,14.0,6401.0,1498.0,0.0,0.0,0.0,116.0,0.0,0.0,0.0,227968.0,15166.0,1766.1,13093.6,8944.6,1870.0,78.0,0.0,684.9,0.0,3014.8,396.0,0.0,334881.0,0.0,168846.8,883506.0,0.0,8.0,0.0,20.75,0.5,0.06,63.96,54.16,8.76,16.26,2.83,11.24,2.49,13.43,0,0,0.5177819690195387
Puno,2020,Junio,0.0,1916.6,0.0,0.0,106.5000000000036,29.19999999999709,0.0,0.0,0.0,0.0,0.0,0.0,0.0,0.0,0.0,0.0,102.0000000000009,0.0,0.0,966.0,0.0,407.0,0.0,84.0,21.0,8514.0,2064.0,0.0,0.0,0.0,97.0,0.0,0.0,0.0,1062.0,12335.0,0.0,0.0,0.0,3680.0,203.0,0.0,0.0,0.0,0.0,0.0,0.0,323232.0,0.0,902.0000000000582,17344.0,0.0,5.0,0.0,19.82,0.46,0.08,63.88,58.92,8.08,15.18,1.62,10.32,2.47,13.56,1,0,0.4430858535539713
Puno,2020,Julio,0.0,0.0,0.0,0.0,0.0,0.0,0.0,0.0,0.0,0.0,0.0,0.0,0.0,0.0,0.0,0.0,0.0,0.0,0.0,929.0,0.0,395.0,0.0,74.0,15.0,6406.0,2311.0,0.0,0.0,0.0,58.0,0.0,0.0,0.0,0.0,0.0,0.0,0.0,0.0,1496.0,192.0,0.0,0.0,0.0,0.0,0.0,0.0,0.0,0.0,0.0,0.0,0.0,0.0,0.0,20.86,0.44,0.18,63.84,54.18,7.72,14.78,0.69,9.66,2.45,14.09,1,0,0.482231420845344
Puno,2020,Agosto,0.0,0.0,0.0,0.0,0.0,0.0,0.0,0.0,0.0,0.0,0.0,0.0,0.0,0.0,0.0,0.0,0.0,0.0,0.0,965.0,0.0,414.0,0.0,74.0,5.5,5168.599999999999,1798.5,0.0,0.0,0.0,42.5,0.0,0.0,0.0,0.0,0.0,0.0,0.0,0.0,789.1000000000004,192.0,0.0,0.0,0.0,0.0,0.0,0.0,0.0,0.0,0.0,0.0,0.0,0.0,0.0,22.51,0.41,0.17,63.81,58.54,8.7,16.52,1.49,11.85,3.31,15.03,1,0,0.4664095181701382
Puno,2020,Septiembre,2.273736754432321e-13,0.0,0.0,0.0,0.0,7.275957614183426e-12,0.0,0.0,0.0,0.0,0.0,0.0,0.0,0.0,0.0,0.0,0.0,0.0,0.0,984.0,0.0,401.0,1185.0,74.0,0.0,0.0,0.0,0.0,0.0,0.0,0.0,0.0,0.0,0.0,0.0,0.0,4.547473508864641e-13,0.0,0.0,0.0,0.0,0.0,0.0,0.0,0.0,0.0,0.0,0.0,0.0,0.0,0.0,0.0,0.0,0.0,22.1,0.39,0.37,63.87,67.13,8.66,17.59,2.65,13.3,3.36,14.94,0,0,0.3687747649344828
Puno,2020,Octubre,0.0,0.0,0.0,0.0,0.0,0.0,0.0,0.0,0.0,0.0,0.0,0.0,0.0,0.0,0.0,0.0,0.0,0.0,0.0,1003.0,0.0,410.0,4076.0,6.0,0.0,0.0,0.0,0.0,0.0,0.0,0.0,0.0,0.0,0.0,0.0,0.0,0.0,0.0,0.0,0.0,0.0,0.0,0.0,0.0,0.0,0.0,0.0,0.0,0.0,0.0,0.0,0.0,0.0,0.0,22.98,0.38,0.93,63.86,66.98,9.55,17.8,2.98,14.51,3.98,14.82,0,0,0.3933943525969618
Puno,2020,Noviembre,0.0,0.0,0.0,0.0,0.0,0.0,0.0,0.0,0.0,0.0,0.0,0.0,0.0,0.0,0.0,0.0,0.0,0.0,163.0,1033.0,0.0,404.0,6274.0,68.0,0.0,0.0,0.0,0.0,0.0,0.0,0.0,0.0,0.0,0.0,1279.0,0.0,0.0,0.0,0.0,0.0,0.0,0.0,0.0,0.0,0.0,0.0,0.0,5513.0,0.0,0.0,0.0,0.0,0.0,0.0,28.47,0.37,0.9,63.81,59.7,10.83,19.01,4.9,16.13,3.68,14.11,0,0,0.5230582037401096
San Martin,2020,Enero,0.0,18920.0,0.0,67120.0,0.0,0.0,0.0,0.0,0.0,0.0,0.0,310.0,0.0,0.0,0.0,0.0,0.0,0.0,41.3,33267.0,24.3,2337.0,520.5,0.0,278.97,1135.15,13.25,0.0,58.0,0.0,0.0,0.0,0.0,36376.04,0.0,7530.0,0.0,0.0,0.0,187.3,3037.3,0.0,50.575,0.0,0.0,0.0,0.0,0.0,0.0,0.0,0.0,0.0,0.0,0.0,15.89,0.66,8.09,90.29,85.19,22.01,29.94,16.81,21.97,0.02,13.13,0,0,0.3917921097009351
San Martin,2020,Febrero,0.0,35947.239,0.0,74319.69,0.0,0.0,0.0,0.0,0.0,0.0,0.0,237.0,0.0,0.0,0.0,0.0,0.0,0.0,50.5,31908.75,12.7,2023.0,533.5,0.0,309.3999999999999,857.0,10.15,0.0,72.0,0.0,0.0,0.0,0.0,36800.00000000001,0.0,7663.0,0.0,0.0,0.0,3160.4,3449.2,0.0,28.3,0.0,0.0,0.0,0.0,0.0,0.0,0.0,0.0,0.0,0.0,0.0,15.86,0.69,2.96,90.34,87.17,21.63,27.08,16.27,21.49,0.06,10.81,0,0,0.3316304047934269
San Martin,2020,Marzo,0.0,4516.599999999999,0.0,77022.65,0.0,0.0,0.0,0.0,0.0,0.0,0.0,298.0,0.0,0.0,0.0,0.0,0.0,0.0,30.0,27940.75,0.5,2179.5,548.5,0.0,350.3,1078.5,8.75,0.0,44.0,0.0,0.0,0.0,0.0,24654.93,0.0,8575.0,0.0,0.0,0.0,6770.699999999999,2235.0,0.0,119.7,0.0,0.0,0.0,0.0,0.0,0.0,0.0,0.0,0.0,0.0,0.0,15.7,0.66,3.42,90.32,86.8,21.78,28.37,17.23,21.65,0.06,11.14,0,0,0.3443351096239837
San Martin,2020,Abril,0.0,923.0,0.0,77980.99999999997,0.0,0.0,0.0,0.0,0.0,0.0,0.0,204.0,0.0,0.0,0.0,0.0,0.0,0.0,10.50000000000001,32700.5,0.0,1355.5,499.0,0.0,314.5,962.0,27.5,0.0,69.0,0.0,0.0,0.0,0.0,29971.0,0.0,7084.0,0.0,0.0,0.0,25803.0,3852.0,0.0,0.0,0.0,0.0,0.0,0.0,0.0,0.0,0.0,0.0,0.0,0.0,0.0,15.32,0.63,2.05,90.44,84.11,21.8,28.84,16.49,21.71,0.05,12.35,0,0,0.4150128562905584
San Martin,2020,Mayo,0.0,0.0,0.0,82000.84999999998,0.0,0.0,0.0,0.0,0.0,0.0,0.0,210.0,0.0,0.0,0.0,0.0,0.0,0.0,6.800000000000011,32492.5,0.0,2308.5,1329.5,0.0,344.8999999999999,1788.75,43.50000000000001,0.0,177.5,0.0,0.0,0.0,0.0,34905.76999999999,0.0,6929.0,0.0,0.0,0.0,22221.5,4625.099999999999,0.0,337.147,0.0,0.0,0.0,0.0,0.0,0.0,0.0,0.0,0.0,0.0,0.0,15.36,0.6,2.24,90.51,82.18,21.94,29.1,16.78,21.81,0.06,12.32,0,0,0.4694128818371017
San Martin,2020,Junio,0.0,23142.26100000001,0.0,87132.25,0.0,0.0,0.0,0.0,0.0,0.0,0.0,113.0,0.0,0.0,0.0,0.0,0.0,0.0,6.650000000000006,33851.0,0.0,2518.8,756.0,0.0,491.2000000000003,3215.0,26.0,0.0,141.0,0.0,0.0,0.0,0.0,28191.41999999998,0.0,12034.0,0.0,0.0,0.0,13581.4,12931.9,0.0,50.59999999999997,0.0,0.0,0.0,0.0,0.0,0.0,0.0,0.0,0.0,0.0,0.0,16.42,0.57,0.65,90.5,77.26,22.22,29.48,17.02,22.12,0.06,12.46,0,0,0.6093194733213734
San Martin,2020,Julio,0.0,24218.0,0.0,68017.97999999998,0.0,0.0,0.0,0.0,0.0,0.0,0.0,135.0,0.0,0.0,0.0,0.0,0.0,0.0,0.0,32876.0,0.0,2388.0,739.5,0.0,222.6999999999998,5647.0,12.5,0.0,60.0,0.0,0.0,0.0,0.0,28228.51000000001,0.0,6223.0,0.0,0.0,0.0,9492.5,4178.5,0.0,453.115,0.0,0.0,0.0,0.0,0.0,0.0,0.0,0.0,0.0,0.0,0.0,15.14,0.55,0.94,90.46,74.48,22.47,30.3,15.97,22.38,0.05,14.33,0,0,0.6942812381825605
San Martin,2020,Agosto,0.0,10444.0,0.0,64953.89000000001,0.0,0.0,0.0,0.0,0.0,0.0,0.0,221.0,0.0,0.0,0.0,0.0,0.0,0.0,0.0,29843.0,0.0,2757.5,713.5,0.0,114.5999999999999,6100.500000000002,0.0,0.0,41.0,0.0,0.0,0.0,0.0,35518.0,0.0,4758.0,0.0,0.0,0.0,1793.5,4840.900000000001,0.0,609.5180000000001,0.0,0.0,0.0,0.0,0.0,0.0,0.0,0.0,0.0,0.0,0.0,17.58,0.53,0.33,90.4,66.11,23.8,32.63,15.35,23.69,0.06,17.28,0,1,0.9991408340908132
San Martin,2020,Septiembre,0.0,2443.638999999996,0.0,55924.5,0.0,0.0,0.0,0.0,0.0,0.0,0.0,204.0,0.0,0.0,0.0,0.0,0.0,0.0,0.0,36197.5,0.0,4228.0,616.0,0.0,113.4000000000001,6809.999999999996,3.0,0.0,63.0,0.0,0.0,0.0,0.0,37463.29999999999,0.0,11639.0,0.0,0.0,0.0,17585.5,3728.199999999997,0.0,609.7220000000002,0.0,0.0,0.0,0.0,0.0,0.0,0.0,0.0,0.0,0.0,0.0,15.24,0.53,1.3,90.37,67.42,24.12,32.79,17.12,24.03,0.05,15.67,0,1,0.9791524254568538
San Martin,2020,Octubre,0.0,2194.399999999994,0.0,59895.929,0.0,0.0,0.0,0.0,0.0,0.0,0.0,196.0,0.0,0.0,0.0,0.0,0.0,0.0,89.5,33941.0,190.0,3070.0,572.0,0.0,134.6999999999998,2391.200000000001,9.5,0.0,104.0,0.0,0.0,0.0,0.0,41838.58000000002,0.0,6811.0,0.0,0.0,0.0,57.5,4994.400000000001,0.0,438.98,0.0,0.0,0.0,0.0,0.0,0.0,0.0,0.0,0.0,0.0,0.0,18.08,0.54,1.81,90.28,68.51,24.19,32.81,16.64,24.08,0.05,16.17,0,1,0.9503737468618607
San Martin,2020,Noviembre,0.0,1230.0,0.0,79457.85900000005,0.0,0.0,0.0,0.0,0.0,0.0,0.0,280.0,0.0,0.0,0.0,0.0,0.0,0.0,183.6,34182.0,473.0,2476.5,642.0,0.0,201.1999999999998,736.5999999999985,8.5,0.0,79.5,0.0,0.0,0.0,0.0,40593.40000000002,0.0,10628.0,0.0,0.0,0.0,41.5,5023.540000000001,0.0,139.4789999999998,0.0,0.0,0.0,0.0,0.0,0.0,0.0,0.0,0.0,0.0,0.0,17.53,0.55,1.23,90.2,73.33,23.94,32.76,16.54,23.84,0.04,16.22,0,1,0.7929233509091773
Ica,2021,Enero,0.0,10026.14,46.0,0.0,0.0,0.0,12668.0,0.0,1059.46,0.0,175.0,30020.9,910.4,36.6,0.0,0.0,8973.0,0.0,0.0,228.5,1228.8,6.0,0.0,12.0,20.0,0.0,0.0,0.0,142925.91,0.0,25.0,1.79,0.0,0.0,103.45,0.0,1648.2,0.0,0.0,0.0,0.0,0.0,0.0,58.0,0.0,0.0,0.0,11618.25,0.0,0.0,0.0,730.52,0.0,0.0,24.74,0.34,0.29,95.73,75.34,21.38,27.07,17.64,23.18,2.6,9.43,0,0,0.6277369336795846
Ica,2021,Febrero,0.0,9405.0,19.0,0.0,0.0,1.0,15492.0,0.0,322.0,0.0,0.0,14297.0,712.0,36.99999999999999,0.0,0.0,719.0,0.0,273.0,262.0,4575.0,40.0,0.0,0.0,0.0,0.0,224.0,0.0,77432.0,105.0,637.0,56.0,0.0,0.0,70.0,656.0,2549.0,0.0,0.0,0.0,0.0,342.0,0.0,5.0,0.0,0.0,0.0,10389.0,0.0,0.0,0.0,982.0,0.0,0.0,24.51,0.33,0.19,95.75,72.22,21.98,27.58,17.74,23.7,2.33,9.84,0,0,0.7335651816640911
Ica,2021,Marzo,0.0,10412.15,7.200000000000003,0.0,0.0,0.0,13821.3,0.0,1112.07,0.0,0.0,6196.209999999999,1292.9,13.54000000000001,0.0,0.0,5455.1,0.0,7713.75,233.0,1922.659,34.8,0.0,0.0,0.0,0.0,17923.0,0.0,33734.43999999997,247.77,0.0,802.8600000000001,2463.0,0.0,154.2,1059.7,3235.34,0.0,0.0,0.0,0.0,588.9300000000001,0.0,64.91999999999999,0.0,0.0,0.0,12931.419,0.0,0.0,0.0,942.5300000000002,0.0,0.0,23.68,0.33,0.37,95.76,75.46,22.04,26.93,18.24,23.35,2.25,8.690000000000001,0,0,0.6503829692811676
Ica,2021,Abril,0.0,10871.0,20.0,0.0,0.0,0.0,15136.0,0.0,348.0,0.0,0.0,2022.0,315.0,43.99999999999999,0.0,0.0,19648.0,0.0,12616.0,266.0,100.0,37.0,0.0,0.0,0.0,0.0,26883.0,0.0,5861.0,472.0,0.0,0.0,3871.0,0.0,300.0,312.0,1126.000000000001,0.0,26.0,0.0,0.0,190.0,0.0,36.0,0.0,0.0,0.0,10396.0,0.0,0.0,0.0,2559.0,0.0,0.0,21.71,0.34,0.26,95.79,74.79,20.27,25.98,15.54,21.46,2.85,10.44,0,0,0.5993858174329472
Ica,2021,Junio,38.776,91698.118,123.501,0.0,108.557,16.699,11778.16999999998,0.0,1360.74,0.0,68.55000000000001,6266.541000000005,2477.52,71.78900000000002,17.8,0.0,11329.714,150.6,40683.109,308.55,0.0,54.00000000000001,0.0,0.0,0.0,2568.909999999999,66339.54999999999,1837.4,15049.57000000001,301.0,53.15000000000009,83.95000000000005,0.0,0.0,1087.28,2343.442,1372.092999999999,0.0,0.0,0.0,0.0,598.2739999999999,29.822,24.43000000000001,0.0,0.0,0.0,26297.77,0.0,0.0,0.0,1066.438,0.0,293.5,11.59,0.33,0.02,95.99,69.78,18.26,24.59,13.84,18.91,3.22,10.75,0,0,0.6339868310892443
Ica,2021,Julio,0.0,22259.99100000001,18.53100000000001,0.0,0.0,0.0,16314.0,0.0,457.6319999999996,0.0,0.0,1651.409999999996,10582.997,122.655,0.0,0.0,10141.785,502.1999999999999,16667.5,189.1099999999999,0.0,21.05000000000001,0.0,0.0,0.0,16763.98,45749.209,19909.8,0.0,0.0,0.0,0.0,82.30000000000018,0.0,19358.35,0.0,3033.375,0.0,0.0,0.0,0.0,258.78,11.394,161.728,0.0,0.0,0.0,12394.0,0.0,0.0,0.0,149.1000000000004,0.0,350.4,11.75,0.33,0.0,95.97,70.51,17.73,24.39,13.65,18.47,3.5,10.74,0,0,0.598394093482578
Ica,2021,Agosto,0.0,14490.37299999999,0.0,0.0,0.0,0.0,20016.9,1440.0,360.4120000000003,0.0,0.0,2535.425999999999,6853.73,34.35000000000002,0.0,0.0,3815.199999999997,1909.38,2063.149999999994,212.5,0.0,46.26999999999998,0.0,0.0,0.0,7839.010000000002,1229.989999999991,5956.41,0.0,128.26,0.0,0.0,0.0,0.0,56342.92000000001,919.696,4540.570999999998,0.0,0.0,0.0,0.0,386.1089999999999,44.10000000000001,184.746,0.0,0.0,0.0,12359.109,0.0,0.0,0.0,0.0,0.0,1725.5,14.5,0.32,0.01,96.0,67.43,17.67,24.29,12.82,18.74,3.63,11.47,0,0,0.658397254791036
Ica,2021,Septiembre,0.0,6080.459000000003,17.22900000000001,0.0,0.0,0.0,25370.95000000001,3028.0,745.0260000000007,0.0,44.73000000000002,2601.999999999993,4034.582999999999,0.0,22.2,0.0,3662.498999999996,14011.0,4800.000000000015,270.3,0.0,17.39999999999998,0.0,0.0,0.0,227.1999999999971,0.0,1502.509999999995,0.0,2.930000000000064,0.0,0.0,0.0,0.0,33209.10000000001,448.8000000000002,4148.067999999999,0.0,0.0,0.0,0.0,67.60000000000036,249.295,304.4450000000001,0.0,0.0,0.0,15711.12900000003,0.0,0.0,0.0,128.9899999999998,0.0,5045.0,19.17,0.32,0.04,95.94,68.23,17.64,23.92,12.89,19.11,3.65,11.03,0,0,0.6410118253265786
Ica,2021,Octubre,0.0,3655.570000000007,0.0,0.0,0.0,0.0,21702.23,7850.0,1050.111,0.0,0.0,4398.706999999995,1017.095000000001,5.100000000000023,0.0,0.0,15934.72,6562.799999999999,0.0,224.0000000000002,0.0,48.89999999999998,0.0,0.0,0.0,95.09999999999854,0.0,0.0,1323.599999999977,0.0,0.0,0.0,0.0,0.0,7784.899999999994,453.8999999999997,1461.599999999998,0.0,0.0,0.0,0.0,0.0,142.0,1087.139,0.0,0.0,0.0,11200.13,0.0,0.0,0.0,5.840000000000146,0.0,6394.0,22.23,0.32,0.06,95.9,67.47,17.96,23.73,12.98,19.69,3.62,10.75,0,0,0.6697069647810121
Ica,2021,Noviembre,0.0,7527.043000000005,0.0,0.0,0.0,30.0,14268.89999999999,7393.0,197.0,0.0,506.544,29570.62,1041.950000000001,0.0,0.0,0.0,22779.3,135.0,0.0,230.3000000000002,0.0,29.19999999999999,0.0,0.0,0.0,0.0,0.0,0.0,20055.40000000002,0.0,14.20000000000004,0.0,0.0,0.0,554.0,691.1999999999998,669.5,0.0,0.0,0.0,0.0,0.0,174.939,920.924,0.0,0.0,0.0,14277.60999999999,0.0,0.0,0.0,67.30199999999968,0.0,4100.000000000002,23.0,0.32,0.18,95.91,72.74,18.47,23.89,14.2,20.24,3.16,9.690000000000001,0,0,0.5794683514375623
Ica,2021,Diciembre,0.0,7425.010000000009,130.309,0.0,0.0,0.0,12957.61000000004,7789.200000000001,538.6209999999992,0.0,0.0,29507.141,120.0,0.0,0.0,0.0,17657.342,122.2750000000015,0.0,243.5499999999993,205.3000000000002,165.6300000000001,0.0,14.8,0.0,6002.700000000004,21342.019,719.1500000000051,104207.34,6.639999999999873,25.71000000000004,2.399999999999977,69.46900000000005,0.0,476.1199999999662,374.0,821.0760000000009,0.0,0.0,0.0,0.0,483.2499999999996,69.14599999999996,200.7000000000003,0.0,0.0,0.0,8866.570000000007,0.0,0.0,0.0,752.6100000000006,0.0,740.0,23.33,0.33,0.26,95.84,75.89,19.42,25.23,15.47,21.33,3.19,9.76,0,0,0.5438157220323341
Junin,2021,Enero,0.0,3630.000000000001,0.0,72.8,0.0,0.0,0.0,341.2,241.7,0.0,0.0,11.5,287.7,4086.9,2223.0,74.0,250.5,4159.8,6345.200000000001,19243.8,552.4000000000001,1229.9,43349.8,728.86,183.0,20455.39,917.339,2492.98,0.0,0.5,3.5,10.0,0.0,0.0,23756.3,11632.2,0.0,0.0,160.9,0.0,645.9200000000001,0.0,369.6,0.0,0.0,0.0,0.0,10727.65,0.0,328.4,801.2,0.0,6.1,0.0,14.63,0.77,4.31,90.89,89.35,22.08,27.73,17.29,21.98,0.22,10.44,0,0,0.2829453477482944
Junin,2021,Febrero,0.0,5225.9,0.0,95.0,0.0,0.0,0.0,394.8999999999999,262.2,0.0,0.0,23.6,487.9,5413.4,3927.0,0.0,269.5,9645.000000000004,5419.559000000001,18014.92,295.3,1981.39,42672.9,809.3000000000003,0.0,22895.1,1555.18,5036.880000000001,0.0,29.9,81.5,51.0,0.0,0.0,30712.9,8901.599999999997,0.0,0.0,497.1,3658.063,860.3050000000003,0.0,342.08,0.0,0.0,0.0,0.0,12350.15,0.0,393.7000000000002,2712.7,0.0,6.94,0.0,14.71,0.73,3.56,90.9,87.34,22.69,30.28,18.32,22.6,0.2,11.96,0,0,0.3490487663547723
Junin,2021,Marzo,0.0,5161.1,58.0,146.15,0.0,0.0,0.0,400.6000000000001,329.0,0.0,0.0,25.0,840.4999999999999,5540.499999999998,4829.5,64.0,519.9000000000001,19879.4,4673.799999999999,18286.98,1.136868377216161e-13,217.6500000000005,40853.90000000001,834.5999999999999,0.0,25042.10000000001,2869.45,6160.7,0.0,43.2,119.4,61.1,0.0,0.0,51048.8,5664.500000000007,0.0,11.0,1435.5,7634.318999999999,2551.132999999999,0.0,361.3,0.0,0.0,0.0,0.0,13330.9,0.0,572.0999999999999,13208.5,0.0,6.720000000000002,0.0,15.67,0.69,2.65,90.96,84.2,22.67,30.08,17.95,22.6,0.2,12.13,0,0,0.4350937409232309
Junin,2021,Abril,0.0,4021.650000000001,181.4,162.1,0.0,0.0,0.0,497.8,203.5999999999999,0.0,0.0,0.0,564.8000000000002,4229.9,4278.299999999999,63.0,228.4000000000001,38926.59999999999,3838.0,17650.81999999999,0.0,1129.55,38478.20000000001,866.4000000000001,0.0,23436.25,5932.000000000001,6575.5,0.0,39.3,109.2,42.40000000000001,0.0,0.0,63618.0,8233.699999999997,0.0,101.7,3434.400000000001,14077.339,3468.71,0.0,282.7,0.0,4.0,0.0,0.0,13156.95,0.0,1511.5,30012.7,0.0,7.290000000000003,0.0,14.73,0.7,3.49,91.07,83.6,22.57,29.77,17.65,22.37,0.23,12.12,0,0,0.4488850238131641
Junin,2021,Junio,3898.0,2666.199999999997,9541.249,650.6,10782.3,3703.199999999999,0.0,712.7999999999993,149.4000000000001,0.0,0.0,0.0,530.7999999999993,2828.5,5380.599999999999,2616.0,423.2000000000001,19975.60000000002,6469.57,36303.94,0.0,2085.650000000001,72977.74999999997,1776.6,0.0,61683.99999999999,21589.25,10935.4,0.0,18.39999999999998,16.69999999999999,0.0,0.0,0.0,189712.8,17290.5,0.0,3409.300000000001,12227.2,35028.088,8840.157,0.0,675.9000000000001,0.0,2525.47,1133.17,0.0,23987.75,0.0,8404.0,51126.5,0.0,11.84,0.0,13.75,0.58,0.14,91.23,62.66,24.2,32.32,15.24,23.99,0.27,17.08,0,1,1.127603377147772
Junin,2021,Julio,2518.65,172.4000000000015,1633.15,249.8,7267.360000000002,1651.95,0.0,0.0,30.40000000000009,0.0,0.0,0.0,46.80000000000018,1192.900000000002,584.2000000000007,1471.8,344.8999999999999,40.0,2425.220000000001,16740.98,0.0,866.3999999999996,33386.20000000001,860.1000000000004,0.0,33439.35000000001,11027.3,3251.399999999998,0.0,0.0,0.0,0.0,0.0,0.0,27603.0,6648.699999999997,0.0,361.0,1478.5,11240.979,4412.790000000001,0.0,873.3,0.0,239.1300000000001,77.55999999999995,0.0,11387.0,0.0,1923.0,4870.199999999997,0.0,5.18,0.0,16.11,0.57,0.01,91.31,51.6,24.5,33.43,13.97,24.17,0.32,19.46,0,1,1.488081413379125
Junin,2021,Agosto,175.3500000000004,1038.400000000002,293.1499999999996,90.40000000000008,568.7000000000007,63.89999999999964,0.0,417.7000000000003,102.8,0.0,0.0,11.7,0.0,1420.5,865.5999999999985,173.6999999999998,516.5,113.3999999999942,1706.799999999999,15324.25000000002,0.0,830.0999999999995,31184.0,925.8199999999996,0.0,27072.54999999999,7688.700000000004,2089.349999999999,0.0,0.0,0.0,0.0,0.0,0.0,4852.400000000023,8689.0,0.0,0.0,66.0,5056.088000000003,2843.129000000001,0.0,228.8499999999999,0.0,4.0,0.0,0.0,9699.200000000012,0.0,744.9599999999991,1214.5,0.0,4.200000000000003,0.0,16.39,0.56,0.05,91.16,47.99,26.13,35.43,17.01,25.81,0.3,18.42,0,1,1.761707435097386
Junin,2021,Septiembre,140.3000000000011,1658.125,0.2000000000007276,56.0,303.0999999999985,23.10000000000128,0.0,231.6000000000004,69.50000000000023,0.0,0.0,0.0,14.50000000000046,1740.200000000008,722.9000000000015,114.0,355.1000000000004,742.6999999999825,1973.620000000006,17747.02000000002,0.0,1084.15,31187.79999999999,981.8999999999996,0.0,22759.60000000001,4852.699999999975,1781.650000000002,0.0,0.0,0.0,0.0,0.0,0.0,1379.899999999965,11702.04999999999,0.0,0.0,0.0,0.0,2206.234,0.0,287.9699999999998,0.0,14.39999999999964,2.273736754432321e-13,0.0,11196.55000000002,0.0,741.7000000000007,1035.399999999994,0.0,4.739999999999995,0.0,16.47,0.56,0.29,91.09,53.9,26.45,34.89,19.56,26.42,0.27,15.33,0,1,1.591274415504379
Junin,2021,Octubre,0.0,917.9000000000016,0.0,42.0,0.0,0.0,0.0,285.9000000000001,0.0,0.0,0.0,0.0,28.80000000000019,820.9000000000015,753.7999999999993,57.0,224.9000000000001,75.10000000000582,4843.0,19277.5,0.0,1188.0,31438.29999999999,922.3999999999996,0.0,22380.29999999999,1640.82,1168.5,0.0,0.0,0.0,0.0,0.0,0.0,3241.599999999977,15476.5,0.0,0.0,0.0,0.0,1574.476999999999,0.0,262.1999999999998,0.0,0.0,0.0,0.0,11047.8,0.0,290.5,670.0,0.0,5.079999999999998,0.0,18.15,0.58,1.56,90.94,63.44,26.26,35.09,18.85,26.18,0.27,16.24,0,1,1.247916831551394
Junin,2021,Noviembre,0.0,425.7999999999993,0.0,87.0,0.0,0.0,0.0,289.8000000000002,0.0,0.0,0.0,0.0,73.80000000000018,1160.599999999998,655.7000000000007,0.0,147.5,26.39999999999418,6762.550000000003,20667.75,453.3,1439.6,37430.40000000002,802.8899999999994,0.0,23024.85000000001,807.0190000000002,1337.75,0.0,0.0,0.0,0.0,0.0,0.0,6241.0,16977.5,0.0,0.0,0.0,0.0,1267.079000000002,0.0,155.4000000000001,0.0,0.0,0.0,0.0,11336.8,0.0,220.7999999999993,614.8999999999942,0.0,4.350000000000001,0.0,14.91,0.59,2.62,90.85,72.71,24.75,33.39,18.97,24.79,0.23,14.42,0,1,0.8516685733193632
Junin,2021,Diciembre,0.0,1157.599999999995,1.818989403545856e-12,64.60000000000014,0.0,0.0,0.0,371.1999999999998,137.0999999999994,0.0,0.0,0.0,124.1999999999994,2335.200000000001,1155.099999999998,0.0,259.5999999999999,314.0000000000145,7642.499999999993,19084.74999999997,733.0,1533.4,39670.20000000001,631.6000000000022,0.0,21593.40000000002,796.1500000000087,1415.660000000011,0.0,0.0,0.0,0.0,0.0,0.0,18964.70000000001,21204.90000000001,0.0,0.0,0.0,0.0,1104.239000000001,0.0,248.29,0.0,0.0,0.0,0.0,11900.89999999994,0.0,716.5000000000018,924.3999999999942,0.0,3.47999999999999,0.0,15.86,0.64,2.83,90.84,80.49,23.83,31.61,19.1,23.81,0.21,12.51,0,0,0.5762295632095298
La Libertad,2021,Enero,0.0,2523.2,0.0,548.0,0.0,0.0,11172.0,0.0,897.7,0.0,381.0,490.0,1559.0,43.5,72.0,0.0,1784.0,152.0,1104.18,471.35,1024.279,184.35,2755.3,53.0,34.43,4.88,0.0,0.0,8215.84,124.6,16.42,40.4,0.0,0.0,24464.5,1326.8,249.0,0.0,0.0,0.0,0.0,50.0,31.0,0.0,0.0,0.0,342202.102,14816.14,17062.0,0.0,406.2,0.0,0.0,3773.0,19.5,0.38,0.31,93.97,76.86,21.13,27.05,17.09,23.18,1.84,9.96,0,0,0.5800855349446719
La Libertad,2021,Febrero,0.0,2887.5,0.0,3492.0,0.0,36.0,17285.8,0.0,799.8999999999999,2457.68,4093.731984994293,396.2000000000001,1423.0,302.8,245.0,0.0,1079.7,72.0,1491.629,684.5499999999998,1205.1,242.08,2981.8,236.5,0.0,1.08,8.5,0.0,7329.850000000002,137.57,23.34,52.47000000000001,0.0,0.0,52341.10000000001,1517.0,294.5,0.0,24.0,0.0,1.45,110.0,19.0,0.0,0.0,0.0,457817.9089999999,16990.19,0.0,0.0,419.0000000000001,0.0,0.0,1771.0,22.86,0.38,0.08,94.0,71.39,22.29,29.81,17.83,24.59,1.92,11.98,0,0,0.7698777743910654
La Libertad,2021,Marzo,0.0,2293.7,0.0,7166.0,0.0,0.0,15036.5,0.0,192.5,3200.0,1098.268015005708,609.5,592.0,245.2,837.0,154.6,1085.0,200.0,15367.62,1022.15,1118.65,270.6499999999999,2691.300000000001,417.5,0.0,19.14,12.6,0.0,5568.900000000001,110.869,19.40899999999999,154.65,0.0,0.0,62266.0,1073.2,379.8,0.0,0.0,18.17,6.189,70.0,209.0,0.0,0.0,0.0,383617.335,17566.17,0.0,0.0,414.3,0.0,0.0,1600.0,19.8,0.38,0.37,94.02,72.67,22.23,28.45,17.93,24.04,1.93,10.52,0,0,0.7327544759613436
La Libertad,2021,Abril,0.0,2112.6,81.0,8646.5,0.0,0.0,14547.65,0.0,54.29999999999996,0.0,4000.0,700.4999999999998,1182.0,257.7,2114.5,264.0,1000.0,639.4000000000001,25562.9,1338.72,621.04,212.519,2138.700000000001,218.08,0.0,206.99,391.96,0.0,2117.5,75.27999999999997,7.509,136.6,0.0,0.0,108676.8,1503.8,457.6000000000001,0.0,5.0,35.61,11.82,100.0,399.5,0.0,0.0,0.0,227544.8570000001,16592.57000000001,0.0,75.0,552.5,0.0,0.0,420.0,20.06,0.38,0.12,94.04,77.17,20.2,27.57,15.26,21.81,2.52,12.31,0,0,0.5404569140704696
La Libertad,2021,Junio,5380.5,25817.25,8425.15,262870.0,3211.7,494.2000000000001,20036.65,0.0,477.7000000000001,280.0,3575.0,1091.0,4733.6,2443.0,2182.05,677.9999999999999,5693.000000000001,6896.200000000001,126668.739,3988.819,245.1899999999996,425.55,2037.550000000001,246.1590000000001,0.0,518.88,5109.36,0.0,5324.999999999996,110.2400000000001,16.69,277.9690000000001,169.8,0.0,215766.9,2788.55,952.2999999999996,2255.1,4134.0,78.66999999999999,10.69,90.0,1108.9,0.0,1363.1,1872.9,561385.1715554001,31065.03799999998,0.0,735.0,11329.3,0.0,0.0,824.7000000000007,15.32,0.38,0.03,94.2,76.29,18.96,26.38,14.5,20.15,2.41,11.88,0,0,0.5196862121608354
La Libertad,2021,Julio,28474.6,20362.0,10916.9,23880.0,26837.8,504.6000000000001,9219.199999999995,0.0,326.1500000000001,140.0,542.0,471.0,1379.0,1149.9,957.8000000000002,234.5,7378.5,2058.0,22764.37899999998,1123.860000000001,22.63000000000011,80.59999999999991,1597.800000000001,122.4000000000001,0.0,253.13,1788.8,0.0,2860.0,18.80999999999995,0.0,130.33,222.0,0.0,25983.59999999998,2023.799999999999,815.7000000000003,2363.5,3310.5,51.56,0.0,90.0,949.9999999999998,0.0,2485.8,4216.4,402004.5800000001,17497.31999999999,0.0,270.0,6531.0,0.0,0.0,3219.689,17.65,0.38,0.03,94.15,71.78,19.3,27.96,15.07,20.51,2.65,12.89,0,0,0.6317850749719012
La Libertad,2021,Agosto,26326.0,27604.2,4369.049999999999,601.0,27925.3,234.3,10581.81999999999,2096.3,285.9000000000001,0.0,0.0,355.5,729.5,460.0,297.0,145.5999999999999,1519.0,84.0,8572.850000000006,1189.629000000001,37.88000000000011,211.75,1595.6,248.7,0.0,208.2499999999999,2543.500000000001,0.0,3351.100000000002,12.76999999999998,0.0,21.08000000000004,117.3,0.0,4780.0,1272.4,900.8000000000002,965.0,2006.0,19.458,0.0,0.0,236.4000000000001,0.0,2038.25,3555.3,471871.875,17007.079,0.0,0.0,1149.200000000001,0.0,0.0,15394.55,19.07,0.37,0.07,94.18,71.18,18.82,28.23,13.98,20.43,2.82,14.25,0,0,0.6261914932474948
La Libertad,2021,Septiembre,9817.700000000004,12606.8,1269.100000000002,0.0,7646.199999999997,0.0,6840.050000000003,5273.0,418.6999999999998,0.0,145.0,618.5,901.5,0.0,413.0,24.0,1102.5,147.3000000000011,13668.39899999998,1350.519999999999,18.4989999999998,232.2,515.3999999999978,220.2,0.0,152.01,0.0,0.0,3400.0,14.33899999999983,0.0,0.0,139.0,0.0,13379.00000000006,1452.400000000002,584.1500000000001,206.3999999999996,632.5,0.0,0.0,80.0,369.3000000000002,0.0,541.6000000000004,605.2000000000007,453849.378,18610.02000000002,0.0,0.0,436.0,0.0,0.0,33500.0,20.63,0.38,0.09,94.14,68.52,18.92,27.06,14.05,20.84,2.96,13.01,0,0,0.6882719755121451
La Libertad,2021,Octubre,94.5,8659.5,67.5,0.0,0.0,0.0,11680.90000000001,7712.999999999999,375.3499999999999,0.0,140.0,591.0,1117.0,308.1999999999998,153.0,0.0,2758.5,95.0,4960.170000000013,1085.17,3.75,3523.8,1340.800000000001,186.5,0.0,143.4000000000001,201.6000000000004,0.0,3499.699999999997,8.299999999999955,0.0,0.0,0.0,0.0,18355.5,1626.9,214.0,0.0,10.0,0.0,0.0,0.0,274.5,0.0,5.199999999999818,46.0,501781.8208586001,20746.37,0.0,0.0,442.0,0.0,0.0,30439.65000000001,21.03,0.38,0.33,94.13,72.04,18.52,26.38,13.87,20.68,2.74,12.51,0,0,0.5962125367287459
La Libertad,2021,Noviembre,0.0,6077.800000000003,0.0,0.0,0.0,0.0,14738.70000000001,5633.0,243.25,0.0,0.0,251.0,621.5,6.100000000000364,91.0,7.5,733.0,176.0,4324.170000000013,1098.299999999999,15.30000000000018,43.10000000000037,1598.0,161.9000000000001,0.0,131.6800000000001,0.0,0.0,7952.550000000003,298.38,0.0,0.0,0.0,0.0,21053.0,1611.6,143.0,0.0,0.0,0.0,0.0,0.0,119.5,0.0,0.0,0.0,458505.4953102996,21287.15,0.0,0.0,444.5,0.0,0.0,17375.25,22.64,0.38,0.25,94.16,77.67,18.14,24.12,14.19,20.39,2.44,9.930000000000001,0,0,0.4649463013437021
La Libertad,2021,Diciembre,991.0,3809.150000000009,208.5,101.0,521.5,186.0,13479.49999999997,0.0,794.1999999999998,0.0,321.0,378.0,853.5,658.3999999999996,252.0,24.5,4762.5,136.9999999999982,2214.771000000037,1141.250000000004,27.5,0.0,1571.400000000002,181.0,0.0,127.0999999999997,0.0,0.0,5917.149999999994,0.0,0.0,0.0,0.0,0.0,48411.59999999998,2532.599999999999,180.0499999999993,135.0,0.0,0.0,0.0,150.0,348.0999999999999,0.0,93.79999999999929,103.2000000000007,444960.6084580999,26065.15,0.0,0.0,446.2000000000007,0.0,0.0,10078.86099999999,22.17,0.38,0.26,94.08,77.33,19.32,26.7,15.16,21.41,2.36,11.54,0,0,0.508164648731944
Piura,2021,Enero,0.0,545.0,0.0,74887.0,0.0,0.0,0.0,0.0,0.0,2385.0,580.0,100.0,0.0,122.0,96.0,0.0,150.0,96.0,27.0,27379.0,136935.0,189.0,0.0,59.0,14233.0,159.0,0.0,0.0,17153.0,0.0,0.0,0.0,0.0,0.0,2329.0,434.0,1300.0,0.0,0.0,0.0,126.0,543.0,0.0,0.0,0.0,14.0,47804.74,451.0,0.0,0.0,0.0,0.0,0.0,356.0,14.57,0.53,1.42,91.39,67.28,23.5,35.2,17.49,25.61,1.84,17.71,0,1,0.9473866467062697
Piura,2021,Febrero,0.0,18.0,0.0,17096.0,0.0,0.0,0.0,0.0,0.0,240.0,660.0,0.0,0.0,196.0,0.0,0.0,0.0,120.0,674.0,26188.0,46500.0,138.0,0.0,46.0,0.0,164.0,0.0,0.0,1020.0,0.0,0.0,0.0,0.0,0.0,450.0,80.0,0.0,0.0,0.0,0.0,151.0,100.0,0.0,0.0,34.0,0.0,23641.33000000001,442.0,0.0,0.0,0.0,0.0,0.0,230.0,15.66,0.53,1.21,91.41,62.92,24.43,34.62,17.54,26.48,1.89,17.08,0,1,1.135279574161169
Piura,2021,Marzo,0.0,31.0,0.0,0.0,0.0,0.0,0.0,0.0,0.0,0.0,600.0,0.0,0.0,0.0,58.0,2.0,225.0,54.0,1500.0,26309.0,31674.0,138.0,0.0,68.0,0.0,220.0,0.0,0.0,1000.0,0.0,0.0,0.0,0.0,0.0,1146.0,0.0,0.0,63.0,77.0,0.0,302.0,0.0,0.0,0.0,56.0,0.0,11210.57000000001,456.0,0.0,0.0,0.0,0.0,0.0,75.0,15.11,0.58,4.29,91.46,73.66,23.21,33.19,17.49,24.44,1.38,15.7,0,1,0.7494329177897083
Piura,2021,Abril,0.0,197.0,0.0,0.0,0.0,0.0,0.0,0.0,0.0,180.0,550.0,125.0,0.0,36.0,49.0,0.0,375.0,0.0,1888.0,32139.0,500.0,86.0,0.0,70.0,0.0,291.0,0.0,0.0,300.0,0.0,0.0,0.0,0.0,0.0,1269.0,106.0,1225.0,155.0,89.0,0.0,316.0,0.0,0.0,0.0,33.0,0.0,38534.85000000001,454.0,0.0,0.0,0.0,0.0,0.0,0.0,15.32,0.54,0.75,91.44,64.52,24.1,35.69,17.6,25.59,1.42,18.09,0,1,1.06503021390308
Piura,2021,Junio,642.0,14476.0,1879.0,150078.0,13.0,0.0,0.0,0.0,0.0,1300.0,1110.0,521.0,195.0,414.0,120.0,0.0,840.0,180.0,2509.0,60120.0,560.0,140.0,0.0,149.0,0.0,507.0,0.0,0.0,0.0,0.0,0.0,0.0,0.0,0.0,4851.0,699.0,1558.0,317.0,227.0,1454.0,388.0,0.0,824.0,0.0,171.0,169.0,61624.47800000003,935.0,0.0,0.0,0.0,0.0,0.0,20.0,14.69,0.52,0.22,91.58,57.6,23.9,35.54,16.58,25.54,1.43,18.96,0,1,1.257565802578791
Piura,2021,Julio,3490.0,13887.0,3530.0,193544.0,165.0,0.0,0.0,0.0,0.0,1883.0,950.0,278.0,0.0,7.0,0.0,8.0,560.0,90.0,663.0,32876.0,300.0,158.0,0.0,56.0,0.0,225.0,0.0,0.0,1800.0,0.0,0.0,0.0,0.0,0.0,3802.0,1030.0,788.0,124.0,214.0,1968.0,171.0,502.0,1059.0,0.0,122.0,861.0,24435.20000000001,450.0,0.0,0.0,0.0,0.0,0.0,340.0,16.83,0.52,0.14,91.53,51.84,24.65,36.19,15.95,26.46,1.3,20.24,0,1,1.494034918377673
Piura,2021,Agosto,3863.0,2476.0,4167.0,8400.0,146.0,0.0,0.0,0.0,0.0,2200.0,1300.0,0.0,0.0,0.0,120.0,0.0,425.0,330.0,48.0,30682.0,400.0,105.0,0.0,56.0,0.0,179.0,0.0,0.0,2246.0,0.0,0.0,0.0,0.0,0.0,6348.0,678.0,530.0,25.0,25.0,1406.0,18.0,833.0,510.0,0.0,83.0,498.0,24196.62,463.0,0.0,0.0,0.0,0.0,0.0,1324.0,16.23,0.51,0.38,91.56,53.0,24.31,36.45,16.26,26.37,1.58,20.19,0,1,1.428702233995672
Piura,2021,Septiembre,2479.0,586.0,5504.0,0.0,52.0,0.0,0.0,0.0,0.0,3400.0,1150.0,20.0,0.0,118.0,0.0,0.0,545.0,0.0,0.0,32282.0,1650.0,333.0,0.0,56.0,0.0,155.0,0.0,0.0,3290.0,0.0,0.0,0.0,0.0,0.0,6220.0,1149.0,555.0,0.0,0.0,20.0,68.0,701.0,736.0,0.0,8.0,994.0,30387.26999999999,465.0,0.0,0.0,0.0,1952.0,0.0,1140.0,17.63,0.52,0.59,91.54,52.48,24.42,36.8,15.97,26.68,1.55,20.83,0,1,1.454051215641002
Piura,2021,Octubre,390.0,1042.0,1100.0,0.0,1.0,0.0,0.0,0.0,0.0,4000.0,1300.0,10.0,0.0,60.0,60.0,41.0,200.0,90.0,14.0,32147.0,11600.0,355.0,0.0,56.0,0.0,155.0,0.0,0.0,37028.0,0.0,0.0,0.0,0.0,0.0,2231.0,1907.0,1245.0,0.0,0.0,0.0,0.0,0.0,211.0,0.0,0.0,181.0,33416.17000000001,469.0,0.0,0.0,0.0,558.0,0.0,990.0,17.29,0.53,1.55,91.51,59.54,23.7,35.9,16.96,25.79,1.73,18.94,0,1,1.185684918528261
Piura,2021,Noviembre,0.0,17095.0,0.0,540.0,0.0,0.0,0.0,0.0,0.0,2500.0,1800.0,451.0,0.0,208.0,30.0,93.0,287.0,132.0,6.0,32572.0,24992.0,382.0,0.0,59.0,0.0,118.0,0.0,0.0,79400.0,0.0,0.0,0.0,0.0,0.0,1466.0,580.0,2102.0,0.0,0.0,0.0,0.0,20.0,570.0,0.0,0.0,0.0,35698.40399999998,480.0,0.0,0.0,0.0,254.0,0.0,1323.0,17.99,0.53,1.47,91.52,59.5,22.91,33.19,16.18,25.14,1.99,17.01,0,1,1.13160605845184
Piura,2021,Diciembre,404.0,21960.0,1415.0,141332.0,0.0,0.0,0.0,0.0,0.0,300.0,380.0,677.0,0.0,92.0,38.0,107.0,307.0,220.0,0.0,31139.0,37918.0,388.0,0.0,55.0,0.0,118.0,0.0,0.0,81000.0,0.0,0.0,0.0,0.0,0.0,0.0,0.0,1834.0,225.0,320.0,4.0,0.0,296.0,1336.0,0.0,26.0,578.0,32463.017,430.0,0.0,0.0,0.0,2608.0,0.0,1790.0,16.51,0.54,1.57,91.46,64.73,22.94,33.31,16.51,24.95,1.99,16.8,0,1,0.9872660276552556
Puno,2021,Enero,0.0,0.0,0.0,0.0,0.0,0.0,0.0,0.0,0.0,0.0,0.0,0.0,0.0,0.0,0.0,0.0,39.0,0.0,619.0,946.0,0.0,359.0,109.0,69.0,0.0,0.0,0.0,0.0,0.0,0.0,0.0,0.0,0.0,0.0,0.0,0.0,0.0,0.0,0.0,0.0,0.0,0.0,0.0,0.0,0.0,0.0,0.0,26978.0,0.0,0.0,0.0,0.0,0.0,0.0,23.0,0.51,4.55,63.67,74.48,9.47,17.96,2.07,13.86,3.6,15.89,0,0,0.3024087066351834
Puno,2021,Febrero,0.0,0.0,0.0,0.0,0.0,0.0,0.0,0.0,0.0,0.0,0.0,0.0,0.0,0.0,0.0,0.0,70.0,13.8,726.0,818.0,0.0,411.0,0.0,88.0,0.0,0.0,0.0,0.0,0.0,0.0,0.0,0.0,0.0,0.0,13209.0,0.0,0.0,0.0,0.0,0.0,0.0,0.0,0.0,0.0,0.0,0.0,0.0,120198.0,0.0,0.0,0.0,0.0,0.0,0.0,22.64,0.52,2.93,63.75,75.02,9.28,16.52,3.55,13.88,4.08,12.97,0,0,0.2922460005168891
Puno,2021,Marzo,0.0,85.1,0.0,0.0,1053.0,1529.0,0.0,0.0,0.0,0.0,0.0,0.0,446.0,0.0,17.0,0.0,80.19999999999999,78.0,576.0,1028.0,0.0,397.0,0.0,90.0,0.0,25.0,4.0,0.0,0.0,0.0,65.0,0.0,0.0,0.0,70463.3,1856.0,0.0,217.0,779.0,0.0,0.0,0.0,80.9,0.0,0.0,0.0,0.0,358428.0,0.0,4384.0,8232.0,0.0,0.0,0.0,20.74,0.53,2.84,63.75,77.0,8.94,15.3,2.41,13.29,3.89,12.89,0,0,0.2629769062615391
Puno,2021,Abril,551.72,2666.6,2624.85,130.8,13010.4,28681.6,0.0,0.0,0.0,0.0,0.0,0.0,507.4,0.0,114.0,0.0,4097.1,14.0,289.0,1020.0,0.0,386.0,0.0,99.0,0.0,814.0,164.0,0.0,0.0,0.0,107.0,0.0,0.0,0.0,520106.0000000001,4785.0,1128.0,17673.88,10410.24,190.0,5.0,0.0,402.5000000000001,0.0,10628.59,730.0299999999999,0.0,519893.0,0.0,174606.8,1196444.0,0.0,4.0,0.0,21.57,0.53,1.26,63.79,66.21,9.37,16.59,2.47,12.79,2.91,14.12,0,0,0.3977204215870229
Puno,2021,Junio,1168.82,1557.5,3869.9,15.80000000000001,16204.835,11126.109,0.0,0.0,0.0,0.0,0.0,0.0,155.3000000000001,0.0,24.90000000000001,0.0,1800.1,0.0,0.0,2068.5,0.0,822.0999999999999,0.0,178.0,0.0,15169.0,3570.7,0.0,0.0,0.0,215.2,0.0,0.0,0.0,336035.0,28489.8,1083.6,12359.25,8440.099999999995,5608.8,287.0,0.0,175.6299999999999,0.0,2224.579999999996,312.7500000000001,0.0,460712.2,0.0,144794.0,1173430.39,0.0,13.0,0.0,19.65,0.46,0.6,63.85,56.78,7.91,15.81,2.04,10.27,2.24,13.77,0,0,0.4608012251621663
Puno,2021,Julio,0.0,0.0,0.0,0.0,0.0,0.0,0.0,0.0,0.0,0.0,0.0,0.0,0.0,0.0,0.0,0.0,0.0,0.0,0.0,933.1999999999998,0.0,400.0,0.0,82.0,0.0,7016.0,2472.5,0.0,0.0,0.0,59.30000000000001,0.0,0.0,0.0,0.0,1164.0,0.0,0.0,0.0,1669.0,196.5,0.0,0.0,0.0,0.0,0.0,0.0,0.0,0.0,0.0,0.0,0.0,1.0,0.0,20.16,0.44,0.03,63.9,57.2,8.01,14.5,1.8,10.35,2.43,12.7,1,0,0.4594428190224773
Puno,2021,Agosto,0.0,0.0,0.0,0.0,0.0,0.0,0.0,0.0,0.0,0.0,0.0,0.0,0.0,0.0,0.0,0.0,0.0,0.0,0.0,962.0,0.0,412.0,0.0,76.10000000000002,0.0,5000.5,1720.0,0.0,0.0,0.0,44.80000000000001,0.0,0.0,0.0,0.0,0.0,0.0,0.0,0.0,848.1999999999998,192.6,0.0,0.0,0.0,0.0,0.0,0.0,0.0,0.0,0.0,0.0,0.0,0.0,0.0,22.37,0.41,0.18,63.88,58.56,8.28,16.84,2.27,11.66,2.93,14.57,0,0,0.4530897815994205
Puno,2021,Septiembre,0.0,0.0,0.0,0.0,0.0,0.0,0.0,0.0,0.0,0.0,0.0,0.0,0.0,0.0,0.0,0.0,0.0,0.0,0.0,979.8000000000002,0.0,472.2000000000003,1188.1,69.19999999999993,0.0,6.799999999999272,0.0,0.0,0.0,0.0,15.89999999999998,0.0,0.0,0.0,0.0,0.0,0.0,0.0,0.0,0.0,69.0,0.0,0.0,0.0,1.818989403545856e-12,2.273736754432321e-13,0.0,16.5,0.0,0.0,0.0,0.0,2.0,0.0,24.06,0.39,0.89,63.91,68.47,9.43,16.91,3.86,13.8,3.72,13.05,0,0,0.3726218410955706
Puno,2021,Octubre,0.0,0.0,0.0,0.0,0.0,0.0,0.0,0.0,0.0,0.0,0.0,0.0,0.0,0.0,0.0,0.0,0.0,0.0,0.0,985.7000000000008,0.0,413.0999999999999,4103.0,84.10000000000002,0.0,0.0,0.0,0.0,0.0,0.0,0.0,0.0,0.0,0.0,0.0,0.0,0.0,0.0,0.0,0.0,0.0,0.0,0.0,0.0,0.0,0.0,0.0,0.0,0.0,0.0,0.0,0.0,0.0,0.0,27.42,0.43,2.91,63.83,63.0,10.57,19.14,3.57,15.52,3.33,15.57,0,0,0.4719791027853067
Puno,2021,Noviembre,0.0,0.0,0.0,0.0,0.0,0.0,0.0,0.0,0.0,0.0,0.0,0.0,0.0,0.0,0.0,0.0,0.0,0.0,99.0,1011.200000000001,0.0,415.2000000000003,6595.0,71.0,0.0,0.0,0.0,0.0,0.0,0.0,0.0,0.0,0.0,0.0,0.0,0.0,0.0,0.0,0.0,0.0,0.0,0.0,0.0,0.0,0.0,0.0,0.0,5506.0,0.0,0.0,0.0,0.0,0.0,0.0,25.45,0.44,2.44,63.71,67.65,10.49,16.81,3.87,15.47,3.17,12.94,0,0,0.4104659163949843
Puno,2021,Diciembre,2.273736754432321e-13,0.0,0.0,0.0,0.0,0.0,0.0,0.0,0.0,0.0,0.0,0.0,0.0,0.0,0.0,0.0,0.0,64.00000000000001,177.0,1172.899999999998,0.0,542.6999999999998,11302.0,100.4000000000001,0.0,0.0,0.0,0.0,0.0,0.0,0.0,0.0,0.0,0.0,17316.59999999998,0.0,4.547473508864641e-13,7.275957614183426e-12,0.0,0.0,0.0,0.0,0.0,0.0,10.2200000000048,0.0,0.0,242240.2,0.0,223.0,0.0,0.0,0.0,0.0,21.3,0.5,4.98,63.71,70.34,10.04,17.18,3.21,15.12,3.34,13.97,0,0,0.3651791497727755
San Martin,2021,Enero,0.0,18027.0,0.0,54439.408,0.0,0.0,0.0,0.0,18.0,0.0,0.0,291.5,0.0,0.0,0.0,0.0,0.0,0.0,49.0,34307.0,57.35,2336.5,644.5,0.0,331.3,994.5,12.5,0.0,65.0,0.0,0.0,0.0,0.0,38165.3,0.0,8375.0,0.0,0.0,0.0,554.5,3533.2,0.0,33.16,0.0,0.0,0.0,0.0,0.0,0.0,0.0,0.0,0.0,0.0,0.0,16.94,0.57,1.91,90.21,76.92,22.61,30.54,17.16,22.59,0.01,13.38,0,0,0.6332586171016521
San Martin,2021,Febrero,0.0,34853.0,0.0,70963.889,0.0,0.0,0.0,0.0,0.0,0.0,0.0,221.5,0.0,0.0,0.0,0.0,0.0,0.0,48.0,35657.0,6.0,2084.0,579.0,0.0,0.0,1638.0,32.0,0.0,76.0,0.0,0.0,0.0,0.0,31410.72,0.0,9991.0,0.0,0.0,0.0,4233.7,4079.9,0.0,21.01900000000001,0.0,0.0,0.0,0.0,0.0,0.0,0.0,0.0,0.0,0.0,0.0,16.5,0.57,2.9,90.18,77.5,23.11,30.38,17.67,23.06,0.03,12.71,0,0,0.6363205432350671
San Martin,2021,Marzo,0.0,5250.0,0.0,59971.92000000001,0.0,0.0,0.0,0.0,78.0,0.0,0.0,216.5,0.0,0.0,0.0,0.0,0.0,0.0,52.5,34364.0,0.2000000000000028,2093.0,1099.3,0.0,0.0,11547.0,26.0,0.0,54.0,0.0,0.0,0.0,0.0,33698.5,0.0,9305.0,0.0,0.0,0.0,7849.7,6483.899999999998,0.0,229.04,0.0,0.0,0.0,0.0,0.0,0.0,0.0,0.0,0.0,0.0,0.0,15.13,0.63,5.17,90.27,85.84,21.13,27.82,16.45,21.0,0.06,11.37,0,0,0.3549702322738355
San Martin,2021,Abril,0.0,1236.0,0.0,79940.39000000001,0.0,0.0,0.0,0.0,2.5,0.0,0.0,190.0,0.0,0.0,0.0,0.0,0.0,0.0,37.0,35000.0,0.0,1796.0,972.5,0.0,0.0,1480.0,45.5,0.0,85.0,0.0,0.0,0.0,0.0,30560.79,0.0,13742.0,0.0,0.0,0.0,23842.6,4583.300000000001,0.0,191.54,0.0,0.0,0.0,0.0,0.0,0.0,0.0,0.0,0.0,0.0,0.0,16.07,0.61,1.56,90.35,83.39,21.83,29.31,17.16,21.73,0.05,12.15,0,0,0.4346128355447396
San Martin,2021,Junio,0.0,32760.0,0.0,167364.864,0.0,0.0,0.0,0.0,7.5,0.0,0.0,438.0,0.0,0.0,0.0,0.0,0.0,0.0,36.0,69399.0,0.0,4372.799999999999,3854.5,0.0,0.0,12390.5,211.0,0.0,297.0,0.0,0.0,0.0,0.0,63182.22,0.0,28844.0,0.0,0.0,0.0,37386.5,11996.7,0.0,123.74,0.0,0.0,0.0,0.0,0.0,0.0,0.0,0.0,0.0,0.0,0.0,13.96,0.6,5.46,90.55,81.32,21.19,29.15,15.43,21.01,0.09,13.72,0,0,0.4700068096002137
San Martin,2021,Julio,0.0,31044.0,0.0,74594.83999999997,0.0,0.0,0.0,0.0,23.5,0.0,0.0,163.1500000000001,0.0,0.0,0.0,0.0,0.0,0.0,2.300000000000012,34068.0,0.0,2307.0,1137.499999999999,0.0,0.0,12319.5,27.0,0.0,57.0,0.0,0.0,0.0,0.0,33495.51999999999,0.0,7391.850000000006,0.0,0.0,0.0,8647.0,5566.299999999999,0.0,41.45500000000004,0.0,0.0,0.0,0.0,0.0,0.0,0.0,0.0,0.0,0.0,0.0,16.77,0.58,0.67,90.62,75.14,21.44,30.09,14.93,21.27,0.09,15.16,0,0,0.635157224879523
San Martin,2021,Agosto,0.0,4946.0,0.0,63616.91700000002,0.0,0.0,0.0,0.0,15.0,0.0,0.0,290.0,0.0,0.0,0.0,0.0,0.0,0.0,2.0,31254.0,0.0,1860.0,1351.5,0.0,0.0,4017.5,14.0,0.0,46.0,0.0,0.0,0.0,0.0,32314.62,0.0,7728.0,0.0,0.0,0.0,3083.699999999997,5429.400000000001,0.0,973.879,0.0,0.0,0.0,0.0,0.0,0.0,0.0,0.0,0.0,0.0,0.0,17.18,0.54,0.29,90.5,66.18,23.48,32.96,15.8,23.32,0.06,17.16,0,1,0.9780570341925476
San Martin,2021,Septiembre,0.0,1138.0,0.0,65034.30900000001,0.0,0.0,0.0,0.0,12.5,0.0,0.0,322.9699999999998,0.0,0.0,0.0,0.0,0.0,0.0,1.449999999999989,40306.0,0.0,2375.0,1475.0,0.0,0.0,13947.5,10.0,0.0,81.0,0.0,0.0,0.0,0.0,40409.16999999998,0.0,0.0,0.0,0.0,0.0,7173.300000000003,5258.599999999999,0.0,1030.117,0.0,0.0,0.0,0.0,0.0,0.0,0.0,0.0,0.0,0.0,0.0,18.35,0.53,0.97,90.46,65.07,23.95,32.73,17.48,23.87,0.04,15.25,0,1,1.03912444144655
San Martin,2021,Octubre,0.0,2455.0,0.0,70355.08999999997,0.0,0.0,0.0,0.0,17.5,0.0,0.0,403.98,0.0,0.0,0.0,0.0,0.0,0.0,92.10000000000002,35317.5,130.0,1869.0,1255.0,0.0,0.0,6312.0,9.0,0.0,83.0,0.0,0.0,0.0,0.0,47866.57000000001,0.0,7167.949999999997,0.0,0.0,0.0,255.3000000000029,5216.406999999999,0.0,518.3000000000002,0.0,0.0,0.0,0.0,0.0,0.0,0.0,0.0,0.0,0.0,0.0,18.94,0.53,0.69,90.29,62.56,25.11,32.87,18.47,25.07,0.02,14.4,0,1,1.193770119278867
San Martin,2021,Noviembre,0.0,10860.0,0.0,85932.94999999995,0.0,0.0,0.0,0.0,70.0,0.0,0.0,354.0,0.0,0.0,0.0,0.0,0.0,0.0,216.15,37863.0,360.5,1552.0,1389.0,0.0,0.0,2833.5,7.0,0.0,66.0,0.0,0.0,0.0,0.0,48725.47999999998,0.0,11040.3,0.0,0.0,0.0,80.0,4964.199999999997,0.0,258.5190000000002,0.0,0.0,0.0,0.0,0.0,0.0,0.0,0.0,0.0,0.0,0.0,17.04,0.53,0.73,90.19,64.04,24.47,31.57,18.46,24.45,0.01,13.11,0,0,1.103625916476027
San Martin,2021,Diciembre,0.0,12536.5,0.0,83503.30000000005,0.0,0.0,0.0,0.0,510.5,0.0,0.0,413.9499999999998,0.0,0.0,0.0,0.0,0.0,0.0,175.75,36395.0,627.6000000000001,1633.200000000001,2034.0,0.0,0.0,9266.25,55.30000000000001,0.0,127.0,0.0,0.0,0.0,0.0,56267.47999999998,0.0,12102.0,0.0,0.0,0.0,0.0,4118.300000000003,0.0,407.0389999999993,0.0,0.0,0.0,0.0,0.0,0.0,0.0,0.0,0.0,0.0,0.0,17.62,0.53,1.07,90.14,67.7,24.61,33.32,18.71,24.6,0.01,14.61,0,1,0.999629607717659
Ica,2022,Enero,0.0,10066.067,5.42,0.0,0.0,0.0,10894.8,0.0,375.0,0.0,0.0,15360.007,506.4,4.86,0.0,0.0,4873.91,74.375,22.4,198.52,205.23,0.0,0.0,13.1,0.0,0.0,0.0,0.0,156655.95,0.0,0.0,274.19,0.0,0.0,146.25,0.0,1784.67,0.0,0.0,0.0,0.0,0.0,0.0,82.6,0.0,0.0,0.0,13412.57,0.0,0.0,0.0,1013.554,0.0,12.0,25.12,0.33,0.3,95.84,77.84,21.04,26.65,17.35,22.87,3.19,9.299999999999997,0,0,0.5524578511155938
Ica,2022,Febrero,0.0,15092.68,13.0,0.0,11.0,6.35,11339.61,0.0,621.9,0.0,0.0,9446.999999999998,720.85,29.38,0.0,0.0,1153.4,0.0,284.6,222.029,2773.8,44.85,0.0,0.0,80.4,0.0,0.0,0.0,86828.33999999997,98.25,421.12,408.3,0.0,0.0,283.4,0.0,2878.200000000001,0.0,6.15,0.0,0.0,335.63,0.0,36.03999999999999,0.0,0.0,0.0,13693.88,0.0,0.0,0.0,456.062,0.0,0.0,23.77,0.33,0.45,95.81,78.37,20.83,26.13,17.22,22.42,2.86,8.91,0,0,0.532330155703602
Ica,2022,Abril,20.27,44888.12,38.88,0.0,90.4,7.76,27338.4,0.0,1065.0,0.0,41.0,4578.119999999999,471.4000000000001,30.59,0.0,0.0,12133.5,0.0,19022.64,457.08,3964.87,49.2,0.0,0.0,0.0,0.0,47971.5,0.0,61280.92900000006,770.15,81.89999999999998,255.21,5648.799999999999,0.0,87.39999999999998,91.8,3771.9,0.0,6.369999999999999,0.0,0.0,409.15,0.0,202.63,0.0,0.0,0.0,27074.09999999999,0.0,0.0,0.0,7343.841,0.0,18.0,20.9,0.33,0.14,95.78,72.61,19.67,25.45,14.67,20.6,2.91,10.78,0,0,0.6274677807866447
Ica,2022,Mayo,45.21000000000001,25263.37,29.8,0.0,71.16000000000001,7.399999999999999,0.0,0.0,213.1999999999998,0.0,44.0,1664.0,1016.0,83.7,60.0,0.0,5383.16,0.0,24953.0,227.7,0.0,56.64999999999999,0.0,0.0,0.0,328.95,41965.95000000001,0.0,300.0,289.0299999999999,0.0,0.0,120.3000000000002,0.0,77.20000000000005,741.5999999999999,982.1499999999996,0.0,0.0,0.0,0.0,338.1000000000001,0.0,0.0,0.0,0.0,0.0,4007.519999999997,0.0,0.0,0.0,3217.889999999999,0.0,0.0,17.94,0.33,0.09,95.91,68.45,18.49,24.61,13.58,18.98,2.62,11.03,0,0,0.6715020207917983
Ica,2022,Junio,0.0,31551.35100000002,85.32999999999998,0.0,0.0,0.0,14372.1,0.0,105.0,0.0,0.0,2289.200000000001,4650.300000000001,0.0,56.58,0.0,7835.760000000002,47.00999999999999,22567.65000000001,217.201,237.0,23.94999999999999,0.0,0.0,477.9400000000001,2893.51,38474.81,1167.6,149.9999999999418,16.25000000000023,45.10000000000002,10.42999999999995,82.0,0.0,197.53,2485.55,3014.05,0.0,0.0,0.0,0.0,331.45,8.68,0.0,0.0,0.0,0.0,19695.37000000002,0.0,0.0,0.0,2903.002999999999,0.0,69.3,14.47,0.33,0.02,95.99,71.14,17.01,23.94,11.88,17.47,2.92,12.06,0,0,0.5595648607216541
Ica,2022,Julio,0.0,11040.89999999999,7.5,0.0,0.0,2.95,0.0,92.5,73.07999999999993,0.0,0.0,4431.529999999999,5050.57,55.91999999999999,0.0,0.0,4346.730000000003,269.2,10585.8,208.9200000000001,0.0,21.28,0.0,0.0,0.0,17050.3,41152.70999999999,13813.45,0.0,1.589999999999918,0.0,0.0,0.0,0.0,20199.13,1708.1,5676.199999999999,0.0,0.0,0.0,0.0,859.2700000000002,78.35,53.39999999999998,0.0,0.0,0.0,12747.99,0.0,0.0,0.0,150.7000000000007,0.0,500.0,12.96,0.33,0.01,95.95,70.56,16.93,22.69,12.86,17.6,3.53,9.830000000000002,0,0,0.56792321910042
Ica,2022,Agosto,0.0,10179.14999999999,58.6,0.0,0.0,0.0,33714.4,3406.0,0.0,0.0,0.0,163.0,5124.829999999998,51.1,0.0,0.0,4799.199999999997,246.94,3800.0,207.5,0.0,62.1,0.0,0.0,388.8299999999999,8734.259999999998,21088.79999999999,6088.299999999997,150.0,119.26,0.0,0.0,0.0,0.0,67178.38999999998,525.5,4665.23,0.0,0.0,0.0,0.0,91.0,35.59999999999999,683.265,0.0,0.0,0.0,10962.51,0.0,0.0,0.0,11.03000000000066,0.0,2400.0,13.73,0.32,0.01,95.94,67.46,16.95,23.06,12.39,17.95,3.33,10.67,0,0,0.6285214007716495
Ica,2022,Septiembre,0.0,9143.819999999978,0.0,0.0,0.0,0.0,0.0,0.0,354.3000000000002,0.0,270.0,6758.0,9534.4,48.89000000000001,0.0,0.0,15550.0,3100.2,5135.800000000003,206.9000000000001,0.0,73.57,0.0,0.0,0.0,3213.000000000004,8098.0,369.1800000000003,150.0,0.0,0.0,0.0,0.0,0.0,25987.72,1277.12,2418.09,0.0,0.0,0.0,0.0,361.8600000000001,22.94999999999999,345.5999999999999,0.0,0.0,0.0,14174.48000000001,0.0,0.0,0.0,40.85000000000037,0.0,6337.999999999999,18.67,0.32,0.0,95.95,63.21,17.32,24.98,12.58,18.6,3.62,12.4,0,0,0.7274525831600829
Ica,2022,Octubre,0.0,3764.679999999993,0.0,0.0,0.0,0.0,0.0,10685.8,700.0,0.0,0.0,20205.8,3549.8,29.85000000000002,0.0,0.0,10699.91,11210.0,0.0,220.3999999999998,0.0,76.90000000000003,0.0,0.0,0.0,167.0,1525.0,0.0,3500.0,0.0,34.46000000000004,0.0,7.899999999999636,0.0,4975.399999999994,1531.6,751.2999999999993,0.0,0.0,0.0,0.0,421.79,290.2,752.6300000000001,0.0,0.0,0.0,12627.28999999999,0.0,0.0,0.0,8.159999999999854,0.0,7800.0,22.61,0.32,0.01,95.95,63.94,17.39,23.55,11.74,19.07,3.4,11.81,0,0,0.7161793667764957
Ica,2022,Noviembre,0.0,2874.130000000005,0.0,0.0,0.0,0.0,71861.58000000002,8303.5,306.0,0.0,0.0,21920.98,743.2999999999993,0.0,0.0,0.0,12344.49,0.0,0.0,226.9699999999998,0.0,42.07999999999998,0.0,0.0,151.0500000000001,0.0,0.0,0.0,8575.400000000023,0.0,11.29999999999996,0.0,0.0,0.0,1535.0,786.4200000000001,284.0,0.0,0.0,0.0,0.0,91.5,71.89999999999998,0.0,0.0,0.0,0.0,12407.05,0.0,0.0,0.0,136.8700000000008,0.0,4800.0,23.38,0.32,0.01,95.89,69.06,18.8,25.72,13.54,20.72,3.19,12.18,0,0,0.6714146404821308
Ica,2022,Diciembre,0.0,1029.842000000033,11.81,0.0,0.0,0.0,14542.79000000001,2800.0,2003.85,0.0,8.600000000000023,13487.84299999999,935.9000000000016,17.48000000000002,0.0,0.0,13707.25,2473.004999999999,7994.139999999999,261.6300000000001,5.5,164.19,0.0,28.45,487.0,265.0000000000036,17692.00000000003,2836.0,112974.261,6.0,23.00000000000012,7.199999999999932,46.10000000000037,0.0,1941.800000000017,1187.699999999999,756.5800000000017,0.0,0.0,0.0,0.0,560.52,30.35000000000002,1099.575000000001,0.0,0.0,0.0,9753.119999999995,0.0,0.0,0.0,978.8599999999988,0.0,1730.0,23.39,0.32,0.14,95.82,77.06,20.25,25.79,15.37,22.13,3.09,10.42,0,0,0.5447414647688273
Junin,2022,Enero,0.0,3894.0,0.0,102.0,0.0,0.0,0.0,361.3999999999999,206.7,0.0,0.0,0.0,365.3,4020.600000000001,1858.3,26.0,341.0,3136.2,7169.099999999999,19616.65,571.9999999999999,1347.3,43211.0,755.55,219.75,21734.95,1014.16,3076.600000000001,0.0,0.6,2.4,11.6,0.0,0.0,23204.4,10471.6,0.0,0.0,59.6,0.0,821.072,0.0,366.5,0.0,0.0,0.0,0.0,12780.5,0.0,396.0,937.9,0.0,28.85,0.0,15.46,0.65,4.39,90.92,81.43,23.37,32.48,17.92,23.31,0.23,14.56,0,1,0.533485254435321
Junin,2022,Febrero,0.0,5268.5,0.0,121.5,0.0,0.0,0.0,443.8,303.6,0.0,0.0,24.0,436.9,5101.5,3778.400000000001,28.0,371.5,9781.2,6359.999999999999,18601.4,328.4,1238.559999999999,43017.0,816.7,516.87,23432.06,1834.65,5263.500000000002,0.0,32.2,76.5,44.2,0.0,0.0,37718.40000000001,8055.199999999999,0.0,0.0,378.8,3631.233,1072.511999999999,0.0,380.9500000000001,0.0,0.0,0.0,0.0,13625.60000000001,0.0,470.9,2775.5,0.0,28.6,0.0,14.44,0.73,14.61,90.95,87.25,22.3,29.08,18.0,22.17,0.23,11.08,0,0,0.3433034890344202
Junin,2022,Abril,0.0,9620.9,278.0,268.2,0.0,0.0,0.0,1042.5,497.9,0.0,0.0,37.3,1123.6,11526.2,9345.5,207.2,810.2,64972.40000000002,9478.150000000003,36304.65999999999,1.136868377216161e-13,2255.2,79808.20000000001,1541.4,0.0,49614.74500000001,8774.560000000001,12547.58,0.0,87.19999999999999,211.9,102.3,0.0,0.0,110460.2,16416.7,0.0,72.3,5017.4,19849.999,6534.988,0.0,729.52,0.0,5.7,0.0,0.0,27835.7,0.0,3786.0,47142.88,0.0,14.74,0.0,15.01,0.69,1.11,91.03,80.18,23.25,30.32,16.99,23.01,0.25,13.33,0,0,0.5652876635335198
Junin,2022,Mayo,54.8,2393.200000000001,3212.0,147.3,367.0,589.9,0.0,511.8,83.30000000000007,0.0,0.0,0.0,403.3,2651.399999999998,3454.700000000001,701.8,287.6000000000001,23385.8,3954.399999999998,17820.64999999999,0.0,1107.200000000001,37589.79999999999,813.5999999999999,0.0,27378.60500000001,9485.6,5602.799999999999,0.0,11.69999999999999,29.0,0.0,0.0,0.0,108645.85,8516.25,0.0,1041.1,5594.0,15405.075,4362.245000000001,0.0,0.0,0.0,0.0,510.3000000000001,0.0,13315.60000000001,0.0,4298.6,32936.90000000001,0.0,6.840000000000003,0.0,13.89,0.61,0.35,91.2,69.76,23.63,31.56,16.23,23.42,0.23,15.33,0,0,0.8824615820572141
Junin,2022,Junio,3751.669999999999,700.5999999999985,7198.799999999999,194.6,11084.44,3151.400000000001,0.0,192.2000000000003,38.0,0.0,0.0,0.0,126.6999999999998,0.0,1840.299999999999,2107.300000000001,223.2,743.5999999999913,3169.670000000005,18630.28000000003,0.0,853.0499999999993,35414.29999999999,843.5999999999999,1738.1,32574.20499999999,11987.2,5004.100000000002,0.0,0.0,10.0,8.799999999999983,0.0,0.0,88291.60000000003,8373.800000000003,0.0,2477.899999999999,6417.5,14397.024,5044.358999999999,0.0,714.2,0.0,0.0,792.9299999999995,0.0,12519.0,0.0,5577.1,17973.7,0.0,0.0,0.0,15.41,0.58,0.14,91.19,63.55,23.59,32.44,13.96,23.37,0.26,18.48,0,1,1.061123036460726
Junin,2022,Julio,3199.360000000001,229.9000000000014,2169.35,100.8000000000001,8491.999999999998,2253.7,0.0,226.0,24.20000000000005,0.0,0.0,0.0,47.40000000000009,2107.599999999999,852.0,1413.0,260.4999999999998,0.0,2094.82,17010.70999999999,0.0,855.1000000000004,33347.90000000002,763.2600000000002,0.0,33668.35999999999,11059.6,3218.0,0.0,0.0,0.0,0.0,0.0,0.0,30184.70000000001,7581.5,0.0,560.3199999999997,1585.099999999998,8838.637999999999,4772.919999999998,0.0,770.52,0.0,3297.66,88.40000000000009,0.0,11541.2,0.0,1811.4,4281.899999999994,0.0,4.920000000000002,0.0,16.07,0.57,0.36,91.12,57.66,25.61,33.96,19.82,25.37,0.29,14.14,0,1,1.390704126484172
Junin,2022,Agosto,128.6000000000004,709.2999999999993,265.8600000000006,44.39999999999998,699.0999999999985,100.3999999999996,0.0,150.5999999999999,72.20000000000005,0.0,0.0,12.2,0.0,1605.5,718.9000000000015,161.3999999999996,323.4000000000001,55.39999999999418,1791.029999999999,15839.86000000002,0.0,817.2999999999993,25050.09999999998,749.5999999999995,505.8000000000002,25907.06,7915.599999999999,1997.0,0.0,0.0,0.0,0.0,0.0,0.0,5203.099999999977,8663.699999999997,0.0,30.0,125.0,4092.388999999996,2997.979,0.0,160.96,0.0,6.599999999999909,0.0,0.0,10087.60000000001,0.0,466.5999999999985,902.6999999999972,0.0,3.86,0.0,15.76,0.57,0.09,91.17,50.63,25.04,34.55,14.73,24.81,0.32,19.82,0,1,1.567610645013439
Junin,2022,Septiembre,105.4000000000006,1253.900000000002,3.499999999998181,17.5,46.40000000000146,100.7999999999993,0.0,0.0,35.09999999999991,0.0,0.0,0.0,14.59999999999991,1827.100000000002,0.0,70.59999999999854,312.0,447.2999999999884,3110.999999999993,17787.74999999997,0.0,1037.350000000002,36944.04999999999,767.800000000002,0.0,23560.25,5064.239999999998,1810.470000000001,0.0,0.0,0.0,0.0,0.0,0.0,3717.099999999919,12481.89999999999,0.0,0.0,225.2000000000008,0.0,2428.532999999999,0.0,228.4499999999998,0.0,57.20000000000027,13.80000000000064,0.0,10566.90000000001,0.0,485.5999999999985,952.2000000000116,0.0,4.740000000000002,0.0,15.99,0.56,0.31,91.01,52.52,26.46,35.09,17.86,26.39,0.29,17.23,0,1,1.639874859328567
Junin,2022,Octubre,0.0,676.3499999999985,0.0,8.399999999999977,0.0,0.0,0.0,464.4000000000001,0.0,0.0,0.0,12.3,29.59999999999991,879.5999999999985,0.0,56.19999999999982,220.0,128.8000000000029,5456.0,19309.15,0.0,1178.799999999999,31376.5,735.3999999999996,0.0,22625.35999999998,1751.230000000003,1206.400000000002,0.0,0.0,0.0,0.0,0.0,0.0,3917.700000000012,16539.0,0.0,0.0,0.0,0.0,1766.080000000002,0.0,246.0999999999999,0.0,0.0,0.0,0.0,10953.7,0.0,965.5,1238.199999999997,0.0,5.579999999999998,0.0,17.69,0.56,0.2,90.93,61.16,26.05,35.01,20.1,26.06,0.26,14.91,0,1,1.309404221281397
Junin,2022,Noviembre,0.0,397.4000000000015,0.0,16.0,0.0,0.0,0.0,287.3000000000002,4.0,0.0,0.0,12.2,73.80000000000018,922.7999999999992,1944.299999999999,55.0,159.5,48.0,8783.099999999999,19346.25,438.0,1339.6,35839.25,703.4000000000005,528.4389999999999,21961.59000000003,708.6189999999988,1178.57,0.0,0.0,0.0,0.0,0.0,0.0,5130.0,17113.8,0.0,0.0,0.0,0.0,1129.330000000002,0.0,167.5999999999999,0.0,0.0,0.0,0.0,11725.79999999999,0.0,825.0,1010.0,0.0,4.859999999999999,0.0,18.21,0.56,0.49,90.95,56.8,25.98,35.44,16.11,26.0,0.26,19.33,0,1,1.450378566921966
Junin,2022,Diciembre,0.0,829.5999999999985,1.818989403545856e-12,7.999999999999773,0.0,1.818989403545856e-12,0.0,313.3000000000002,48.0,0.0,0.0,0.0,184.5,2620.700000000004,1151.700000000001,14.0,199.7000000000003,228.3000000000029,10056.0,18557.00000000003,695.0999999999999,1521.149999999996,41571.79999999999,675.1999999999989,187.3600000000006,20732.59999999998,768.3399999999965,1744.740000000005,0.0,2.842170943040401e-14,0.0,0.0,0.0,0.0,15831.40000000002,16478.30000000002,0.0,0.0,0.0,0.0,930.0300000000024,0.0,155.6999999999998,0.0,0.0,0.0,0.0,11971.35000000001,0.0,1076.5,1288.5,0.0,6.759999999999991,0.0,14.88,0.59,2.58,90.83,73.28,24.33,32.84,18.83,24.29,0.25,14.01000000000001,0,1,0.8132056558949086
La Libertad,2022,Enero,0.0,3047.8,0.0,1298.0,0.0,0.0,8850.61,0.0,166.3,1700.0,200.0,290.0,551.0,212.1,290.0,12.6,2776.6,208.0,1378.558,1090.45,995.879,168.62,2737.85,268.7,31.01,1.19,0.0,0.0,9027.88,95.74,16.2,29.329,0.0,0.0,23612.1,1081.5,39.6,0.0,0.0,0.0,0.0,0.0,9.0,0.0,0.0,0.0,375847.3764956,15521.57,15611.0,0.0,424.7000000000001,0.0,0.0,8350.0,21.34,0.38,0.24,94.11,79.14,20.35,26.77,16.18,22.46,2.4,10.59,0,0,0.4984177180343177
La Libertad,2022,Febrero,0.0,3618.909000000001,0.0,2885.0,0.0,0.0,7678.099999999999,0.0,431.1000000000001,2700.0,3500.0,536.0,863.5,345.5,106.5,0.0,1579.5,276.0,1556.77,1207.72,1123.8,195.73,2962.1,256.85,64.97999999999999,0.9300000000000002,8.3,0.0,7315.449999999999,109.89,23.28,34.53999999999999,0.0,0.0,39043.15,1393.0,235.6,0.0,0.0,0.0,1.07,20.0,11.6,0.0,0.0,0.0,377888.5070448999,17334.59,14145.0,0.0,425.3,0.0,0.0,4607.0,19.17,0.38,0.52,94.08,78.94,20.51,26.16,16.44,22.65,2.35,9.719999999999999,0,0,0.5081882783971163
La Libertad,2022,Abril,0.0,5439.5,75.0,97171.6,0.0,0.0,28152.7,0.0,628.45,1600.0,4700.0,719.7,2461.3,258.5500000000001,2685.0,340.0,1062.9,2083.0,42859.05,2600.607,1601.02,395.6299999999998,4826.800000000002,454.8800000000001,0.0,205.809,424.9,0.0,2581.370000000003,163.25,26.43000000000001,253.819,0.0,0.0,196739.8,2899.0,596.4000000000001,541.5,1244.0,49.64999999999999,14.579,0.0,31.1,25.0,0.0,0.0,596985.690071,34646.46000000002,32330.5,24.0,960.3,0.0,0.0,2762.200000000001,18.78,0.39,0.44,94.04,78.99,19.39,25.98,15.4,20.74,2.49,10.58,0,0,0.4730100152475296
La Libertad,2022,Mayo,0.0,4778.6,866.5,154702.0,0.0,0.0,0.0,0.0,252.0,0.0,3300.0,470.5,1316.0,615.9000000000001,1099.45,352.0,1328.9,2975.0,74826.11,1191.46,186.799,268.1000000000001,1666.0,276.1400000000001,0.0,183.917,554.2,0.0,2423.200000000001,55.20999999999998,11.47799999999999,168.96,71.1,0.0,103918.0,1138.3,355.4999999999999,760.0,1566.0,44.61900000000001,9.219,0.0,0.0,0.0,0.0,0.0,346403.0999999999,15157.629,16089.5,50.0,603.3999999999999,0.0,0.0,480.0,18.41,0.38,0.25,94.14,71.23,19.24,26.52,13.81,20.31,2.3,12.71,0,0,0.6416969559214114
La Libertad,2022,Junio,2169.5,6827.5,4876.7,49816.30000000002,3654.8,395.3,16613.55000000001,0.0,475.75,500.0,380.0,980.4,2032.0,0.0,723.75,276.5,4845.699999999999,3349.8,75494.936,1087.7,78.14699999999948,91.51,369.7999999999993,163.7879999999998,140.389,260.2380000000001,545.95,0.0,2575.300000000003,47.45000000000005,4.909999999999997,93.24,99.5,0.0,86711.20000000001,1079.7,913.7000000000004,2193.0,2445.0,35.68000000000001,8.378999999999998,110.0,1296.6,0.0,0.0,995.9,393345.4677705001,16680.08999999998,16245.0,350.0,6427.000000000001,0.0,0.0,1450.0,17.67,0.38,0.08,94.19,72.95,17.82,25.32,12.6,18.52,2.38,12.72,0,0,0.5520034038266302
La Libertad,2022,Julio,23905.35,15279.4,12203.4,2798.5,23067.9,587.0999999999999,0.0,0.0,504.3999999999999,147.0,564.0,1416.5,1134.1,3141.3,1233.0,265.9999999999999,3680.5,2437.0,24261.0,473.1099999999997,108.1999999999998,91.83999999999992,1591.299999999999,111.3599999999999,0.0,217.11,3019.8,0.0,2688.569,18.709,0.0,125.75,222.8,0.0,22027.0,1540.1,870.9000000000001,2882.0,3109.0,50.78999999999999,0.0,120.0,1277.4,0.0,3194.75,4401.7,474107.6073058001,17636.5,12528.0,578.0,4565.6,0.0,0.0,5388.700000000001,18.46,0.38,0.04,94.13,71.02,18.17,25.98,12.95,19.18,2.53,13.03,0,0,0.6045478335258747
La Libertad,2022,Agosto,29309.5,22773.47,4651.349999999999,677.5,26405.7,422.7000000000001,16603.8,1695.67,406.6500000000001,0.0,260.0,836.8999999999996,734.7999999999993,243.5,195.0,58.0,1522.0,227.5,12000.0,1095.348999999999,71.92999999999984,174.6199999999999,1575.0,340.3,31.95000000000002,131.1799999999999,1873.8,0.0,2303.3,13.52999999999997,0.0,21.42999999999995,117.8,0.0,8956.0,1144.299999999999,809.5,1042.0,1787.0,18.94999999999999,0.0,80.0,367.0500000000002,0.0,2320.84,3722.499999999999,405646.7713262001,15940.94899999999,14735.2,130.0,719.3999999999996,0.0,0.0,20700.0,19.7,0.38,0.05,94.14,69.29,18.3,26.33,13.26,19.72,2.66,13.07,0,0,0.6458854160284346
La Libertad,2022,Septiembre,16145.7,29181.9,4151.900000000001,0.0,11115.1,88.20000000000027,0.0,0.0,581.5999999999999,0.0,260.0,973.0,788.0,239.5,0.0,130.5,2985.05,313.0,17941.20000000004,1075.348000000002,88.85000000000127,191.79,479.5,273.1000000000001,0.0,130.357,2926.5,0.0,2187.699999999997,15.05799999999999,0.2000000000000028,0.0,0.0,0.0,10743.19999999995,2173.5,715.0000000000005,326.0,1326.0,0.2199999999999704,0.0,100.0,278.5,14.5,920.9499999999998,1718.600000000002,370845.2143930001,18984.95000000001,14428.7,0.0,415.5,0.0,0.0,37689.65,19.43,0.38,0.18,94.16,68.14,18.28,27.61,13.44,20.06,2.77,14.17,0,0,0.6692317450485705
La Libertad,2022,Octubre,971.5,8900.600000000006,24.0,0.0,10.5,0.0,0.0,10847.6,273.9499999999998,0.0,150.0,1020.3,528.0,32.0,0.0,7.0,2143.0,48.0,5167.690000000002,1062.35,0.568000000000211,170.2,1309.499999999998,333.2599999999998,0.0,118.5899999999999,179.0,0.0,3509.300000000003,8.049999999999955,0.0,0.0,139.5000000000001,0.0,17480.5,1434.4,378.4499999999998,0.0,33.0,0.0,0.0,205.0,136.9200000000001,41.5,0.0,0.6499999999996362,500871.6099999999,21261.17000000001,13375.60000000001,0.0,417.7999999999993,0.0,0.0,42046.59999999999,22.32,0.38,0.07,94.17,68.87,17.81,26.07,11.68,19.89,2.67,14.39,0,0,0.6348631820885873
La Libertad,2022,Noviembre,0.0,6282.899999999994,0.0,0.0,0.0,0.0,33261.25,6118.100000000002,132.5,0.0,5790.0,971.9999999999992,1210.5,22.5,794.5,7.0,3558.05,57.0,4586.399999999994,1083.26,15.10000000000036,55.72000000000003,1571.200000000001,321.0100000000002,26.35000000000002,109.9200000000001,0.0,0.0,8900.0,11.08000000000004,0.0,0.0,0.0,0.0,23791.49999999994,1309.200000000001,209.0,0.0,0.0,0.0,0.0,74.0,86.40000000000009,0.0,33.90000000000055,0.0,470576.8599999999,21822.0,14056.5,0.0,414.2000000000007,0.0,0.0,23200.0,23.68,0.38,0.05,94.12,73.19,18.73,25.44,13.79,21.09,2.38,11.65,0,0,0.5792515854389444
La Libertad,2022,Diciembre,0.0,6413.600000000006,0.0,0.0,0.0,0.0,31797.70999999999,202.6999999999971,134.9500000000003,3.0,3466.0,946.0,937.5,21.0,150.0,19.0,5112.0,164.0,0.0,1757.42,12.19999999999982,45.54999999999996,1534.5,224.8000000000002,0.0,147.6400000000001,1.399999999999636,0.0,7461.109999999986,10.70999999999992,0.0,2.700000000000045,0.0,0.0,46976.75,2270.3,74.79999999999927,0.0,0.0,2.842170943040401e-14,7.105427357601002e-15,12.5,98.95000000000071,0.0,0.0,0.0,468275.1362354001,21196.13999999998,14946.0,0.0,417.5,0.0,0.0,11580.20000000001,20.74,0.38,0.15,94.08,79.87,19.66,26.51,15.09,21.77,2.34,11.42,0,0,0.4608648980855099
Piura,2022,Enero,0.0,11700.0,0.0,41435.0,0.0,0.0,0.0,0.0,0.0,180.0,450.0,12.0,0.0,0.0,0.0,68.0,320.0,300.0,6.0,36492.0,147772.0,447.0,0.0,0.0,21677.0,60.0,0.0,0.0,21600.0,0.0,0.0,0.0,0.0,0.0,700.0,16.0,1600.0,0.0,0.0,0.0,0.0,0.0,0.0,0.0,0.0,0.0,20063.514,175.0,0.0,0.0,0.0,108.0,0.0,738.0,15.4,0.53,0.97,91.5,62.34,23.58,35.26,16.43,25.87,2.08,18.83,0,1,1.095688297746682
Piura,2022,Febrero,0.0,1206.0,0.0,11060.0,0.0,0.0,0.0,0.0,0.0,300.0,700.0,0.0,0.0,56.0,0.0,0.0,400.0,180.0,882.0,37637.0,30072.0,164.0,0.0,56.0,42695.0,200.0,0.0,0.0,2200.0,0.0,0.0,0.0,0.0,0.0,1986.0,12.0,10.0,0.0,0.0,0.0,0.0,110.0,0.0,0.0,0.0,0.0,26042.568,506.0,0.0,0.0,0.0,0.0,0.0,150.0,14.14,0.54,1.42,91.48,65.32,22.96,34.22,16.95,24.8,1.94,17.27,0,1,0.9719264089605169
Piura,2022,Abril,0.0,0.0,216.0,0.0,0.0,0.0,0.0,0.0,0.0,690.0,1350.0,268.0,0.0,61.0,28.0,0.0,80.0,110.0,1967.0,61195.0,10484.0,538.0,0.0,193.0,0.0,582.0,0.0,0.0,1600.0,0.0,0.0,0.0,0.0,0.0,999.0,1116.0,0.0,0.0,0.0,39.0,291.0,36.0,0.0,0.0,59.0,122.0,13231.26,1239.0,0.0,0.0,0.0,0.0,0.0,94.0,15.14,0.56,1.75,91.44,68.36,23.3,34.06,16.98,24.55,1.38,17.08,0,1,0.905134166801699
Piura,2022,Mayo,235.0,810.0,399.0,3487.0,0.0,0.0,0.0,0.0,0.0,380.0,650.0,126.0,0.0,4.0,91.0,0.0,160.0,60.0,268.0,39494.0,12606.0,475.0,0.0,29.0,0.0,203.0,0.0,0.0,500.0,0.0,0.0,0.0,0.0,0.0,776.0,1033.0,22.0,183.0,217.0,218.0,233.0,0.0,0.0,0.0,0.0,55.0,31146.112,418.0,0.0,0.0,0.0,558.0,0.0,20.0,15.27,0.53,0.47,91.52,57.88,24.13,35.58,16.52,25.63,1.39,19.06,0,1,1.266624867045478
Piura,2022,Junio,884.0,25534.0,1484.0,175608.0,36.0,0.0,0.0,0.0,0.0,950.0,640.0,167.0,0.0,0.0,0.0,0.0,0.0,0.0,477.0,45942.0,0.0,318.0,0.0,76.0,74717.0,260.0,0.0,0.0,1200.0,0.0,0.0,0.0,0.0,0.0,1166.0,0.0,33.0,355.0,403.0,948.0,249.0,0.0,518.0,0.0,0.0,152.0,27376.205,249.0,0.0,0.0,0.0,0.0,0.0,0.0,15.75,0.53,1.08,91.55,58.98,22.82,34.11,15.29,24.18,1.37,18.82,0,1,1.139906756341784
Piura,2022,Julio,860.0,5004.0,3420.0,138599.0,99.0,0.0,0.0,0.0,0.0,1882.0,990.0,0.0,0.0,50.0,0.0,22.0,0.0,240.0,753.0,35575.0,308.0,209.0,0.0,49.0,0.0,233.0,0.0,0.0,1800.0,0.0,0.0,0.0,0.0,0.0,1620.0,712.0,935.5,470.0,275.0,1127.0,307.0,0.0,790.0,0.0,121.0,970.5,47891.84999999999,422.0,0.0,0.0,0.0,10.0,0.0,160.0,14.78,0.53,0.81,91.52,57.49,23.35,35.11,15.47,24.94,1.35,19.64,0,1,1.219769339332635
Piura,2022,Agosto,2352.0,1340.0,1519.0,7600.0,114.0,0.0,0.0,0.0,0.0,2000.0,1300.0,50.0,0.0,22.0,0.0,0.0,745.0,60.0,321.0,29000.0,700.0,163.0,0.0,52.0,24849.79999999999,218.0,0.0,0.0,2150.0,0.0,0.0,0.0,0.0,0.0,2737.0,78.0,1026.0,60.0,48.0,670.0,155.0,2200.0,815.0,0.0,65.0,902.0,37115.77799999999,441.0,0.0,0.0,0.0,46.0,0.0,1480.0,15.99,0.52,0.53,91.5,52.76,23.95,36.14,15.77,25.93,1.43,20.37,0,1,1.405331766788865
Piura,2022,Septiembre,6789.0,14338.0,6427.0,625.0,56.0,0.0,0.0,0.0,0.0,3300.0,1300.0,695.0,0.0,72.0,0.0,1.0,1223.0,120.0,191.0,29618.0,1851.0,668.0,0.0,94.0,0.0,156.0,0.0,0.0,3000.0,0.0,0.0,0.0,0.0,0.0,2969.0,2934.0,3116.0,301.0,87.0,1410.0,667.0,123.0,1598.0,0.0,52.0,4101.5,12062.899,651.0,0.0,0.0,0.0,2230.0,0.0,2000.0,18.35,0.52,0.26,91.53,51.63,24.13,36.48,16.81,26.44,1.75,19.67,0,1,1.454573713651229
Piura,2022,Octubre,0.0,9287.0,314.0,0.0,0.0,0.0,0.0,0.0,0.0,4602.0,2000.0,19.0,0.0,153.0,0.0,48.0,900.0,750.0,102.0,26315.0,11976.0,257.0,0.0,24.0,0.0,117.0,0.0,0.0,46079.0,0.0,0.0,0.0,0.0,0.0,1599.0,1218.0,4500.0,0.0,0.0,180.0,75.0,149.0,180.0,0.0,0.0,234.0,20432.48800000001,486.0,0.0,0.0,0.0,3377.0,0.0,1707.0,19.12,0.51,0.48,91.53,50.41,23.91,37.24,15.14,26.43,1.97,22.1,0,1,1.471701840463138
Piura,2022,Noviembre,0.0,393.0,210.0,1760.0,0.0,0.0,0.0,0.0,0.0,1900.0,2300.0,285.0,0.0,226.0,1302.0,192.0,474.0,385.0,166.0,31521.0,23700.0,266.0,0.0,51.0,41027.70000000001,152.0,0.0,0.0,87782.0,0.0,0.0,0.0,0.0,0.0,850.0,924.0,1045.0,0.0,0.0,317.0,78.0,24.0,75.0,0.0,10.0,4.0,27119.34600000002,543.0,0.0,0.0,0.0,8738.0,0.0,1100.0,19.49,0.51,0.36,91.51,51.98,23.97,35.14,15.69,26.57,2.02,19.45,0,1,1.430252235430354
Piura,2022,Diciembre,5.0,40122.0,280.0,102307.0,0.0,0.0,0.0,0.0,0.0,940.0,0.0,1044.0,0.0,215.0,0.0,12.0,726.0,159.0,159.0,42396.0,127500.0,169.0,0.0,22.0,20850.0,0.0,0.0,0.0,98491.27853333329,0.0,0.0,0.0,0.0,0.0,1199.0,756.0,856.0,0.0,0.0,307.0,111.0,267.0,108.0,0.0,5.0,51.0,38944.337,455.0,0.0,0.0,0.0,0.0,0.0,695.0,16.4,0.52,0.72,91.47,61.28,23.37,34.19,15.75,25.78,2.18,18.44,0,1,1.112361284423028
Puno,2022,Enero,0.0,0.0,0.0,0.0,0.0,0.0,0.0,0.0,0.0,0.0,0.0,0.0,0.0,0.0,0.0,0.0,0.0,0.0,618.5,967.1,0.0,384.2000000000001,108.8,66.7,0.0,0.0,0.0,0.0,0.0,0.0,0.0,0.0,0.0,0.0,0.0,0.0,0.0,0.0,0.0,0.0,0.0,0.0,0.0,0.0,0.0,0.0,0.0,38386.0,0.0,0.0,0.0,0.0,0.0,0.0,22.17,0.51,3.21,63.72,73.62,9.71,18.42,3.31,14.47,3.89,15.11,0,0,0.3176846010727474
Puno,2022,Febrero,0.0,0.0,0.0,0.0,0.0,0.0,0.0,0.0,0.0,0.0,0.0,0.0,0.0,0.0,0.0,0.0,0.0,0.0,605.3,847.3,0.0,417.7000000000001,0.0,87.3,0.0,0.0,0.0,0.0,0.0,0.0,0.0,0.0,0.0,0.0,14671.0,0.0,0.0,0.0,0.0,0.0,0.0,0.0,0.0,0.0,0.0,0.0,0.0,148693.0,0.0,0.0,0.0,0.0,0.0,0.0,22.66,0.55,4.24,63.73,76.05,9.37,16.7,3.73,13.97,3.91,12.97,0,0,0.2819000916546078
Puno,2022,Abril,971.5799999999996,2780.4,3920.3,83.1,14136.34,30955.30000000001,0.0,0.0,0.0,0.0,0.0,0.0,879.5999999999999,0.0,91.2,48.6,4730.7,0.0,841.6000000000001,2069.8,0.0,796.8,1.4210854715202e-14,195.9,0.0,105.0,105.0,0.0,0.0,0.0,81.69999999999999,0.0,0.0,0.0,564654.1,3007.3,1201.8,19144.98000000001,11940.85000000001,130.0,5.0,0.0,415.8,0.0,9999.56,778.37,0.0,1052780.2,0.0,219474.4,1426730.3,0.0,6.0,0.0,22.72,0.55,1.5,63.81,65.08,9.97,17.45,3.64,13.66,2.77,13.81,0,0,0.4279292654445719
Puno,2022,Mayo,713.8090000000003,1313.1,2296.7,0.0,13027.0,13834.9,0.0,0.0,0.0,0.0,0.0,0.0,49.0,0.0,48.3,131.5,1320.5,0.0,0.0,1092.2,0.0,420.7000000000001,0.0,94.39999999999998,0.0,6625.1,1514.0,0.0,0.0,0.0,118.5,0.0,0.0,0.0,352628.9,16202.0,1236.3,11409.4,8163.999999999998,1634.9,75.9,0.0,0.0,0.0,0.0,272.4499999999999,0.0,402447.3999999999,0.0,142599.7,997292.9999999998,0.0,8.0,0.0,21.87,0.5,0.21,63.84,56.42,8.81,16.31,1.55,11.63,2.48,14.76,1,0,0.4939227782076779
Puno,2022,Junio,3.700000000000273,20.89999999999964,42.00000000000182,5.400000000000006,1348.60000000001,11.30000000000291,0.0,0.0,0.0,0.0,0.0,0.0,0.0,0.0,0.0,0.0,15.30000000000018,0.0,123.0,977.8999999999996,0.0,416.4000000000001,0.0,90.70000000000005,38.8,8519.8,2070.0,0.0,0.0,0.0,119.0,0.0,0.0,0.0,31606.09999999998,12123.0,0.0,35.19999999998981,0.0,3723.2,218.2,0.0,232.4,0.0,0.0,0.0,0.0,133781.5,0.0,17545.0,532891.6000000001,0.0,7.100000000000001,0.0,19.92,0.46,0.09,63.8,57.54,7.17,14.78,0.48,9.23,2.71,14.3,1,0,0.4303662739911505
Puno,2022,Julio,0.0,0.0,0.0,0.0,0.0,0.0,0.0,0.0,0.0,0.0,0.0,0.0,0.0,0.0,0.0,0.0,0.0,0.0,0.0,944.5,0.0,405.1999999999998,0.0,83.60000000000002,0.0,7297.1,2475.9,0.0,0.0,0.0,67.30000000000001,0.0,0.0,0.0,0.0,6365.000000000004,0.0,0.0,0.0,1666.7,268.5,0.0,0.0,0.0,2448.600000000002,0.0,0.0,0.0,0.0,0.0,0.0,0.0,1.0,0.0,20.2,0.43,0.09,63.87,62.41,8.42,16.07,1.49,10.81,2.82,14.58,1,0,0.4149216299665139
Puno,2022,Agosto,0.0,0.0,0.0,0.0,0.0,0.0,0.0,0.0,0.0,0.0,0.0,0.0,0.0,0.0,0.0,0.0,0.0,0.0,0.0,974.1000000000004,0.0,422.0,0.0,77.0,18.2,5142.400000000001,1715.8,0.0,0.0,0.0,47.0,0.0,0.0,0.0,0.0,0.0,0.0,0.0,0.0,767.3000000000002,134.4,0.0,0.0,0.0,0.0,0.0,0.0,0.0,0.0,0.0,0.0,0.0,0.0,0.0,23.09,0.4,0.11,63.83,55.01,8.08,16.32,0.24,11.29,2.89,16.08,1,0,0.4852588254964258
Puno,2022,Septiembre,0.0,0.0,0.0,0.0,0.0,0.0,0.0,0.0,0.0,0.0,0.0,0.0,2.273736754432321e-13,0.0,0.0,0.0,0.0,0.0,0.0,970.0,0.0,417.0,1169.0,72.89999999999998,0.0,4.0,0.0,0.0,0.0,0.0,8.199999999999989,0.0,0.0,0.0,0.0,0.0,0.0,7.275957614183426e-12,3.637978807091713e-12,2.400000000000546,24.0,0.0,0.0,0.0,1.818989403545856e-12,0.0,0.0,2.328306436538696e-10,0.0,0.0,0.0,0.0,0.0,0.0,26.54,0.39,1.11,63.78,51.76,9.84,17.52,3.13,13.64,2.95,14.39,0,0,0.5860286585278408
Puno,2022,Octubre,0.0,0.0,0.0,0.0,0.0,0.0,0.0,0.0,0.0,0.0,0.0,0.0,0.0,0.0,0.0,0.0,0.0,0.0,0.0,1390.0,0.0,438.0,4110.0,71.0,0.0,0.0,0.0,0.0,0.0,0.0,0.0,0.0,0.0,0.0,0.0,0.0,0.0,0.0,0.0,0.0,0.0,0.0,0.0,0.0,0.0,0.0,0.0,0.0,0.0,0.0,0.0,0.0,0.0,0.0,29.31,0.37,0.39,63.75,51.89,10.55,19.14,2.71,15.55,2.95,16.43,0,0,0.6128821683486982
Puno,2022,Noviembre,0.0,0.0,0.0,0.0,0.0,0.0,0.0,0.0,0.0,0.0,0.0,0.0,0.0,0.0,0.0,0.0,0.0,0.0,91.0,1011.0,0.0,431.1999999999998,6348.999999999999,7.899999999999977,0.0,0.0,0.0,0.0,0.0,0.0,0.0,0.0,0.0,0.0,9485.0,0.0,0.0,0.0,0.0,0.0,0.0,0.0,0.0,0.0,0.0,0.0,0.0,0.0,0.0,0.0,0.0,0.0,0.0,0.0,28.5,0.35,0.28,63.76,54.89,10.54,19.31,3.14,16.11,3.57,16.17,0,0,0.5742813495588427
Puno,2022,Diciembre,2.273736754432321e-13,0.0,0.0,0.0,333.0,386.5000000000073,0.0,0.0,0.0,0.0,0.0,0.0,0.0,0.0,0.0,0.0,9.094947017729282e-13,0.0,191.0,745.0,0.0,426.0,11268.0,156.8,0.0,0.0,0.0,0.0,0.0,0.0,0.0,0.0,0.0,0.0,25981.75,0.0,0.0,72.60000000000218,248.9999999999964,0.0,0.0,0.0,0.0,0.0,4.599999999993088,2.273736754432321e-13,0.0,105999.8,0.0,7595.0,23068.0,0.0,0.0,0.0,24.43,0.37,2.12,63.67,64.78,10.05,20.82,3.24,15.18,3.64,17.58,0,0,0.4339254219249209
San Martin,2022,Enero,0.0,45611.0,0.0,60032.15,0.0,0.0,0.0,0.0,48.0,0.0,0.0,119.0,0.0,0.0,0.0,0.0,0.0,0.0,52.5,37332.0,99.0,2450.0,1198.5,0.0,354.0,4521.5,24.0,0.0,66.5,0.0,0.0,0.0,0.0,48260.25,0.0,9108.6,0.0,0.0,0.0,1671.5,4779.6,0.0,180.279,0.0,0.0,0.0,0.0,0.0,0.0,0.0,0.0,0.0,0.0,0.0,18.26,0.53,0.58,90.19,61.8,24.72,33.72,17.71,24.7,0.01,16.01,0,1,1.190016031346741
San Martin,2022,Febrero,0.0,19848.0,0.0,69488.5,0.0,0.0,0.0,0.0,0.0,0.0,0.0,99.5,0.0,0.0,0.0,0.0,0.0,0.0,44.0,40672.0,207.0,1786.0,1486.5,0.0,809.4,4783.5,46.0,0.0,86.5,0.0,0.0,0.0,0.0,40352.48999999999,0.0,8203.6,0.0,0.0,0.0,4469.0,5210.1,0.0,57.58999999999997,0.0,0.0,0.0,0.0,0.0,0.0,0.0,0.0,0.0,0.0,0.0,14.5,0.54,2.1,90.21,70.95,23.54,31.36,17.83,23.52,0.02,13.53,0,0,0.8431534726314229
San Martin,2022,Abril,0.0,3654.0,0.0,152743.973,0.0,0.0,0.0,0.0,56.0,0.0,0.0,450.2000000000001,0.0,0.0,0.0,0.0,0.0,0.0,76.5,76872.0,39.0,3511.0,2917.5,0.0,0.0,12534.0,155.5,0.0,162.5,0.0,0.0,0.0,0.0,71058.95999999999,0.0,18858.5,0.0,0.0,0.0,26498.1,10985.0,0.0,456.9810000000001,0.0,0.0,0.0,0.0,0.0,0.0,0.0,0.0,0.0,0.0,0.0,14.18,0.61,4.79,90.33,84.0,21.76,29.1,17.14,21.64,0.06,11.96,0,0,0.4168665032531411
San Martin,2022,Mayo,0.0,7125.699999999997,0.0,86170.96000000002,0.0,0.0,0.0,0.0,15.0,0.0,0.0,262.869,0.0,0.0,0.0,0.0,0.0,0.0,21.0,35939.0,0.0,1953.0,411.0,0.0,0.0,8764.0,120.5,0.0,143.5,0.0,0.0,0.0,0.0,35575.55000000002,0.0,8839.949999999997,0.0,0.0,0.0,15201.5,6773.899999999998,0.0,0.0,0.0,0.0,0.0,0.0,0.0,0.0,0.0,0.0,0.0,0.0,0.0,14.47,0.59,1.98,90.49,80.09,21.94,29.7,16.24,21.82,0.06,13.46,0,0,0.5244674790896013
San Martin,2022,Junio,0.0,33977.3,0.0,89085.81,0.0,0.0,0.0,0.0,40.0,0.0,0.0,205.4,0.0,0.0,0.0,0.0,0.0,0.0,6.0,43343.0,0.0,3511.0,2527.0,0.0,2380.8,8633.0,55.0,0.0,165.0,0.0,0.0,0.0,0.0,33867.54000000001,0.0,8160.949999999997,0.0,0.0,0.0,13757.6,7341.5,0.0,182.6799999999998,0.0,0.0,0.0,0.0,0.0,0.0,0.0,0.0,0.0,0.0,0.0,15.91,0.59,2.17,90.5,78.21,21.0,28.63,14.26,20.8,0.08,14.37,0,0,0.5419007315182334
San Martin,2022,Julio,0.0,27299.9,0.0,72344.5,0.0,0.0,0.0,0.0,53.0,0.0,0.0,178.5999999999999,0.0,0.0,0.0,0.0,0.0,0.0,7.0,34248.5,0.0,2708.0,1384.200000000001,0.0,0.0,15677.0,57.0,0.0,61.0,0.0,0.0,0.0,0.0,38400.68999999997,0.0,7918.699999999997,0.0,0.0,0.0,5558.5,4692.300000000003,0.0,202.5600000000001,0.0,0.0,0.0,0.0,0.0,0.0,0.0,0.0,7.0,0.0,0.0,16.81,0.56,0.53,90.48,72.55,22.67,30.08,16.33,22.53,0.06,13.75,0,0,0.7559065309077655
San Martin,2022,Agosto,0.0,7211.299999999988,0.0,69547.40000000002,0.0,0.0,0.0,0.0,69.0,0.0,0.0,174.5,0.0,0.0,0.0,0.0,0.0,0.0,25.0,36068.0,0.0,2559.0,1526.0,0.0,476.3000000000002,13810.0,18.5,0.0,60.5,0.0,0.0,0.0,0.0,47923.60999999999,0.0,6223.0,0.0,0.0,0.0,2125.5,5121.699999999997,0.0,386.9399999999998,0.0,0.0,0.0,0.0,0.0,0.0,0.0,0.0,153.0,0.0,0.0,17.9,0.54,0.83,90.48,63.89,23.15,32.35,14.23,22.94,0.08,18.12,0,1,1.023695003793009
San Martin,2022,Septiembre,0.0,4483.100000000006,0.0,60896.3899999999,0.0,0.0,0.0,0.0,100.0,0.0,0.0,255.3,7.699999999999999,0.0,0.0,0.0,0.0,0.0,31.0,39381.0,38.0,2149.0,1587.0,0.0,0.0,2300.0,8.0,0.0,80.5,0.0,0.0,0.0,0.0,47077.59999999998,0.0,9650.100000000006,0.0,0.0,0.0,254.5,4161.699999999997,0.0,1127.878,0.0,0.0,0.0,0.0,0.0,0.0,0.0,0.0,326.0,0.0,0.0,18.54,0.53,0.92,90.37,60.76,24.63,33.29,17.27,24.48,0.07,16.02,0,1,1.215862509467265
San Martin,2022,Octubre,0.0,1297.0,0.0,63510.0,0.0,0.0,0.0,0.0,0.0,0.0,0.0,291.0,0.0,0.0,0.0,0.0,0.0,0.0,97.0,35108.0,105.0,2088.0,1505.0,0.0,0.0,1946.800000000003,12.0,0.0,142.0,0.0,0.0,0.0,0.0,63540.26000000001,0.0,8639.0,0.0,0.0,0.0,315.5,4516.199999999997,0.0,305.0500000000002,0.0,0.0,0.0,0.0,0.0,0.0,0.0,0.0,93.0,0.0,0.0,18.34,0.56,2.18,90.28,71.02,23.69,32.64,16.94,23.61,0.04,15.7,0,1,0.848751424574532
San Martin,2022,Noviembre,0.0,1972.0,0.0,83025.0,0.0,0.0,0.0,0.0,0.0,0.0,0.0,275.9999999999998,0.0,0.0,0.0,0.0,0.0,0.0,148.0,37236.0,393.0,1754.0,1372.5,0.0,956.4000000000004,6094.899999999994,12.0,0.0,343.0,0.0,0.0,0.0,0.0,65713.03999999998,0.0,10913.89999999999,0.0,0.0,0.0,299.0,5477.599999999999,0.0,193.598,0.0,0.0,0.0,0.0,0.0,0.0,0.0,0.0,0.0,0.0,0.0,18.18,0.56,2.33,90.24,69.35,23.65,32.02,15.35,23.55,0.04,16.67,0,1,0.8955034934932162
San Martin,2022,Diciembre,0.0,5377.5,0.0,70743.00500000012,0.0,0.0,0.0,0.0,0.0,0.0,0.0,276.5,0.0,0.0,0.0,0.0,0.0,0.0,106.0,40878.0,614.0,1517.0,1904.0,0.0,200.0,8682.0,26.0,0.0,50.0,0.0,0.0,0.0,0.0,90514.3,0.0,10213.5,0.0,0.0,0.0,0.0,5814.299999999996,0.0,72.0,0.0,0.0,0.0,0.0,0.0,0.0,0.0,0.0,162.5,0.0,0.0,18.47,0.55,0.88,90.18,67.82,23.6,33.41,16.9,23.57,0.02,16.51,0,1,0.9373801069841554
Ica,2023,Enero,0.0,7039.38,0.0,0.0,0.0,0.0,10243.0,0.0,655.5,0.0,0.0,11794.0,783.8,17.15,0.0,0.0,1754.8,28.59,40.2,220.75,1009.17,15.2,0.0,15.98,0.0,0.0,0.0,0.0,166898.2,0.0,0.0,281.34,0.0,0.0,120.5,376.0,2112.84,0.0,0.0,0.0,0.0,463.53,10.0,71.07,0.0,0.0,0.0,10787.36,0.0,0.0,0.0,1343.09,0.0,1040.0,24.09,0.33,0.31,95.82,77.62,21.16,25.44,17.06,22.79,2.67,8.380000000000003,0,0,0.5620670867079278
Ica,2023,Febrero,0.0,9704.36,38.4,0.0,0.0,5.5,11051.7,0.0,875.8,0.0,0.0,9010.03,1898.8,12.4,0.0,0.0,365.5800000000002,18.5,2000.0,226.62,3513.5,54.89999999999999,0.0,0.0,65.7,0.0,0.0,0.0,108000.0,167.5,425.3,362.77,0.0,0.0,186.55,410.0,5095.6,0.0,0.0,0.0,0.0,87.52000000000004,1.379999999999999,30.0,0.0,0.0,0.0,10821.01,0.0,0.0,0.0,1301.59,0.0,450.0,23.42,0.33,0.41,95.7,79.95,22.44,27.3,19.28,23.9,2.54,8.02,0,0,0.5444748045442354
Ica,2023,Marzo,0.0,8390.559999999998,70.4,0.0,4.76,0.0,16856.0,0.0,688.7699999999998,0.0,0.0,2506.599999999999,1614.63,24.75,0.0,0.0,1608.4,0.0,11204.38,238.85,2438.0,44.2,0.0,0.0,224.6,0.0,13500.0,0.0,48422.37,357.2,105.1,117.8899999999999,2436.65,0.0,257.24,125.0,1561.539999999999,0.0,6.19,0.0,0.0,561.9499999999999,0.0,4.5,0.0,0.0,0.0,10028.57000000001,0.0,0.0,0.0,2965.589999999999,0.0,80.0,21.69,0.33,0.22,95.78,79.26,22.82,28.21,19.77,24.35,2.54,8.440000000000001,0,0,0.5763448592522815
Ica,2023,Abril,17.49,17960.4,43.81,0.0,44.77,7.59,9579.799999999996,0.0,516.0,0.0,0.0,2081.0,537.8000000000002,15.66,0.0,0.0,5285.0,0.0,24066.8,232.0999999999999,57.35999999999967,21.38000000000001,0.0,0.0,0.0,0.0,32600.7,0.0,8000.0,400.75,17.75,0.0,2969.1,0.0,0.0,300.0999999999999,949.16,0.0,9.36,0.0,0.0,615.3800000000001,0.0,0.0,0.0,0.0,0.0,9010.370000000004,0.0,0.0,0.0,5446.989999999999,0.0,90.0,21.03,0.33,0.06,95.73,77.3,22.69,28.74,18.48,24.21,3.46,10.26,0,0,0.6258615320895213
Ica,2023,Mayo,22.43,32786.84,25.84999999999999,0.0,62.98999999999999,2.35,8595.150000000001,0.0,360.0,0.0,156.0,2501.0,1090.27,60.55999999999999,0.0,0.0,5113.35,0.0,37559.31999999999,228.7,0.0,48.88999999999999,0.0,0.0,0.0,373.1,40696.2,0.0,0.0,299.1499999999999,0.0,0.0,0.0,0.0,36.42999999999995,1015.45,1537.630000000001,0.0,0.0,0.0,0.0,630.5,0.0,0.0,0.0,0.0,0.0,9262.940000000002,0.0,0.0,0.0,5291.32,0.0,150.0,13.64,0.33,0.05,95.82,71.65,21.03,27.01,17.01,22.07,3.46,10.0,0,0,0.7063431963223341
Ica,2023,Junio,24.47,23967.43000000001,9.430000000000009,0.0,43.28,8.840000000000002,7349.230000000003,0.0,784.3000000000002,0.0,55.0,10825.4,1875.8,46.67000000000002,0.0,0.0,10678.94,125.98,24231.67,209.6500000000001,0.0,21.40000000000001,0.0,0.0,0.0,1976.07,41975.2,1026.45,2996.380000000005,9.559999999999944,0.0,1.136868377216161e-13,0.0,0.0,298.42,1415.21,2666.83,0.0,0.0,0.0,0.0,354.2200000000003,2.65,0.0,0.0,0.0,0.0,8220.389999999992,0.0,0.0,0.0,3458.190000000002,0.0,175.8,11.79,0.33,0.0,95.86,69.87,19.97,26.56,15.55,20.72,3.26,11.01,0,0,0.7031938215191353
Ica,2023,Julio,0.0,24181.29000000001,0.0,0.0,0.0,0.0,10034.8,731.0,179.0,0.0,62.0,4448.199999999997,3026.900000000001,36.56,0.0,0.0,6186.599999999999,513.44,12705.55,216.8600000000001,0.0,29.41999999999999,0.0,0.0,0.0,15320.7,47417.56999999999,16313.55,0.0,1.710000000000036,0.0,0.0,8.100000000000364,0.0,30026.22,1327.74,4679.249999999998,0.0,0.0,0.0,0.0,328.5,8.449999999999998,0.0,0.0,0.0,0.0,7972.169999999998,0.0,0.0,0.0,843.7000000000007,0.0,569.7,11.85,0.32,0.0,95.89,71.6,19.51,25.51,15.25,20.54,3.47,10.26,0,0,0.6441730440520226
Ica,2023,Agosto,0.0,23285.57000000001,12.09999999999999,0.0,27.0,0.0,14993.60000000001,13862.0,141.0,0.0,0.0,3039.5,9736.2,26.90000000000001,0.0,0.0,4429.510000000002,817.0,7367.75,208.3,0.0,62.39999999999998,0.0,0.0,0.0,8045.23,27431.35999999998,5658.400000000001,0.0,106.75,0.0,0.0,0.0,0.0,61145.29000000001,595.3500000000004,3317.3,0.0,0.0,0.0,0.0,198.6500000000001,62.63,250.85,0.0,0.0,0.0,7565.220000000001,0.0,0.0,0.0,0.0,0.0,2500.0,14.39,0.32,0.01,95.89,70.11,19.57,25.62,14.89,20.97,3.41,10.73,0,0,0.680501284032724
Ica,2023,Septiembre,0.0,13389.10999999999,0.0,0.0,0.0,0.0,30822.98,12091.0,2454.2,0.0,0.0,3443.800000000003,5322.200000000001,31.59,0.0,8.5,14515.65,561.1600000000001,3000.5,215.8499999999999,0.0,92.96000000000004,0.0,0.0,0.0,3693.799999999999,13616.5,1505.349999999998,0.0,0.0,0.0,0.0,0.4500000000007276,0.0,29160.49000000001,865.8000000000002,4702.200000000001,0.0,0.0,0.0,0.0,482.23,85.33,997.68,0.0,0.0,0.0,7679.090000000011,0.0,0.0,0.0,0.0,0.0,6000.0,18.27,0.32,0.05,95.82,70.11,19.56,25.59,15.2,21.16,3.64,10.39,0,0,0.6800787377437194
Ica,2023,Octubre,1.879999999999996,10313.85999999999,0.0,0.0,4.840000000000003,0.0,25345.9,5056.0,161.0,0.0,0.0,9889.86,3160.57,4.899999999999977,0.0,0.0,8470.660000000003,195.0,0.0,224.0800000000001,0.0,72.66000000000003,0.0,0.0,0.0,156.2999999999993,4009.0,0.0,5400.0,0.0,4.649999999999977,0.0,0.0,0.0,10428.85000000001,1378.4,1822.200000000001,0.0,0.0,0.0,0.0,395.1199999999999,303.91,971.67,0.0,0.0,0.0,7963.259999999995,0.0,0.0,0.0,29.47000000000116,0.0,8300.0,21.24,0.32,0.05,95.86,73.91,19.85,25.55,15.54,21.66,3.53,10.01,0,0,0.6043960933654802
Ica,2023,Noviembre,0.0,9595.950000000012,0.0,0.0,0.0,0.0,15819.0,11917.0,200.0,0.0,43.0,13391.25,1957.990000000002,0.0,0.0,0.0,13469.73,0.0,0.0,230.96,0.0,0.0,0.0,0.0,0.0,0.0,0.0,0.0,47000.0,0.0,0.0,0.0,0.0,0.0,1336.109999999986,140.0,402.1500000000015,0.0,0.0,0.0,0.0,450.0,4.050000000000011,645.1299999999997,0.0,0.0,0.0,6708.919999999998,0.0,0.0,0.0,108.9900000000016,0.0,5000.0,23.18,0.32,0.09,95.78,70.76,20.21,25.98,15.34,22.05,3.49,10.64,0,0,0.6926294391721199
Junin,2023,Enero,0.0,2704.0,0.0,31.8,0.0,0.0,0.0,312.0,135.6,0.0,0.0,0.0,394.7,4226.1,2047.7,50.0,264.5,2783.5,8098.599999999999,19369.5,557.8,1315.7,42872.3,660.9000000000001,231.25,21451.5,941.24,2894.099999999999,0.0,0.7,0.0,10.9,0.0,0.0,26691.3,11431.5,0.0,0.0,15.8,0.0,535.464,0.0,292.3,0.0,0.0,0.0,0.0,12645.35,0.0,911.2,1421.1,0.0,6.18,0.0,15.17,0.61,2.3,90.94,74.73,23.77,31.94,17.03,23.71,0.25,14.91,0,0,0.7436645424844284
Junin,2023,Febrero,0.0,3815.5,10.0,45.0,0.0,0.0,0.0,402.6999999999999,182.2,0.0,0.0,23.6,402.0000000000001,4933.800000000001,3237.599999999999,58.0,357.0999999999999,9999.1,6542.999999999999,18901.6,328.6,1272.3,43912.40000000001,677.0,306.6700000000001,21737.70000000001,1597.43,5068.160000000001,0.0,34.2,80.1,42.5,0.0,0.0,32147.5,9162.5,0.0,0.0,239.9,3425.114,972.49,0.0,320.6,0.0,0.0,0.0,0.0,13264.2,0.0,822.8000000000001,3299.3,0.0,6.76,0.0,14.67,0.66,3.58,90.97,79.31,23.37,31.39,16.85,23.19,0.24,14.54,0,0,0.5943893330245982
Junin,2023,Marzo,0.0,4550.700000000001,76.0,68.50000000000001,0.0,0.0,0.0,485.9000000000002,243.2,0.0,0.0,26.0,674.5,4829.100000000002,4785.099999999999,36.0,347.5,20954.00000000001,6450.650000000001,18827.55,1.136868377216161e-13,1202.9,41369.2,710.9000000000001,950.52,26591.29999999999,2938.309999999999,6106.690000000001,0.0,44.9,121.6,65.70000000000002,0.0,0.0,40927.60000000002,7426.0,0.0,0.0,1194.3,6519.729999999999,2996.475,0.0,455.3000000000001,0.0,0.0,0.0,0.0,14133.7,0.0,1242.0,12831.8,0.0,6.819999999999999,0.0,15.43,0.64,1.4,91.0,77.08,23.79,32.98,18.58,23.68,0.23,14.4,0,1,0.675318536851
Junin,2023,Abril,0.0,2470.8,284.4,95.2,0.0,0.0,0.0,469.8,107.9,0.0,0.0,12.5,587.4999999999998,4852.600000000002,4352.299999999999,41.19999999999999,144.8,42963.0,4873.200000000001,17825.39999999999,0.0,1150.4,38987.75000000001,769.9500000000003,0.0,24559.10000000001,6116.5,6470.349999999999,0.0,33.8,102.1,38.8,0.0,0.0,54035.60000000001,8162.300000000003,0.0,14.0,3226.900000000001,12741.368,3986.869999999999,0.0,309.2,0.0,0.0,0.0,0.0,13686.9,0.0,1515.4,28622.2,0.0,6.789999999999999,0.0,15.17,0.61,0.95,90.99,70.53,24.64,33.47,18.59,24.49,0.24,14.88,0,1,0.9136818858424265
Junin,2023,Mayo,2.0,1668.5,1956.9,84.30000000000001,97.3,41.8,0.0,441.4000000000001,56.5,0.0,0.0,0.0,525.0999999999999,2825.5,4362.400000000001,589.0999999999999,99.59999999999992,21937.8,3911.149999999998,18344.2,0.0,1074.85,37507.0,722.2000000000003,0.0,26731.40000000001,9325.600000000002,5659.0,0.0,7.900000000000006,28.30000000000001,0.0,0.0,0.0,112687.5,8573.400000000001,0.0,606.4,5836.500000000001,15344.079,4519.619999999999,0.0,181.0,0.0,652.5999999999999,348.5,0.0,13278.0,0.0,3357.1,33294.8,0.0,6.839999999999996,0.0,13.89,0.58,0.6,91.16,64.94,25.02,33.4,16.59,24.94,0.23,16.81,0,1,1.111910237838766
Junin,2023,Junio,1738.0,396.6000000000004,7079.950000000002,99.0,6494.0,2055.87,0.0,239.1999999999994,34.39999999999998,0.0,0.0,0.0,176.9000000000001,1348.299999999992,2518.400000000001,1715.3,37.50000000000023,155.9999999999854,1889.650000000001,18335.41,0.0,1032.75,35861.85000000001,782.4999999999991,0.0,33365.04999999997,12288.6,5127.300000000003,0.0,3.000000000000014,0.0,0.0,0.0,0.0,80882.09999999992,7088.900000000001,0.0,2704.4,6334.299999999996,14564.938,5261.050000000003,0.0,512.6999999999998,0.0,1691.16,578.1000000000004,0.0,12335.20999999999,0.0,5068.0,21167.3,0.0,6.820000000000015,0.0,15.59,0.57,0.01,91.26,55.74,24.89,33.35,14.1,24.57,0.32,19.25,0,1,1.392852463434064
Junin,2023,Julio,3096.599999999999,216.2000000000008,1977.480000000001,27.30000000000001,9882.1,2779.099999999999,0.0,209.6999999999998,0.0,0.0,0.0,0.0,58.0,1079.900000000002,1801.0,1465.6,37.09999999999991,37.0,2325.790000000001,17737.86,0.0,949.6000000000004,33739.49999999997,478.1999999999998,0.0,34115.20000000001,11530.5,3475.100000000002,0.0,0.0,0.0,0.0,0.0,0.0,42980.59999999998,7126.800000000003,0.0,773.5,1171.099999999998,8950.71,5076.16,0.0,646.7999999999997,0.0,372.5,62.0,0.0,10811.05,0.0,1757.0,5957.699999999997,0.0,29.65000000000001,0.0,15.01,0.56,0.0,91.21,51.64,26.19,34.33,19.0,25.96,0.32,15.33,0,1,1.643886092489597
Junin,2023,Agosto,127.1999999999998,628.0000000000018,135.6000000000004,33.10000000000002,624.7999999999993,335.0,0.0,166.6999999999998,24.20000000000005,0.0,0.0,12.1,0.0,1183.299999999999,890.2000000000007,155.5999999999999,56.5,92.10000000000582,1790.330000000002,16161.70000000001,0.0,854.3500000000004,31093.29999999999,724.6999999999998,0.0,27157.41,8490.0,2066.400000000001,0.0,0.0,0.0,0.0,0.0,0.0,6019.900000000023,8268.300000000003,0.0,24.5,0.0,4138.907999999996,3243.229,0.0,145.0,0.0,23.30000000000019,0.0,0.0,9966.160000000003,0.0,895.1000000000004,1240.800000000003,0.0,5.019999999999996,0.0,16.21,0.56,0.08,91.1,47.94,27.05,35.9,18.23,26.74,0.34,17.67,0,1,1.861506762590955
Junin,2023,Septiembre,9.094947017729282e-13,935.7999999999956,30.79999999999745,16.5,62.00000000000364,1.900000000000546,0.0,238.7000000000003,72.0,0.0,0.0,0.0,15.0,1963.799999999999,1174.0,129.8999999999996,37.5,390.0,3390.980000000003,17624.25,0.0,978.1000000000004,31159.15000000002,985.3000000000002,0.0,24972.79999999999,5270.200000000004,1771.099999999998,0.0,6.40000000000002,0.0,0.0,0.0,0.0,3771.700000000012,11653.89999999999,0.0,0.0,170.2000000000044,1095.610000000001,2674.800999999999,0.0,238.5,0.0,44.39999999999964,0.0,0.0,11163.32999999999,0.0,822.9999999999982,1219.099999999991,0.0,0.0,0.0,17.26,0.56,0.56,90.98,52.43,27.56,36.56,20.85,27.4,0.28,15.71,0,1,1.752499489010113
Junin,2023,Octubre,0.0,774.2999999999993,0.0,9.0,0.0,0.0,0.0,231.5,6.100000000000023,0.0,0.0,0.0,29.0,1144.200000000001,785.2000000000007,66.39999999999964,19.20000000000005,203.6000000000058,6464.25,19269.82999999999,0.0,1051.98,31587.90000000002,704.5,0.0,23016.65,1933.230000000003,1195.0,0.0,0.0,0.0,0.0,0.0,0.0,2713.099999999977,15814.39999999999,0.0,0.0,0.0,0.0,1896.974999999998,0.0,300.3000000000002,0.0,0.0,0.0,0.0,11293.85000000001,0.0,438.5999999999985,1113.699999999997,0.0,5.549999999999997,0.0,16.69,0.57,0.73,90.86,54.19,28.25,37.07,21.05,28.2,0.28,16.02,0,1,1.756894592197659
Junin,2023,Noviembre,0.0,684.6500000000015,0.0,7.5,0.0,0.0,0.0,261.0999999999999,0.0,0.0,0.0,0.0,59.69999999999982,1496.5,1721.200000000001,54.89999999999964,0.0,13.0,9758.35,19408.95000000001,430.5999999999999,1190.549999999999,36161.09999999998,663.5500000000002,0.0,22410.5,857.7490000000034,1221.540000000001,0.0,0.0,0.0,0.0,0.0,0.0,6263.700000000012,17020.39999999999,0.0,0.0,0.0,0.0,1208.373,0.0,202.9000000000001,0.0,0.0,0.0,0.0,11836.39999999999,0.0,497.9000000000015,643.8000000000029,0.0,5.410000000000004,0.0,16.13,0.57,1.73,90.82,61.35,27.17,35.91,20.28,27.18,0.27,15.63,0,1,1.391761675201177
La Libertad,2023,Enero,0.0,3003.6,0.0,1118.0,0.0,0.0,11226.1,0.0,407.22,1200.0,15.0,568.5,902.0,173.0,214.0,18.0,5708.6,219.0,1500.0,593.479,548.17,153.75,2503.5,11.5,16.31,0.0,0.0,0.0,8253.169,78.8,12.0,21.63,0.0,0.0,27626.1,1690.8,140.0,0.0,0.0,0.0,0.0,0.0,75.6,0.0,0.0,0.0,396244.172,15877.039,13995.0,0.0,398.7,0.0,0.0,8000.0,20.22,0.39,1.16,94.12,77.38,20.47,26.02,16.15,22.21,2.02,9.870000000000001,0,0,0.5444871054040816
La Libertad,2023,Febrero,0.0,2552.4,0.0,3312.0,0.0,0.0,14423.3,0.0,353.2,2200.0,2800.0,738.0,689.0,121.5,20.0,0.0,2808.0,170.0,793.94,1072.03,1238.73,212.38,2693.5,58.11000000000001,112.73,0.0,8.7,0.0,7673.280000000001,115.859,17.3,24.56,0.0,0.0,33648.7,1221.0,160.0,0.0,12.0,9.1,1.0,100.0,8.400000000000006,0.0,0.0,0.0,409583.3156480001,17732.3,13252.0,0.0,408.2,0.0,0.0,5960.0,18.71,0.39,0.54,93.99,80.0,21.95,28.3,18.35,23.81,2.13,9.95,0,0,0.5271596017460225
La Libertad,2023,Marzo,0.0,2883.5,0.0,68318.0,0.0,0.0,13628.0,0.0,359.5000000000001,2250.0,680.0,300.0,638.0,244.0,49.89999999999998,0.0,1539.799999999999,138.0,18676.54,1138.91,1609.249,270.4299999999999,3132.099999999999,80.81899999999999,250.629,13.84,12.6,0.0,3855.099999999999,108.699,19.12,74.22900000000001,0.0,0.0,52737.49999999999,2316.0,139.0,0.0,0.0,3.01,6.159,167.0,46.19999999999999,0.0,0.0,0.0,421792.3814878999,18228.268,17626.0,0.0,406.6999999999999,0.0,0.0,2650.0,17.73,0.39,0.81,94.06,78.01,23.06,28.91,19.57,24.88,2.13,9.34,0,0,0.6200205954923614
La Libertad,2023,Abril,0.0,2997.0,0.0,165328.5,0.0,0.0,9806.9,0.0,306.5,25.0,2700.0,168.5,885.0,149.5,1241.0,150.0,2012.0,1459.0,36240.182,1028.6,621.4000000000001,217.0,2098.9,212.0,0.0,90.7,735.0,0.0,1700.599999999998,77.95999999999998,8.060000000000002,62.79999999999998,0.0,0.0,67934.0,1243.0,286.0,72.0,178.0,16.13,11.87,48.0,10.5,0.0,0.0,0.0,265236.2541108001,17087.11,19277.0,0.0,288.0,0.0,0.0,450.0,17.82,0.39,0.23,93.98,81.83,23.09,30.25,19.55,24.59,2.5,10.7,0,0,0.5132434293888504
La Libertad,2023,Mayo,0.0,3228.200000000001,934.9,66060.0,0.0,0.0,11662.0,0.0,269.25,0.0,3000.0,655.0,711.0,537.5,1350.0,234.0,2002.200000000001,856.25,84160.43000000001,1018.58,255.4800000000005,317.0899999999999,1657.700000000001,246.3000000000001,0.0,118.959,958.06,0.0,2206.5,88.49000000000001,12.25,76.86000000000001,70.6,0.0,77269.1,1372.0,428.2000000000001,450.0,965.5,28.129,8.41,30.0,209.75,0.0,5.6,0.0,373160.5080364,15385.06,26311.0,0.0,406.2000000000001,0.0,0.0,700.0,17.01,0.38,0.13,94.07,80.86,22.06,29.1,18.42,23.72,2.59,10.68,0,0,0.5078854253358394
La Libertad,2023,Junio,2917.5,7394.600000000002,3956.5,443.0,4970.0,64.5,13960.59999999999,0.0,849.5999999999999,1000.0,1000.0,1151.0,2848.0,2085.4,1487.0,308.1,2253.550000000001,4012.4,82762.16000000003,931.75,149.8689999999997,113.4190000000001,618.8000000000011,171.5,0.0,194.46,965.4999999999998,0.0,1723.099999999998,47.37700000000007,8.450000000000003,88.15999999999997,99.0,0.0,156856.0,1403.9,1210.4,2312.0,4180.0,1.658000000000008,3.829000000000001,18.0,1078.62,0.0,319.7,1055.78,380179.2304624997,16810.24900000001,21123.5,0.0,4801.9,0.0,0.0,1520.0,18.28,0.38,0.0,94.09,77.59,21.48,28.71,17.57,23.0,2.67,11.14,0,0,0.5739647701167587
La Libertad,2023,Julio,23003.05,31396.2,9779.9,686.0,22735.9,461.9000000000001,11241.7,0.0,469.9500000000003,300.0,204.0,1495.0,1787.0,753.5,526.5,344.4999999999999,813.5,3405.6,26000.0,966.58,150.6300000000001,129.6790000000001,1576.299999999999,91.59000000000005,0.0,246.84,1668.68,0.0,2350.0,29.84000000000003,0.0,76.86000000000001,223.0,0.0,59648.59999999998,1904.200000000001,1081.1,2150.5,2642.5,28.95,0.0,18.0,1175.0,0.0,1379.08,4431.5,509382.1590304999,15651.76,13514.0,192.0,6515.399999999999,0.0,0.0,3800.0,18.12,0.38,0.02,94.09,77.42,21.21,28.92,16.83,22.84,2.77,12.09,0,0,0.5688318646660107
La Libertad,2023,Agosto,32426.09999999999,11325.5,6660.550000000001,239.5999999999767,24759.4,296.05,13249.05,1380.0,343.9000000000001,0.0,265.0,1062.5,1173.6,436.0,250.1999999999998,35.0,2630.0,1535.0,8060.809999999998,862.8400000000001,90.10000000000036,192.127,1561.9,38.92999999999995,0.0,200.9780000000001,2241.099999999999,0.0,1428.169999999998,14.01999999999998,0.0,21.76999999999999,139.5,0.0,8330.0,1602.299999999999,989.0,522.1999999999998,1071.0,23.02,0.0,24.0,249.8200000000002,0.0,2390.349999999999,3965.650000000001,529610.48,17788.79000000001,13777.10000000001,120.0,808.5,0.0,0.0,10600.0,19.38,0.38,0.02,94.09,75.63,20.91,30.37,16.56,22.74,2.62,13.81,0,0,0.6027210125787992
La Libertad,2023,Septiembre,10108.5,16406.8,2736.399999999998,35.0,15185.0,285.8,12823.55,4518.5,1086.0,0.0,500.0,1168.0,2137.5,366.5,431.0,35.5,3039.0,380.0,7969.700000000012,1111.549999999999,1.319999999999709,198.8,464.8999999999997,0.0,0.0,163.3779999999999,1556.900000000002,0.0,3238.25,14.79999999999984,0.0,28.40000000000004,117.8,0.0,17594.5,2295.8,1483.250000000001,263.0,693.8999999999996,19.8,0.0,49.5,262.8199999999997,0.0,1925.700000000001,887.4799999999996,468486.6800000002,19196.84999999998,16066.0,20.0,453.5,0.0,0.0,17900.0,21.85,0.37,0.03,94.03,72.99,21.09,27.88,16.95,23.3,2.85,10.93,0,0,0.6754405374981995
La Libertad,2023,Octubre,22.60000000000582,5102.0,167.0,15.0,21.39999999999418,0.0,7972.100000000006,7367.200000000001,593.0,0.0,2500.0,533.0,888.5,46.0,320.0,0.0,1465.0,0.0,6141.929999999993,967.8790000000008,0.5500000000001819,180.52,1298.599999999998,127.4,0.0,134.3689999999999,1181.950000000001,0.0,6850.0,5.299999999999955,0.0,0.0,0.0,0.0,16151.0,1993.700000000001,881.75,0.0,36.0,27.40000000000001,0.0,0.0,167.5,78.0,143.1000000000004,59.79999999999927,529235.4229976004,20920.44999999998,11602.0,0.0,405.1000000000004,0.0,0.0,22000.0,19.81,0.38,0.25,94.08,76.66,20.31,26.8,15.98,22.59,2.78,10.82,0,0,0.5562978876997537
La Libertad,2023,Noviembre,0.0,11555.85000000001,0.0,700.0,0.0,0.0,11773.7,13203.0,524.6000000000004,0.0,5700.0,321.0,959.5,75.89999999999964,100.0,0.0,2864.0,0.0,5571.159999999974,992.2299999999996,7.460000000000036,48.25,1543.799999999999,113.25,0.0,119.21,0.0,0.0,11872.92,4.799999999999955,0.0,0.0,0.0,0.0,32121.30000000005,2136.3,269.0,0.0,190.0,0.0,0.0,152.5,94.55000000000018,30.0,25.0,0.0,443278.4017266901,20543.57999999999,15833.0,0.0,401.1000000000004,0.0,0.0,22000.0,20.75,0.38,0.19,94.03,76.34,20.17,27.1,15.82,22.43,2.62,11.28,0,0,0.5590678815532044
Piura,2023,Enero,0.0,910.0,0.0,75060.0,0.0,0.0,0.0,0.0,0.0,200.0,550.0,69.0,0.0,60.0,28.0,0.0,298.0,220.0,168.0,32600.0,166306.0,135.0,0.0,52.0,23600.0,179.0,0.0,0.0,47500.0,0.0,0.0,2704.0,0.0,0.0,388.0,230.0,1041.0,0.0,0.0,317.0,98.0,60.0,3.0,0.0,0.0,0.0,56303.286,535.0,0.0,0.0,0.0,0.0,0.0,40.0,16.19,0.53,1.35,91.53,62.94,23.31,35.17,16.86,25.26,1.87,18.31,0,1,1.060825532319249
Piura,2023,Febrero,0.0,612.0,0.0,12000.0,0.0,0.0,0.0,0.0,0.0,200.0,500.0,0.0,0.0,45.0,104.0,0.0,523.0,385.0,1050.0,37500.0,38000.0,78.0,0.0,51.0,22763.0,248.0,0.0,0.0,500.0,0.0,0.0,0.0,0.0,0.0,842.0,845.0,780.0,10.0,11.0,325.0,197.0,0.0,0.0,0.0,0.0,7.0,48498.61699999999,603.4000000000001,0.0,0.0,0.0,0.0,0.0,1.372,13.47,0.53,1.22,91.43,67.58,24.2,33.71,18.33,26.09,1.75,15.38,0,1,0.9790278919960036
Piura,2023,Marzo,0.0,510.0,0.0,0.0,0.0,0.0,0.0,0.0,0.0,200.0,650.0,150.0,0.0,46.0,75.0,0.0,150.0,83.0,500.0,22346.0,9650.0,62.0,0.0,56.0,70063.0,242.0,0.0,0.0,983.0,0.0,0.0,0.0,0.0,0.0,1246.0,410.0,676.0,0.0,11.0,329.0,183.0,0.0,0.0,0.0,61.0,41.0,3796.300000000003,518.0,0.0,0.0,0.0,0.0,0.0,270.0,15.76,0.56,3.67,91.51,74.24,23.73,35.67,17.43,25.17,1.69,18.24,0,1,0.7562632607853352
Piura,2023,Abril,0.0,28.80000000000019,0.0,0.0,0.0,0.0,0.0,0.0,0.0,110.0,0.0,0.0,0.0,77.6,42.5,0.0,0.0,0.0,382.8000000000002,28000.0,44.0,46.0,0.0,90.725,0.0,238.6,0.0,0.0,2800.0,0.0,0.0,0.0,0.0,0.0,1157.4,149.0,48.0,112.5,96.2,439.893,157.3827999999999,0.0,36.568,0.0,58.5,9.0,19137.258,432.0,0.0,0.0,0.0,0.0,0.0,0.0,14.4,0.61,4.18,91.45,80.77,23.19,33.07,18.59,23.88,1.19,14.48,0,1,0.5464767960564827
Piura,2023,Mayo,0.0,1029.0,0.0,4706.0,0.0,0.0,0.0,0.0,0.0,380.0,600.0,68.0,69.0,245.0,10.0,0.0,0.0,0.0,919.0,28000.0,8.0,138.0,0.0,82.00000000000003,0.0,277.9999999999999,0.0,0.0,900.0,0.0,0.0,0.0,0.0,0.0,1610.0,285.0,27.0,277.0,225.0,345.0,110.0,0.0,48.0,0.0,66.0,50.0,56965.00000000001,459.0,0.0,0.0,0.0,0.0,0.0,230.0000000000001,14.64,0.56,0.55,91.46,69.17,24.87,36.3,18.02,26.07,1.35,18.28,0,1,0.9690571276373277
Piura,2023,Junio,519.0,22782.2,729.0,138346.0,44.0,0.0,0.0,0.0,0.0,1580.0,1470.0,30.0,0.0,157.4,0.0,0.0,74.0,0.0,781.1999999999998,37611.0,8.0,138.0,0.0,71.27499999999998,0.0,322.4000000000001,0.0,0.0,900.0,0.0,0.0,0.0,0.0,0.0,2353.6,779.0,56.0,519.5,89.80000000000001,1374.107,120.6172,0.0,233.432,0.0,66.5,187.0,51409.31200000001,464.0,0.0,0.0,0.0,45.0,0.0,350.0,15.13,0.53,0.28,91.47,59.51,25.37,36.51,18.15,26.81,1.28,18.36,0,1,1.311131533863175
Piura,2023,Julio,2859.0,12390.0,4776.0,115000.0,220.0,0.0,0.0,0.0,0.0,2500.0,2200.0,20.0,0.0,129.0,0.0,43.0,365.0,90.0,691.0,32000.0,320.0,166.0,0.0,138.0,0.0,256.0,0.0,0.0,600.0,0.0,0.0,0.0,0.0,0.0,3339.0,603.0,624.0,255.0,190.0,1209.0,280.0,226.0,2191.0,0.0,147.0,724.0,65051.00000000003,459.0,0.0,0.0,0.0,0.0,0.0,220.0,15.24,0.52,0.08,91.48,55.51,25.86,37.09,18.13,27.64,1.52,18.96,0,1,1.483123878620847
Piura,2023,Agosto,7128.0,3770.0,7573.0,15200.0,137.0,0.0,0.0,0.0,0.0,2100.0,1400.0,123.0,0.0,207.0,0.0,0.0,363.0,107.0,348.0,23700.0,510.0,138.0,0.0,54.0,0.0,202.0,0.0,0.0,2600.0,0.0,0.0,0.0,0.0,0.0,3061.0,248.0,1257.0,180.0,376.0,854.0,161.0,61.0,1038.0,0.0,113.0,1748.0,73700.0,471.0,0.0,0.0,0.0,2320.0,0.0,300.0,16.84,0.51,0.18,91.48,54.27,25.85,38.89,17.79,27.98,1.57,21.1,0,1,1.52355877260193
Piura,2023,Septiembre,822.0,0.0,0.0,0.0,6.0,0.0,0.0,0.0,0.0,2800.0,1200.0,45.0,0.0,139.0,105.0,1.0,481.0,375.0,205.0,23789.0,337.0,212.0,0.0,110.0,0.0,175.0,0.0,0.0,12000.0,0.0,0.0,0.0,0.0,0.0,4737.0,720.0,2072.0,30.0,180.0,1369.0,192.0,4741.0,263.0,0.0,0.0,536.0,74094.54999999999,629.9999999999995,0.0,0.0,0.0,564.0,0.0,890.0000000000002,18.33,0.51,0.19,91.42,52.39,26.3,39.05,18.53,28.78,1.73,20.52,0,1,1.628929794037456
Piura,2023,Octubre,6.0,7500.0,55.0,194.0,0.0,0.0,0.0,0.0,0.0,5200.0,1800.0,85.0,0.0,146.0,30.0,10.0,574.0,650.0,162.0,33331.0,6895.0,237.0,0.0,61.0,0.0,15.0,0.0,0.0,57898.0,0.0,0.0,0.0,0.0,0.0,1890.0,269.0,1957.0,0.0,0.0,825.0,78.0,880.0,108.0,0.0,18.0,124.0,76954.67900000006,614.0,0.0,0.0,0.0,2622.0,0.0,1200.0,16.95,0.52,0.52,91.48,56.49,25.52,37.88,18.53,27.87,1.95,19.35,0,1,1.421525878594289
Piura,2023,Noviembre,0.0,6650.0,0.0,18256.0,8.0,0.0,0.0,0.0,0.0,1700.0,1800.0,516.0,0.0,239.0,42.0,144.0,707.0,0.0,169.0,32145.0,8924.0,333.0,0.0,60.0,0.0,4.0,0.0,0.0,80000.0,0.0,0.0,0.0,0.0,0.0,1936.0,530.0,83.0,0.0,0.0,0.0,224.0,1425.0,14.0,0.0,20.0,38.0,76542.60699999996,511.0,0.0,0.0,0.0,4240.0,0.0,1650.0,17.39,0.51,0.54,91.41,57.04,25.18,37.09,16.99,27.63,2.03,20.1,0,1,1.375491651111068
Puno,2023,Enero,0.0,0.0,0.0,0.0,0.0,0.0,0.0,0.0,0.0,0.0,0.0,0.0,0.0,0.0,0.0,0.0,0.0,0.0,620.5,969.3,0.0,383.5,111.0,71.0,0.0,0.0,0.0,0.0,0.0,0.0,0.0,0.0,0.0,0.0,0.0,0.0,0.0,0.0,0.0,0.0,0.0,0.0,0.0,0.0,0.0,0.0,0.0,39354.0,0.0,0.0,0.0,0.0,0.0,0.0,23.97,0.42,3.66,63.72,69.01,10.16,18.43,2.42,15.22,3.81,16.01,0,0,0.3846323842165454
Puno,2023,Febrero,0.0,0.0,0.0,0.0,0.0,0.0,0.0,0.0,0.0,0.0,0.0,0.0,0.0,0.0,0.0,0.0,0.0,0.0,686.0999999999999,842.9000000000001,0.0,417.6,0.0,71.1,0.0,0.0,0.0,0.0,0.0,0.0,0.0,0.0,0.0,0.0,3655.1,0.0,0.0,0.0,0.0,0.0,0.0,0.0,0.0,0.0,0.0,0.0,0.0,106521.0,0.0,0.0,0.0,0.0,0.0,0.0,22.48,0.47,3.18,63.76,72.87,10.11,18.06,2.62,14.89,3.78,15.44,0,0,0.3355989093322819
Puno,2023,Marzo,0.0,85.3,0.0,0.0,0.0,0.0,0.0,0.0,0.0,0.0,0.0,0.0,401.019,0.0,0.0,0.0,33.18,136.0,570.5999999999999,1062.2,0.0,407.1,0.0,98.1,0.0,0.0,0.0,0.0,0.0,0.0,78.80000000000001,0.0,0.0,0.0,53481.626,0.0,0.0,134.28,340.775,0.0,0.0,0.0,0.0,0.0,0.0,0.0,0.0,483451.0,0.0,445.0,221.0,0.0,0.0,0.0,20.59,0.47,3.31,63.81,74.95,9.69,17.26,3.86,14.06,3.88,13.4,0,0,0.3012628941080771
Puno,2023,Abril,125.91,1541.389,1583.09,27.0,1198.63,1023.445,0.0,0.0,0.0,0.0,0.0,0.0,442.639,0.0,83.1,0.0,2989.42,114.6,369.8000000000002,1335.9,0.0,392.5,0.0,97.90000000000003,0.0,121.2,93.9,0.0,0.0,0.0,33.40000000000001,0.0,0.0,0.0,166559.739,2843.0,1009.1,13115.71,4190.021,109.0,5.0,0.0,326.65,0.0,3907.41,186.88,0.0,422070.95,0.0,20275.3,186338.31,0.0,6.0,0.0,23.22,0.49,1.18,63.81,67.03,10.08,17.11,3.58,13.73,3.0,13.53,0,0,0.4070214506756596
Puno,2023,Mayo,664.52,2413.5,4133.215,11.0,13479.959,12021.63,0.0,0.0,0.0,0.0,0.0,0.0,118.1999999999999,0.0,57.70000000000002,151.0,2546.7,0.0,0.0,1093.1,0.0,421.7000000000001,0.0,94.10000000000002,0.0,6631.0,1521.0,0.0,0.0,0.0,117.8,0.0,0.0,0.0,281856.9990000001,16678.0,1330.1,7480.779,5752.872999999999,1458.0,76.8,0.0,323.4,0.0,3990.405,233.27,0.0,344278.8290000001,0.0,117344.76,910387.925,0.0,8.0,0.0,19.02,0.48,1.14,63.93,63.68,8.82,16.08,2.35,11.74,2.45,13.73,0,0,0.4119186925087043
Puno,2023,Junio,94.30000000000008,104.7799999999993,115.4799999999996,0.0,0.0,20477.225,0.0,0.0,0.0,0.0,0.0,0.0,1.136868377216161e-13,0.0,0.0,0.0,0.0,0.0,31.0,977.0,0.0,418.5500000000002,0.0,94.79999999999995,0.0,8523.7,2082.0,0.0,0.0,0.0,168.15,0.0,0.0,0.0,66334.43700000003,16065.0,0.0,549.8590000000077,218.4600000000009,3727.8,218.0,0.0,0.0,0.0,50.20000000000164,53.75000000000011,0.0,281166.0,0.0,37860.79999999999,158513.0620000002,0.0,0.0,0.0,20.88,0.45,0.14,63.92,51.25,8.17,14.89,1.37,9.86,2.25,13.52,1,0,0.5290435731789486
Puno,2023,Julio,0.0,0.0,0.0,0.0,0.0,0.0,0.0,0.0,0.0,0.0,0.0,0.0,0.0,0.0,0.0,0.0,0.0,0.0,0.0,945.0500000000002,0.0,405.7000000000003,0.0,91.0,0.0,7303.599999999999,2473.800000000001,0.0,0.0,0.0,75.89999999999998,0.0,0.0,0.0,0.0,5367.0,0.0,0.0,0.0,1670.2,288.1000000000001,0.0,0.0,0.0,0.0,0.0,0.0,0.0,0.0,0.0,0.0,0.0,1.0,0.0,20.97,0.43,5.46,63.93,55.6,8.98,17.11,2.22,11.18,2.52,14.89,0,0,0.5090338789859736
Puno,2023,Agosto,0.0,0.0,0.0,0.0,0.0,0.0,0.0,0.0,0.0,0.0,0.0,0.0,0.0,0.0,0.0,0.0,0.0,0.0,0.0,976.0999999999996,0.0,425.4000000000001,0.0,71.79999999999995,0.0,5140.0,1715.8,0.0,0.0,0.0,11.19999999999999,0.0,0.0,0.0,0.0,0.0,0.0,0.0,0.0,883.1000000000004,137.8,0.0,0.0,0.0,0.0,0.0,0.0,0.0,0.0,0.0,0.0,0.0,0.0,0.0,23.37,0.45,0.12,63.92,57.59,8.9,17.72,2.72,11.88,2.55,15.0,0,0,0.4835971412625892
Puno,2023,Septiembre,0.0,9.094947017729282e-13,0.0,0.0,0.0,0.0,0.0,0.0,0.0,0.0,0.0,0.0,0.0,0.0,0.0,0.0,0.0,0.0,2.100000000000364,967.8999999999996,0.0,421.8000000000002,1055.0,6.000000000000114,0.0,0.0,0.0,0.0,0.0,0.0,0.0,0.0,0.0,0.0,0.0,0.0,0.0,0.0,0.0,0.0,0.0,0.0,0.0,0.0,0.0,0.0,0.0,0.0,0.0,0.0,0.0,0.0,7.199999999999999,0.0,25.14,0.41,0.12,63.9,62.35,9.87,17.95,3.76,13.84,3.46,14.19,0,0,0.4583008129484049
Puno,2023,Octubre,0.0,0.0,0.0,0.0,0.0,0.0,0.0,0.0,0.0,0.0,0.0,0.0,0.0,0.0,0.0,0.0,0.0,0.0,0.0,995.2000000000008,0.0,434.7999999999997,4098.0,94.89999999999998,0.0,0.0,0.0,0.0,0.0,0.0,0.0,0.0,0.0,0.0,0.0,0.0,0.0,0.0,0.0,0.0,0.0,0.0,0.0,0.0,0.0,0.0,0.0,0.0,0.0,0.0,0.0,0.0,0.0,0.0,24.19,0.38,0.68,63.87,64.87,11.45,19.74,5.68,15.91,4.24,14.06,0,0,0.4751178187127617
Puno,2023,Noviembre,0.0,0.0,0.0,0.0,0.0,0.0,0.0,0.0,0.0,0.0,0.0,0.0,0.0,0.0,0.0,0.0,0.0,0.0,61.59999999999991,1032.9,0.0,433.1999999999998,6392.0,24.10000000000002,0.0,0.0,0.0,0.0,0.0,0.0,0.0,0.0,0.0,0.0,0.0,0.0,0.0,0.0,0.0,0.0,0.0,0.0,0.0,0.0,0.0,0.0,0.0,30242.90899999999,0.0,0.0,0.0,0.0,0.0,0.0,24.06,0.38,1.92,63.79,68.67,11.21,19.85,2.89,15.98,4.12,16.96,0,0,0.4170360069010457
San Martin,2023,Enero,0.0,50220.0,0.0,61677.0,0.0,0.0,0.0,0.0,120.0,0.0,0.0,469.0,40.0,0.0,0.0,0.0,0.0,0.0,60.0,35733.0,144.0,2036.0,1508.0,0.0,252.0,2598.0,25.0,0.0,74.0,0.0,0.0,0.0,0.0,52782.57,0.0,9873.0,0.0,0.0,0.0,1766.0,5445.0,0.0,110.0,0.0,0.0,0.0,0.0,0.0,0.0,0.0,0.0,0.0,0.0,0.0,16.55,0.55,2.03,90.29,71.61,22.82,30.98,16.84,22.8,0.01,14.14,0,0,0.7889310778289431
San Martin,2023,Febrero,0.0,46792.0,0.0,70205.29999999999,0.0,0.0,0.0,0.0,0.0,0.0,0.0,180.5,41.0,0.0,0.0,0.0,0.0,0.0,25.0,38000.0,163.0,2004.0,1292.0,0.0,404.5,3872.0,11.0,0.0,89.0,0.0,0.0,0.0,0.0,40157.35,0.0,10216.0,0.0,0.0,0.0,4428.5,4670.5,0.0,53.36000000000001,0.0,0.0,0.0,0.0,0.0,0.0,0.0,0.0,0.0,0.0,0.0,15.2,0.54,0.94,90.29,72.67,23.03,30.92,18.02,23.0,0.02,12.9,0,0,0.7691884464990557
San Martin,2023,Marzo,0.0,298.0,0.0,69065.0,0.0,0.0,0.0,0.0,0.0,0.0,0.0,146.3,0.0,0.0,0.0,0.0,0.0,0.0,101.0,36087.3,17.0,2081.0,1871.8,0.0,1445.1,5100.0,47.0,0.0,73.5,0.0,0.0,0.0,0.0,45663.37999999999,0.0,14358.0,0.0,0.0,0.0,7111.5,3992.899999999998,0.0,618.485,0.0,0.0,0.0,0.0,0.0,0.0,0.0,0.0,0.0,0.0,0.0,14.09,0.59,4.26,90.3,81.53,21.97,31.16,17.26,21.9,0.03,13.9,0,0,0.4874259010107571
San Martin,2023,Abril,0.0,4789.199999999997,0.0,55032.60000000001,0.0,0.0,0.0,0.0,0.0,0.0,0.0,344.0,0.0,0.0,0.0,0.0,0.0,0.0,36.0,38513.99999999999,10.5,1547.0,1481.0,0.0,0.0,7365.0,60.0,0.0,117.0,0.0,0.0,0.0,0.0,39016.48000000001,0.0,9810.0,0.0,0.0,0.0,19914.5,5395.399999999998,0.0,160.0799999999999,0.0,0.0,0.0,0.0,0.0,0.0,0.0,0.0,0.0,0.0,0.0,14.46,0.6,2.57,90.32,81.76,22.07,29.14,16.36,22.0,0.04,12.78,0,0,0.4842986154433571
San Martin,2023,Mayo,0.0,13030.0,0.0,85341.00000000003,0.0,0.0,0.0,0.0,0.0,0.0,0.0,299.5,0.0,0.0,0.0,0.0,0.0,0.0,7.0,42618.0,0.0,1595.5,1412.0,0.0,0.0,9710.0,129.0,0.0,135.5,0.0,0.0,0.0,0.0,38856.84,0.0,10854.0,0.0,0.0,0.0,13169.0,4562.099999999999,0.0,68.08000000000004,0.0,0.0,0.0,0.0,0.0,0.0,0.0,0.0,0.0,0.0,0.0,14.5,0.56,1.16,90.44,75.83,23.28,31.16,17.31,23.2,0.04,13.85,0,0,0.6906037690682041
San Martin,2023,Junio,0.0,47776.50000000001,0.0,102560.59,0.0,0.0,0.0,0.0,50.0,0.0,0.0,249.0,18.0,0.0,0.0,0.0,0.0,0.0,24.0,36968.0,0.0,3138.0,1009.999999999999,0.0,0.0,6624.0,69.0,0.0,169.5,0.0,0.0,0.0,0.0,40468.37,0.0,9617.0,0.0,0.0,0.0,20761.5,10490.2,0.0,68.34499999999991,0.0,0.0,0.0,0.0,0.0,0.0,0.0,0.0,0.0,0.0,0.0,15.71,0.54,0.14,90.56,70.16,23.12,30.38,16.04,23.02,0.05,14.34,0,0,0.8444125757107521
San Martin,2023,Julio,0.0,46002.4,0.0,68878.0,0.0,0.0,0.0,0.0,375.0,0.0,0.0,283.5,0.0,0.0,0.0,0.0,0.0,0.0,18.0,37504.0,0.0,2346.0,1114.5,0.0,0.0,19364.0,64.0,0.0,23.5,0.0,0.0,0.0,0.0,38811.01000000001,0.0,9645.399999999994,0.0,0.0,0.0,10926.5,7365.0,0.0,235.08,0.0,0.0,0.0,0.0,0.0,0.0,0.0,0.0,107.5,0.0,0.0,16.85,0.53,0.26,90.54,65.86,24.07,31.65,18.25,23.95,0.06,13.4,0,0,1.022963939074433
San Martin,2023,Agosto,0.0,5598.0,0.0,69302.0,0.0,0.0,0.0,0.0,250.0,0.0,0.0,180.0000000000002,0.0,0.0,0.0,0.0,0.0,0.0,24.0,40090.0,0.0,2703.0,1193.0,0.0,0.0,14453.0,21.0,0.0,68.0,0.0,0.0,0.0,0.0,56049.92999999999,0.0,11056.0,0.0,0.0,0.0,4687.0,4705.699999999997,0.0,444.32,0.0,0.0,0.0,0.0,0.0,0.0,0.0,0.0,84.4,0.0,0.0,19.39,0.52,0.3,90.44,58.73,25.3,33.88,17.08,25.23,0.04,16.8,0,1,1.330842768220637
San Martin,2023,Septiembre,0.0,14989.79999999999,0.0,68589.91000000003,0.0,0.0,0.0,0.0,0.0,0.0,0.0,50.0,0.0,0.0,0.0,0.0,0.0,0.0,117.0,36611.0,25.0,2244.0,1258.0,0.0,0.0,3455.0,43.5,0.0,136.0,0.0,0.0,0.0,0.0,74613.56999999995,0.0,17243.0,0.0,0.0,0.0,3865.0,3921.000000000007,0.0,1055.58,0.0,0.0,0.0,0.0,0.0,0.0,0.0,0.0,713.3,0.0,0.0,18.87,0.52,0.4,90.33,54.41,26.44,35.01,19.27,26.34,0.05,15.74,0,1,1.572743449397049
San Martin,2023,Octubre,0.0,4728.700000000012,0.0,85006.0,0.0,0.0,0.0,0.0,125.0,0.0,0.0,185.0,0.0,0.0,0.0,0.0,0.0,0.0,126.0,36750.5,328.0,2075.0,1057.0,0.0,0.0,2070.0,35.5,0.0,124.0,0.0,0.0,0.0,0.0,65736.56,0.0,9504.5,0.0,0.0,0.0,467.5,3830.5,0.0,547.0999999999999,0.0,0.0,0.0,0.0,0.0,0.0,0.0,0.0,0.0,0.0,0.0,18.05,0.53,1.58,90.24,56.5,26.55,34.27,18.27,26.5,0.03,16.0,0,1,1.510396483612183
San Martin,2023,Noviembre,0.0,8745.0,0.0,93219.30000000005,0.0,0.0,0.0,0.0,200.0,0.0,0.0,380.1999999999998,0.0,0.0,0.0,0.0,0.0,0.0,115.5,40495.0,336.0,2160.0,1225.0,0.0,0.0,5255.0,8.0,0.0,311.0,0.0,0.0,0.0,0.0,60170.96999999997,0.0,12101.2,0.0,0.0,0.0,123.0,3656.199999999997,0.0,283.8800000000001,0.0,0.0,0.0,0.0,0.0,0.0,0.0,0.0,0.0,0.0,0.0,17.14,0.55,1.84,90.21,71.23,24.27,33.22,18.39,24.25,0.02,14.83,0,1,0.8724556259660301
Ica,2024,Enero,0.0,3742.12,16.05,0.0,0.0,0.0,7946.9,0.0,376.5,0.0,101.0,9466.41,970.82,10.38,0.0,0.0,1133.7,0.0,22.0,229.98,730.8999999999999,16.0,0.0,18.5,20.0,0.0,112.0,0.0,197810.0,0.0,13.0,13.05,0.0,0.0,66.05,0.0,2740.65,0.0,0.0,0.0,0.0,490.66,0.0,79.3,0.0,0.0,0.0,9428.620000000004,0.0,0.0,0.0,1144.92,0.0,2400.0,24.02,0.33,0.2,95.77,78.74,22.7,28.82,18.69,24.57,3.33,10.13,0,0,0.5865147763803567
Ica,2024,Febrero,0.0,7159.149999999998,35.15,0.0,0.0,4.2,9704.1,0.0,306.9200000000001,0.0,25.3,9968.44,1374.23,29.1,0.0,36.0,3504.1,107.55,5700.0,220.47,2845.360000000001,7.0,0.0,0.0,100.2,0.0,548.0,0.0,42000.0,35.9,391.38,93.7,0.0,0.0,130.46,336.0,2613.45,0.0,0.0,0.0,0.0,541.7,5.4,43.7,0.0,0.0,0.0,9851.52,0.0,0.0,0.0,2229.889999999999,0.0,1300.0,24.57,0.33,0.47,95.78,78.91,23.67,28.76,20.24,25.57,3.23,8.520000000000003,0,0,0.6169302848905511
Ica,2024,Marzo,0.0,17972.93,60.85,0.0,0.0,2.180000000000001,10604.3,0.0,4031.799999999999,0.0,20.00000000000001,4290.66,1428.5,20.27,0.0,0.0,2385.099999999999,30.2,17000.0,224.8,3048.349999999999,55.39,0.0,0.0,50.8,0.0,10783.0,0.0,12800.0,56.50000000000001,104.1,481.4999999999999,1669.55,0.0,212.8,396.9,2146.47,0.0,8.64,0.0,0.0,129.78,0.0,19.40000000000001,0.0,0.0,0.0,8252.859999999993,0.0,0.0,0.0,1551.13,0.0,70.0,22.78,0.34,0.36,95.78,78.62,22.99,27.91,19.37,24.42,2.89,8.54,0,0,0.6002749006823973
Ica,2024,Abril,22.07,16173.07,25.60000000000001,0.0,38.0,6.4,7593.150000000001,0.0,201.6999999999998,0.0,80.0,3858.799999999999,233.5,26.45,0.0,0.0,3282.359999999999,0.0,28661.47000000001,228.76,1710.25,11.25,0.0,0.0,297.4,0.0,28429.4,0.0,6000.0,589.7,26.70000000000005,0.0,3916.75,0.0,337.2499999999999,290.6999999999999,1325.6,0.0,11.1,0.0,0.0,624.25,0.0,4.949999999999989,0.0,0.0,0.0,17940.04,0.0,0.0,0.0,5975.900000000001,0.0,260.0,20.52,0.34,0.11,95.82,77.93,21.46,26.61,16.96,22.77,3.06,9.649999999999999,0,0,0.5645652242647297
Ica,2024,Mayo,36.38,35500.05,37.19999999999999,0.0,32.56,2.120000000000001,7777.919999999998,0.0,785.0,0.0,55.0,2278.0,533.46,79.80999999999999,0.0,0.0,4601.700000000001,0.0,41999.99999999999,218.45,0.0,4.849999999999994,0.0,0.0,36.25,40.85,41329.4,0.0,0.0,303.4,0.0,0.0,255.8000000000002,0.0,101.7,1095.19,949.2000000000008,0.0,0.0,0.0,0.0,1092.64,0.0,81.1,0.0,0.0,0.0,7636.239999999998,0.0,0.0,0.0,3736.900000000001,0.0,20.0,15.52,0.33,0.07,95.81,70.38,19.73,25.47,15.26,20.36,3.02,10.21,0,0,0.6810849190905282
Ica,2024,Junio,15.8,17690.71000000001,6.370000000000033,0.0,84.77999999999997,8.309999999999999,7382.850000000006,0.0,690.0,0.0,110.0,1157.07,2963.27,23.49000000000001,0.0,0.0,12068.73,89.42000000000002,28303.85999999998,199.75,0.0,0.0,0.0,0.0,185.22,3024.1,43073.4,126.2,0.0,0.0,29.20000000000005,1.136868377216161e-13,0.0,0.0,6699.79,2187.440000000001,4912.120000000001,0.0,0.0,0.0,0.0,925.5,53.0,0.0,0.0,0.0,0.0,7674.910000000011,0.0,0.0,0.0,0.0,0.0,600.0,11.91,0.33,0.04,95.94,69.63,18.37,24.96,14.12,18.81,2.66,10.84,0,0,0.6415447153497311
Ica,2024,Julio,0.0,17419.19,9.409999999999997,0.0,0.0,0.0,8383.699999999997,1352.0,349.0,0.0,139.9999999999999,1996.279999999999,4146.699999999999,33.28999999999999,0.0,0.0,6271.429999999997,480.1,14283.22,207.1100000000001,0.0,0.75,0.0,0.0,30.54999999999995,10159.66,44558.59999999999,13009.8,0.0,0.0,0.0,0.0,9.199999999999818,0.0,30862.84,623.8599999999997,3668.240000000002,0.0,0.0,0.0,0.0,500.75,19.49,32.85000000000002,0.0,0.0,0.0,7230.149999999994,0.0,0.0,0.0,15.0,0.0,860.0,13.25,0.33,0.01,95.91,67.55,17.99,23.59,13.35,18.57,3.21,10.24,0,0,0.6693215706414801
Ica,2024,Agosto,0.0,18955.12,0.0,0.0,0.0,0.0,15038.48,14146.8,927.6499999999996,0.0,175.0,2651.629999999997,11453.5,26.25999999999999,0.0,0.0,2648.610000000001,1910.36,4100.0,204.8,0.0,56.39999999999999,0.0,0.0,2.399999999999977,8646.150000000001,35745.63,5883.359999999999,0.0,0.0,0.0,0.0,0.0,0.0,64084.08,192.1599999999998,2241.080000000002,0.0,0.0,0.0,0.0,384.0100000000002,423.46,95.8,0.0,0.0,0.0,7158.139999999999,0.0,0.0,0.0,0.0,0.0,2434.9,14.87,0.32,0.0,95.98,64.3,18.14,25.16,12.82,19.02,3.3,12.34,0,0,0.7433310773833486
Ica,2024,Septiembre,0.0,11164.59,0.0,0.0,8.400000000000006,0.0,22157.60000000001,12309.55,186.9500000000008,0.0,0.0,6381.810000000005,6952.999999999996,28.70000000000002,52.52,0.0,6190.120000000003,11266.0,29078.13,265.9099999999996,1.818989403545856e-12,47.0,0.0,0.0,41.18000000000006,5691.529999999999,20266.23000000004,1668.73,0.0,0.5500000000000114,0.0,0.0,0.5,0.0,21684.93000000001,1083.76,1151.98,0.0,0.0,0.0,0.0,742.5199999999995,1682.69,406.74,0.0,0.0,0.0,6720.410000000004,0.0,0.0,0.0,0.0,0.0,4500.0,16.29,0.32,0.07,95.81,64.27,18.81,24.54,13.54,20.12,3.37,11.0,0,0,0.775844827570614
Ica,2024,Octubre,0.0,9032.910000000003,0.0,0.0,0.0,0.0,20385.89,5122.900000000001,512.0000000000009,0.0,76.0,8963.0,556.5,0.0,0.0,0.0,14794.0,8780.759999999998,0.0,223.7199999999998,0.0,36.43000000000001,0.0,0.0,0.0,156.5600000000013,2138.0,0.0,1358.0,0.0,13.79999999999996,0.0,0.0,0.0,8029.180000000008,666.3999999999996,2445.490000000002,0.0,0.0,0.0,0.0,312.0,192.27,1714.39,0.0,0.0,0.0,7018.360000000001,0.0,0.0,0.0,0.6399999999994179,0.0,11800.0,20.8,0.32,0.08,95.88,65.85,19.36,25.44,14.67,20.95,3.02,10.77,0,0,0.767404846632985
Ica,2024,Noviembre,0.0,4287.639999999985,0.0,0.0,0.0,0.0,13437.34,12040.6,683.0,0.0,22.0,15167.25000000001,652.5900000000001,0.0,0.0,0.0,14753.8,875.0,0.0,212.52,0.0,9.419999999999987,0.0,0.0,10.22000000000003,0.0,0.0,0.0,61620.0,0.0,8.700000000000045,0.0,0.0,0.0,11900.94,1064.27,933.4000000000016,0.0,0.0,0.0,0.0,14.19999999999982,134.7199999999998,1060.09,0.0,0.0,0.0,6963.580000000002,0.0,0.0,0.0,34.79999999999927,0.0,10300.0,22.93,0.33,0.33,95.89,74.98,19.44,24.46,14.93,21.11,2.93,9.530000000000001,0,0,0.5650435547888419
Ica,2024,Diciembre,0.0,10923.38000000003,7.5,0.0,0.0,0.0,13527.51,0.0,355.0,0.0,109.0,65220.0,764.3400000000038,1.70999999999998,0.0,0.0,7278.600000000006,0.0,0.0,444.2700000000005,6.5,266.63,0.0,22.26000000000001,403.6200000000001,216.0499999999993,210.1999999999825,25.00000000000364,103380.0,1.800000000000011,0.0,1.136868377216161e-13,0.0,0.0,9439.829999999987,909.2700000000004,774.6800000000003,0.0,0.0,0.0,0.0,557.2299999999996,0.0,435.9699999999998,0.0,0.0,0.0,7034.389999999999,0.0,0.0,0.0,869.100000000004,0.0,4539.989999999998,24.29,0.33,0.22,95.83,77.21,20.29,25.67,16.77,21.98,3.02,8.900000000000002,0,0,0.5425183782579148
Junin,2024,Enero,0.0,2897.8,4.4,24.2,0.0,0.0,0.0,327.4,138.7,0.0,0.0,0.0,448.2,4345.3,2772.4,14.0,151.5,3453.3,9314.2,19461.5,564.3,1114.35,42596.2,682.9,254.05,21806.0,1128.29,2917.725,0.0,0.7,0.0,15.1,0.0,0.0,36170.2,9513.8,0.0,13.2,12.0,0.0,728.654,0.0,364.2000000000001,0.0,0.0,0.0,0.0,12319.73,0.0,869.0,2102.3,0.0,6.420000000000002,0.0,15.1,0.63,2.28,90.95,74.43,25.55,34.06,20.14,25.53,0.23,13.92,0,1,0.8368918251648236
Junin,2024,Febrero,0.0,4572.1,4.4,45.0,0.0,0.0,0.0,379.5,226.3,0.0,0.0,25.0,566.3,5599.499999999999,3639.0,14.0,321.0,10926.1,6896.699999999999,19006.1,364.5,1059.65,44338.34999999999,741.6,291.5500000000001,23332.95,2242.925,5175.5,0.0,32.7,79.69999999999999,57.9,0.0,0.0,40363.59999999999,8657.93,0.0,0.0,479.3,3509.704999999999,1048.09,0.0,426.5,0.0,0.0,0.0,0.0,13382.38,0.0,906.0,4596.6,0.0,5.85,0.0,15.24,0.63,3.96,91.03,75.77,24.97,35.41,18.36,24.92,0.22,17.05,0,1,0.7661569358461988
Junin,2024,Marzo,0.0,4735.000000000001,88.0,43.3,0.0,0.0,0.0,486.9000000000002,283.0,0.0,0.0,37.8,815.8999999999999,6332.131000000003,5836.0,51.0,82.0,23907.8,5925.1,18885.34999999999,0.0,1024.699999999999,42259.95000000003,841.0999999999999,496.3000000000001,26742.5,3306.900000000001,6251.449999999999,0.0,45.69999999999999,132.5,66.19999999999999,0.0,0.0,39763.65,6845.299999999999,0.0,0.0,1605.8,6820.286999999998,3013.001000000001,0.0,485.5,0.0,0.0,0.0,0.0,14895.1,0.0,1009.9,14883.0,0.0,9.879999999999995,0.0,15.26,0.65,3.65,91.05,78.44,24.77,32.77,19.4,24.58,0.23,13.37,0,1,0.673649774533744
Junin,2024,Abril,0.0,2829.6,289.0,59.40000000000001,0.0,38.0,0.0,447.0,132.0,0.0,0.0,26.0,726.6000000000001,6256.300000000001,6514.629999999999,114.7,186.2,49709.08899999999,5327.400000000001,18622.65,0.0,1017.65,39585.45,822.1999999999998,519.25,25316.7,5901.300000000001,6293.5,0.0,40.0,108.2,35.90000000000001,0.0,0.0,75905.6,7050.5,0.0,13.6,3885.6,13096.06,4162.115,0.0,380.0,0.0,4.0,3.6,0.0,14069.0,0.0,1705.6,32034.0,0.0,7.84,0.0,15.75,0.64,1.02,91.0,75.97,25.17,32.93,19.71,25.05,0.22,13.22,0,1,0.768934085275665
Junin,2024,Mayo,0.0,1974.500000000002,2681.6,38.5,293.5,339.2,0.0,427.8000000000002,86.79999999999995,0.0,0.0,0.0,803.0999999999999,3279.599999999999,6154.900000000001,608.8,43.60000000000002,24547.2,4302.150000000001,18389.60000000001,0.0,1066.2,38024.13,839.9000000000001,496.5500000000002,27099.15,9645.4,5696.450000000001,0.0,3.099999999999994,20.30000000000001,0.0,0.0,0.0,126438.0,6362.0,0.0,633.6999999999999,5813.299999999999,15879.33,4777.07,0.0,302.2,0.0,723.0,382.3999999999999,0.0,13720.9,0.0,3011.5,35515.3,0.0,7.449999999999999,0.0,14.65,0.59,0.59,91.1,66.12,25.8,34.98,17.92,25.65,0.24,17.06,0,1,1.125423724588156
Junin,2024,Junio,2737.7,479.1999999999971,12593.19999999999,64.70000000000002,8627.75,2963.4,0.0,276.8999999999996,60.70000000000005,0.0,0.0,60.00000000000001,485.6000000000004,1530.5,0.0,2707.5,38.0,403.4999999999855,3298.199999999997,19047.93900000003,0.0,1021.8,35906.60999999999,832.4500000000007,515.7999999999997,34621.45000000001,12822.2,5282.650000000001,0.0,10.90000000000001,2.199999999999989,0.0,0.0,0.0,103102.9,5144.5,0.0,3424.9,7851.800000000003,15065.60100000001,5488.900000000001,0.0,906.2000000000004,0.0,2289.05,1057.17,0.0,12910.04999999999,0.0,5244.5,29381.10000000002,0.0,6.910000000000004,0.0,14.16,0.57,0.77,91.13,56.2,25.91,34.81,17.81,25.61,0.3,17.0,0,1,1.464447787768276
Junin,2024,Julio,4125.61,372.9000000000015,4089.060000000001,21.0,11481.8,3314.7,0.0,240.9000000000001,0.0,0.0,0.0,24.40000000000001,116.0,1183.400000000002,7477.299999999999,1983.7,74.5,54.0,2502.400000000001,17618.935,0.0,977.4000000000004,34093.72999999998,747.6999999999998,366.3499999999999,34673.45000000001,11895.46,3352.800000000003,0.0,0.0,0.0,0.0,0.0,0.0,41377.79999999999,5600.099999999999,0.0,1075.6,1549.400000000002,9289.741999999998,5357.236000000001,0.0,950.4,0.0,779.1999999999998,182.2,0.0,11905.75,0.0,2129.3,17011.69999999998,0.0,6.5,0.0,14.59,0.57,0.01,91.3,49.64,25.25,34.51,16.2,24.65,0.35,18.31,0,1,1.619150673714448
Junin,2024,Agosto,226.1000000000004,656.5999999999985,551.4000000000015,18.0,659.5999999999985,279.8999999999996,0.0,164.9000000000001,38.60000000000002,0.0,0.0,0.0,0.0,1562.099999999998,1163.299999999999,405.5,18.5,212.0,1796.760000000002,16435.10000000001,0.0,874.0,31571.25,726.8999999999996,254.8499999999999,27538.20000000001,8612.700000000004,2111.050000000003,0.0,0.0,0.0,0.0,0.0,0.0,6474.900000000023,7356.5,0.0,0.0,7.0,4001.407999999996,3372.231,0.0,142.5999999999999,0.0,13.19999999999982,0.0,0.0,10699.05,0.0,821.5,2899.299999999988,0.0,4.795999999999999,0.0,15.86,0.56,0.03,91.19,45.48,26.36,34.86,17.71,26.0,0.32,17.15,0,1,1.871959914402936
Junin,2024,Septiembre,0.0,1238.700000000001,7.799999999999272,29.5,338.0000000000036,0.0,0.0,192.4000000000001,44.79999999999996,0.0,0.0,0.0,14.5,2201.100000000002,1139.0,208.8000000000011,19.5,320.0000000000291,3059.760000000009,17156.54999999996,1.136868377216161e-13,1015.349999999998,31560.20000000001,733.3000000000011,226.6500000000005,24440.85000000001,5576.699999999997,1897.449999999997,0.0,0.0,0.0,0.0,0.0,0.0,3237.099999999977,11564.8,0.0,33.99999999999909,242.6999999999971,0.0,2745.950999999997,0.0,127.1999999999994,0.0,9.094947017729282e-13,0.0,0.0,11121.8,0.0,935.4000000000016,1623.100000000006,0.0,5.709999999999994,0.0,15.09,0.56,0.45,91.02,48.72,27.61,36.24,20.38,27.43,0.29,15.86,0,1,1.894702758915927
Junin,2024,Octubre,0.0,893.2000000000007,0.0,15.0,0.0,0.0,0.0,221.8000000000002,24.30000000000007,0.0,0.0,0.0,0.0,1477.400000000002,795.5999999999985,70.60000000000036,0.0,167.5,5931.199999999997,19344.42000000001,0.0,1080.35,31875.25,747.3500000000004,195.3899999999999,23310.15,2017.510000000002,1153.150000000002,0.0,0.0,0.0,0.0,0.0,0.0,4123.400000000023,14714.60000000001,0.0,0.0,0.0,0.0,1947.821,0.0,311.4000000000001,0.0,0.0,0.0,0.0,11681.25,0.0,467.9000000000015,848.8999999999942,0.0,6.485799999999998,0.0,17.62,0.57,0.8,90.92,54.4,27.95,36.49,20.54,27.93,0.26,15.95,0,1,1.718580284101947
Junin,2024,Noviembre,0.0,708.7000000000007,0.0,18.0,0.0,0.0,0.0,208.4000000000001,0.0,0.0,0.0,0.0,31.0,1249.099999999998,877.9000000000015,28.0,19.0,66.5,10277.99,19432.54999999999,491.8000000000001,1186.5,36593.20000000001,741.9500000000007,178.1399999999999,22633.95000000001,861.0169999999998,1350.834999999999,0.0,0.0,0.0,0.0,0.0,0.0,6626.900000000023,15669.60000000001,0.0,0.0,0.0,0.0,1336.588,0.0,213.6000000000004,0.0,0.0,0.0,0.0,12240.84999999999,0.0,347.2999999999993,814.6000000000058,0.0,6.799999999999997,0.0,14.87,0.63,5.2,90.85,75.73,24.68,34.47,19.4,24.64,0.23,15.07,0,1,0.7542617750162117
Junin,2024,Diciembre,1.818989403545856e-12,1090.499999999996,0.0,26.60000000000002,0.0,0.0,0.0,228.5,12.79999999999996,0.0,0.0,0.0,201.4000000000001,2514.5,1596.199999999997,14.29999999999927,36.70000000000005,311.1999999999971,12367.12499999999,19430.85000000001,752.2,1110.900000000002,42099.29999999993,768.7999999999993,231.6500000000005,21823.75,943.929999999993,1906.68,0.0,0.0,0.0,0.0,0.0,0.0,19394.99999999994,13732.39999999999,0.0,9.094947017729282e-13,26.40000000000145,0.0,1319.050000000003,0.0,241.0,0.0,0.0,0.0,0.0,12716.85000000001,0.0,433.5999999999985,952.7000000000116,0.0,7.890000000000015,0.0,13.71,0.65,2.68,90.88,76.67,24.71,32.93,18.84,24.59,0.25,14.09,0,1,0.7263483192993072
La Libertad,2024,Enero,0.0,2675.7,0.0,795.0,0.0,0.0,11288.9,0.0,133.85,0.0,776.0,581.0,1075.0,26.4,180.0,0.0,2313.5,135.0,390.27,668.47,1224.84,805.86,2716.5,4.1,29.849,0.0,0.0,0.0,8500.75,68.14,12.4,19.62,0.0,0.0,18448.7,1560.7,95.2,0.0,194.5,0.0,0.0,0.0,28.3,0.0,0.0,0.0,334826.8852224,14194.84000000001,17125.5,0.0,405.7000000000001,0.0,0.0,17200.0,19.91,0.38,0.16,94.03,82.24,22.27,28.87,18.77,24.53,2.55,10.1,0,0,0.4773298659808836
La Libertad,2024,Febrero,0.0,1751.0,0.0,2331.0,0.0,0.0,14414.08,0.0,210.0,0.0,2500.0,1170.0,1047.5,195.0,57.0,0.0,2486.0,11.0,800.0,968.478,1463.04,200.699,370.4499999999998,26.47,151.7,1.55,8.5,0.0,7100.0,107.06,18.34,27.949,0.0,0.0,35701.6,1453.5,118.48,0.0,96.0,0.0,1.03,0.0,2.300000000000001,0.0,0.0,0.0,398168.5153309,18012.30900000001,20329.0,0.0,408.2000000000001,0.0,0.0,7800.0,20.1,0.38,0.17,94.05,80.87,23.38,29.6,19.54,25.59,2.45,10.06,0,0,0.5499046732850483
La Libertad,2024,Marzo,0.0,2046.0,0.0,44995.5,0.0,0.0,14639.7,0.0,503.8000000000001,0.0,461.0,1045.0,845.0,387.0,398.0,217.4,2890.0,415.0,7600.0,1602.52,1418.599,230.6100000000001,5197.530000000001,34.15,155.329,49.7,12.7,0.0,2827.600000000002,112.818,19.22000000000001,74.79000000000002,0.0,0.0,80766.5,2983.1,565.2,0.0,89.0,2.96,6.1,72.0,0.0,0.0,0.0,0.0,301759.3368238,20735.14999999999,20457.0,0.0,598.1999999999998,0.0,0.0,2900.0,21.25,0.38,0.26,94.06,77.16,22.9,28.84,19.13,24.71,2.4,9.71,0,0,0.6377837783637332
La Libertad,2024,Abril,0.0,2815.849999999999,5.0,187161.5,0.0,0.0,12058.3,0.0,373.3,0.0,2500.0,90.0,880.0,328.0,1166.0,260.0,1209.0,1099.5,19500.0,1181.91,699.9300000000003,213.75,2098.329,71.0,109.93,91.449,864.4,0.0,1760.200000000001,63.16000000000003,7.789999999999999,62.77000000000001,2.33,0.0,104862.25,1141.6,452.6999999999999,49.0,387.0,37.2,10.71,144.0,14.0,0.0,0.0,0.0,250652.66,17303.24,21371.0,0.0,401.0,0.0,0.0,650.0,19.19,0.38,0.23,94.09,79.59,21.11,27.39,17.04,22.65,2.48,10.35,0,0,0.5110208917706187
La Libertad,2024,Mayo,0.0,1832.1,620.5,91999.0,0.0,10.0,12007.0,0.0,695.5,0.0,192.0,588.0,1601.0,1227.0,1416.5,180.0,1502.5,4483.6,38000.0,1170.119,246.5500000000002,310.6679999999999,1662.700000000001,104.75,125.427,117.12,1117.61,0.0,2200.200000000001,83.79000000000002,12.39000000000001,106.94,72.0,0.0,120179.5,1033.0,559.2,1401.0,2911.5,50.359,9.13,0.0,361.2,0.0,90.7,0.0,371629.2940036,15982.457,20043.0,0.0,719.2000000000003,0.0,0.0,700.0,17.79,0.38,0.07,94.06,75.09,19.97,27.57,15.81,21.09,2.62,11.76,0,0,0.5813660170607922
La Libertad,2024,Junio,5064.5,5564.1,6980.6,2143.0,3962.7,1095.94,12417.61,0.0,230.8300000000001,4800.0,1100.0,2483.0,2313.5,1281.799999999999,0.0,288.5,4846.0,7158.049999999999,72000.00000000001,1133.048000000001,214.4800000000005,0.0,0.0,115.81,121.035,150.008,1178.35,0.0,2189.599999999999,54.05799999999999,8.150000000000006,119.31,101.9,0.0,124483.3,1508.5,939.8,2652.5,3884.5,34.81,5.240000000000002,36.0,1169.85,0.0,717.9000000000001,833.9,273364.7600862999,17950.17000000004,20828.5,30.0,736.5999999999995,0.0,0.0,400.0,17.36,0.38,0.02,94.15,71.66,19.31,28.14,14.26,20.25,2.31,13.88,0,0,0.6348666259428104
La Libertad,2024,Julio,26955.5,28921.0,11139.0,270.0,28445.1,1011.78,11599.0,0.0,477.2999999999997,12000.0,445.0,1859.0,2107.0,1177.3,1243.8,212.5000000000001,6472.200000000001,5369.750000000002,59000.0,1119.52,137.1400000000003,134.1300000000001,1626.1,52.71999999999997,99.14999999999998,207.32,3243.73,0.0,2400.0,33.21000000000004,0.5799999999999983,76.57,230.0,0.0,41162.0,2381.5,902.1,2187.0,3341.5,54.779,0.0,12.0,1072.4,0.0,2948.5,5814.2,376407.0724114999,18206.798,19602.5,0.0,6493.4,0.0,0.0,2000.0,18.66,0.37,0.01,94.09,66.59,19.83,28.02,13.6,20.78,2.43,14.42,0,0,0.773011036635638
La Libertad,2024,Agosto,29565.7,4669.099999999999,4856.0,140.0,24523.7,1371.3,13684.7,989.0,450.0,0.0,630.0,1632.0,1328.5,335.0,185.0,27.0,14298.6,98.0,20600.0,1126.48,80.10000000000036,185.1099999999999,1610.200000000001,36.55000000000001,29.50699999999995,172.24,2156.0,0.0,2047.799999999999,12.92999999999995,0.0,21.73000000000001,143.6,0.0,2936.0,1712.700000000001,2021.3,328.5,578.0,4.369,0.0,36.0,271.4000000000001,0.0,2802.9,3866.000000000001,439132.18391085,17883.78,15908.5,30.0,4683.1,0.0,0.0,9500.0,19.05,0.37,0.0,94.17,66.45,19.46,27.59,14.49,20.89,2.54,13.1,0,0,0.7586249674064314
La Libertad,2024,Septiembre,5417.0,39851.00000000001,512.5,294.0,8502.5,539.9999999999991,12907.36,5237.6,932.87,1700.0,948.0,1041.0,2239.0,166.8000000000002,151.0,5.0,7028.0,107.0,7200.0,1126.48,1.300000000000182,184.69,1276.099999999998,69.30000000000001,22.70000000000028,188.3689999999999,1850.0,0.0,2076.119999999999,459.6,0.0,0.0,121.3,0.0,13481.0,1554.700000000001,2225.2,103.0,88.0,0.0,0.0,30.0,468.0999999999999,1169.0,340.2999999999993,518.9400000000005,573387.2776078,19610.88,21747.0,0.0,810.7000000000007,0.0,0.0,24860.0,18.44,0.37,0.15,94.03,66.06,19.91,27.32,15.05,21.59,2.5,12.27,0,0,0.7891761585812629
La Libertad,2024,Octubre,175.0,5456.600000000006,30.0,0.0,0.0,0.0,13277.60000000001,7626.1,477.1000000000004,0.0,2700.0,796.0,1235.5,254.5,160.0,0.0,2443.0,212.0,6484.119999999995,1117.309999999999,0.5399999999999636,193.2090000000001,1352.349999999998,116.7,20.11000000000001,132.039,0.4689999999991414,0.0,2259.100000000002,5.139999999999986,0.0,0.0,0.0,0.0,16342.90000000002,1757.800000000001,917.8000000000002,0.0,12.0,0.0,0.0,78.0,355.8099999999999,351.0,0.0,13.79999999999927,491131.3050000002,20345.80900000001,17363.0,0.0,344.3500000000004,0.0,0.0,46200.0,21.08,0.38,0.18,94.11,68.29,20.27,27.71,15.14,22.49,2.44,12.57,0,0,0.7539279758349366
La Libertad,2024,Noviembre,0.0,10289.0,3.599999999998545,497.0,0.0,0.0,12263.70000000001,6548.0,483.9499999999998,0.0,6500.0,78.0,790.0,233.5,30.0,0.0,2155.0,17.0,5367.749000000011,1141.809999999999,7.649999999999636,36.25900000000001,1600.799999999999,113.15,14.40899999999999,118.02,0.0,0.0,7792.449999999997,4.399999999999977,0.0,0.0,0.0,0.0,20720.69999999996,2279.0,395.1000000000004,0.0,12.0,0.0,0.0,132.0,102.6999999999998,0.0,1.199999999999818,7.5,439568.8050000002,20977.209,11793.0,0.0,426.7999999999993,0.0,0.0,44971.59999999998,21.57,0.38,0.48,94.14,79.68,18.99,25.16,15.22,21.11,2.15,9.94,0,0,0.4462172244362794
La Libertad,2024,Diciembre,559.1999999999971,5717.499999999985,0.0,0.0,0.0,0.0,17912.0,3200.3,452.5,1000.0,600.0,512.5,1813.0,136.0,90.0,0.0,1299.0,0.0,2427.149999999994,1132.790000000003,8.5,63.25,1529.200000000001,85.26999999999998,0.0,122.2700000000002,0.0,0.0,12489.2,0.0,0.0,0.0,0.0,0.0,33305.30000000005,2540.599999999995,267.0,0.0,12.0,0.0,0.0,265.0,235.5000000000004,14.5,0.0,0.0,453607.4440000001,21032.58999999997,12833.0,0.0,495.1999999999971,0.0,0.0,24500.0,19.56,0.39,0.82,94.08,82.88,19.44,26.27,15.68,21.21,2.36,10.59,0,0,0.3866325203031564
Piura,2024,Enero,0.0,3094.0,0.0,50200.0,0.0,0.0,0.0,0.0,0.0,180.0,450.0,0.0,0.0,56.0,50.0,0.0,0.0,0.0,196.0,33000.0,20000.0,290.0,0.0,144.0,24000.0,152.0,0.0,0.0,700.0,0.0,0.0,0.0,0.0,0.0,1511.0,383.0,1100.0,0.0,0.0,356.0,239.0,22.0,0.0,0.0,0.0,0.0,67168.73800000001,534.0,0.0,0.0,0.0,0.0,0.0,820.0,14.34,0.53,0.98,91.43,65.9,25.38,37.78,18.33,27.35,1.92,19.45,0,1,1.104869069310475
Piura,2024,Febrero,20.0,1104.0,0.0,865.0,0.0,0.0,0.0,0.0,0.0,430.0,520.0,0.0,0.0,84.0,102.0,0.0,0.0,0.0,964.0,34413.0,19000.0,294.0,0.0,63.0,24408.0,231.0,0.0,0.0,140.0,0.0,0.0,0.0,0.0,0.0,1893.0,1014.0,4.0,0.0,0.0,356.0,192.0,0.0,0.0,0.0,36.0,9.0,69852.025,548.0,0.0,0.0,0.0,0.0,0.0,480.0,15.46,0.55,3.68,91.48,72.42,25.16,37.03,18.89,26.75,1.81,18.14,0,1,0.8820053917267554
Piura,2024,Marzo,0.0,1092.0,0.0,0.0,0.0,0.0,0.0,0.0,0.0,500.0,660.0,0.0,0.0,45.0,87.0,0.0,461.0,425.0,970.0,37239.0,4500.0,265.0,0.0,74.0,24550.0,196.0,0.0,0.0,1000.0,0.0,0.0,0.0,0.0,0.0,1300.0,686.0,1566.0,0.0,0.0,356.0,219.0,75.0,0.0,0.0,76.0,0.0,12036.889,535.0,0.0,0.0,0.0,0.0,0.0,270.0,15.41,0.54,0.65,91.48,63.9,25.8,37.88,18.65,27.56,1.66,19.23,0,1,1.199167545974983
Piura,2024,Abril,0.0,1425.0,0.0,595.0,0.0,0.0,0.0,0.0,0.0,300.0,700.0,180.0,44.0,93.0,83.0,0.0,288.0,250.0,805.0,37357.0,10.0,277.0,0.0,85.0,27495.0,193.0,0.0,0.0,3000.0,0.0,0.0,0.0,0.0,0.0,580.0,932.0,1103.0,0.0,0.0,334.0,240.0,0.0,0.0,0.0,68.0,0.0,69798.709,527.0,0.0,0.0,0.0,0.0,0.0,0.0,14.53,0.53,0.7,91.49,62.44,25.28,37.33,18.93,27.0,1.67,18.4,0,1,1.209766705767556
Piura,2024,Mayo,529.0,3595.0,956.0,10000.0,19.0,0.0,0.0,0.0,0.0,200.0,300.0,77.0,152.0,143.0,147.0,0.0,106.0,0.0,899.0,33000.0,8.0,276.0,0.0,80.0,19000.0,267.0,0.0,0.0,120.0,0.0,0.0,0.0,0.0,0.0,1952.0,555.0,24.0,66.0,130.0,370.0,345.0,0.0,260.0,0.0,34.0,5.0,80416.00000000003,533.0,0.0,0.0,0.0,0.0,0.0,0.0,15.05,0.52,0.44,91.44,55.84,25.8,37.72,18.76,27.48,1.53,18.96,0,1,1.466904122721752
Piura,2024,Junio,4378.0,12000.0,4723.0,180000.0,157.0,0.0,0.0,0.0,0.0,850.0,750.0,180.0,136.0,178.0,0.0,19.0,257.0,0.0,883.0,29890.0,0.0,102.0,0.0,77.0,15000.0,323.0,0.0,0.0,700.0,0.0,0.0,0.0,0.0,0.0,3030.0,485.0,341.0,683.0,627.0,705.0,398.0,50.0,1211.0,0.0,71.0,402.0,78425.212,819.0,0.0,0.0,0.0,0.0,0.0,0.0,15.59,0.52,0.63,91.53,55.39,24.72,39.06,17.72,26.35,1.41,21.34,0,1,1.389701967496809
Piura,2024,Julio,2222.0,5012.0,1976.0,135000.0,57.0,0.0,0.0,0.0,0.0,1500.0,1650.0,0.0,72.0,250.0,5.0,20.0,124.0,75.0,717.0,38800.0,340.0,185.0,0.0,63.0,14000.0,339.0,0.0,0.0,800.0,0.0,0.0,0.0,0.0,0.0,4212.0,1039.0,261.0,416.0,311.0,1069.0,237.0,385.0,1512.0,0.0,59.0,640.0,93312.923,749.0,0.0,0.0,0.0,0.0,0.0,70.0,16.33,0.51,0.18,91.48,49.79,25.47,37.48,16.95,27.24,1.27,20.53,0,1,1.635563205777341
Piura,2024,Agosto,6765.0,2736.0,5587.0,26000.0,184.0,0.0,0.0,0.0,0.0,2150.0,800.0,0.0,0.0,78.0,0.0,0.0,0.0,50.0,370.0,39000.0,700.0,126.0,0.0,58.0,10860.0,258.0,0.0,0.0,3500.0,0.0,0.0,0.0,0.0,0.0,4641.0,1020.0,165.0,537.0,735.0,1647.0,132.0,0.0,1593.0,0.0,245.0,1440.0,88541.25100000005,581.0,0.0,0.0,0.0,0.0,0.0,160.0,17.48,0.51,0.26,91.56,49.95,25.18,37.9,17.13,27.37,1.49,20.77,0,1,1.602499002283727
Piura,2024,Septiembre,459.0,1689.0,1315.0,0.0,45.0,0.0,0.0,0.0,0.0,2000.0,700.0,15.0,0.0,20.0,0.0,45.0,938.0,100.0,628.0,0.0,7208.0,152.0,0.0,63.0,16787.0,216.0,0.0,0.0,5800.0,0.0,0.0,0.0,0.0,0.0,4222.0,1108.0,1331.0,0.0,0.0,1430.0,180.0,0.0,457.0,0.0,0.0,526.0,81416.96999999997,498.0,0.0,0.0,0.0,156.0,0.0,980.0,15.79,0.51,0.56,91.44,51.34,25.41,38.31,17.43,27.71,1.49,20.88,0,1,1.579436884831103
Piura,2024,Octubre,48.0,3938.0,104.0,0.0,0.0,0.0,0.0,0.0,0.0,6200.0,1300.0,816.0,0.0,31.0,65.0,222.0,490.0,0.0,183.0,25500.0,21676.0,181.0,0.0,131.0,17912.0,192.0,0.0,0.0,55700.0,0.0,0.0,0.0,0.0,0.0,1695.0,1743.0,238.0,9.0,28.0,813.0,328.0,655.0,329.0,0.0,0.0,133.0,95021.43200000004,456.0,0.0,0.0,0.0,4931.0,0.0,2507.0,18.56,0.52,0.76,91.51,55.76,24.94,37.76,17.7,27.33,1.87,20.06,0,1,1.396378356008103
Piura,2024,Noviembre,0.0,1076.0,0.0,30732.0,0.0,0.0,0.0,0.0,0.0,1850.0,1300.0,18.0,0.0,199.0,48.0,149.0,580.0,81.0,561.0,25305.0,60000.0,97.0,0.0,134.0,16500.0,174.0,0.0,0.0,100000.0,0.0,0.0,0.0,0.0,0.0,1385.0,835.0,55.0,0.0,0.0,356.0,101.0,90.0,0.0,0.0,5.0,0.0,95348.68499999994,321.0,0.0,0.0,0.0,1000.0,0.0,2900.0,19.58,0.51,0.15,91.52,51.64,24.05,35.57,15.74,26.71,2.18,19.83,0,1,1.447311436325265
Piura,2024,Diciembre,0.0,20935.0,174.0,85408.0,0.0,0.0,0.0,0.0,0.0,3117.0,350.0,115.0,0.0,177.0,8.0,148.0,0.0,63.0,338.0,24500.0,129295.0,208.0,0.0,84.0,16414.0,33.0,0.0,0.0,90000.0,0.0,0.0,0.0,0.0,0.0,1482.0,833.0,1346.0,0.0,0.0,1707.0,330.0,1225.0,0.0,0.0,12.0,16.0,92236.33299999998,538.0,0.0,0.0,0.0,0.0,0.0,1220.0,15.03,0.52,1.03,91.47,61.85,24.04,36.49,17.84,26.42,2.29,18.65,0,1,1.141063099219499
Puno,2024,Enero,0.0,0.0,0.0,0.0,0.0,0.0,0.0,0.0,0.0,0.0,0.0,0.0,0.0,0.0,0.0,0.0,0.0,0.0,593.0,966.8,0.0,391.1,115.6,74.2,0.0,0.0,0.0,0.0,0.0,0.0,0.0,0.0,0.0,0.0,0.0,0.0,0.0,0.0,0.0,0.0,0.0,0.0,0.0,0.0,0.0,0.0,0.0,44752.0,0.0,0.0,0.0,0.0,0.0,0.0,23.82,0.45,2.95,63.9,72.22,11.22,18.86,3.22,15.83,4.0,15.64,0,0,0.3700271439751344
Puno,2024,Febrero,0.0,0.0,0.0,0.0,0.0,0.0,0.0,0.0,0.0,0.0,0.0,0.0,27.7,0.0,0.0,0.0,98.0,0.0,747.7,852.1999999999999,0.0,421.4,0.0,84.3,0.0,0.0,0.0,0.0,0.0,0.0,0.0,0.0,0.0,0.0,8308.0,0.0,0.0,0.0,0.0,0.0,0.0,0.0,0.0,0.0,0.0,0.0,0.0,153548.0,0.0,0.0,0.0,0.0,0.0,0.0,21.01,0.5,4.52,63.92,75.18,10.36,16.92,3.68,14.77,4.08,13.24,0,0,0.3122009885548439
Puno,2024,Marzo,0.0,60.4,41.0,0.0,0.0,68.5,0.0,0.0,0.0,0.0,0.0,0.0,284.6,0.0,0.0,0.0,444.4390000000001,0.0,532.7,1101.7,0.0,409.5999999999999,0.0,28.69999999999999,0.0,0.0,0.0,0.0,0.0,0.0,15.2,0.0,0.0,0.0,83235.46899999998,0.0,0.0,975.02,780.62,0.0,0.0,0.0,0.0,0.0,0.0,0.0,0.0,577116.6190000001,0.0,11930.25,55307.83000000002,0.0,0.0,0.0,21.06,0.54,3.47,63.94,75.98,10.45,18.12,5.18,14.33,3.84,12.94,0,0,0.3039597943797546
Puno,2024,Abril,1533.449,2166.6,2538.82,0.0,21834.309,46190.65999999998,0.0,0.0,0.0,0.0,0.0,0.0,343.1,0.0,110.4,339.0,5374.485000000001,0.0,373.4000000000001,1376.6,0.0,395.8,0.0,111.9,2.3,118.5,43.0,0.0,0.0,0.0,94.7,0.0,0.0,0.0,645371.7679999999,1386.0,1130.6,32796.45,11992.769,105.3,5.0,0.0,763.5,0.0,13174.377,501.8900000000001,0.0,869645.5390000002,0.0,294562.55,3046061.417,0.0,7.0,0.0,20.54,0.52,1.05,63.92,69.77,11.18,17.88,4.7,14.54,3.14,13.18,0,0,0.4015934456084446
Puno,2024,Mayo,750.1590000000003,2360.3,3982.200000000001,6.0,18491.949,10588.92,0.0,0.0,0.0,0.0,0.0,0.0,218.9,0.0,26.60000000000001,0.0,653.5,0.0,0.0,1157.0,0.0,423.6000000000001,0.0,99.59999999999997,16.3,6635.0,1536.0,0.0,0.0,0.0,121.5,0.0,0.0,0.0,412399.389,19042.0,1294.0,18746.75,9684.680000000002,1467.0,77.1,0.0,275.7,0.0,7367.76,406.66,0.0,493342.6490000002,0.0,100046.978,795727.3799999999,0.0,38.0,0.0,20.57,0.5,0.94,63.93,58.61,10.17,17.2,3.13,12.59,2.4,14.07,0,0,0.5140558802757913
Puno,2024,Junio,0.0,0.0,1.818989403545856e-12,0.0,251.3000000000029,320.4000000000233,0.0,0.0,0.0,0.0,0.0,0.0,1.136868377216161e-13,0.0,0.0,0.0,0.0,0.0,0.0,980.1999999999988,0.0,416.0,0.0,95.10000000000014,28.2,8212.7,2064.8,0.0,0.0,0.0,120.4,0.0,0.0,0.0,33028.40000000014,14183.0,0.0,574.9999999999927,0.0,3732.5,221.5,0.0,19.0,0.0,0.0,0.0,0.0,96710.99999999952,0.0,0.0,0.0,0.0,7.299999999999997,0.0,19.73,0.46,0.48,63.93,56.87,9.16,16.87,3.2,11.09,2.23,13.67,0,0,0.5005197273297718
Puno,2024,Julio,0.0,0.0,0.0,0.0,0.0,0.0,0.0,0.0,0.0,0.0,0.0,0.0,0.0,0.0,0.0,0.0,0.0,0.0,0.0,1015.8,0.0,408.6999999999998,0.0,99.70000000000005,17.0,7068.0,2420.2,0.0,0.0,0.0,76.10000000000002,0.0,0.0,0.0,0.0,9055.0,0.0,0.0,0.0,1705.1,294.0,0.0,0.0,0.0,0.0,0.0,0.0,0.0,0.0,0.0,0.0,0.0,1.0,0.0,21.15,0.44,0.05,63.92,57.26,7.97,15.36,0.44,10.03,3.17,14.92,1,0,0.4575504341483827
Puno,2024,Agosto,0.0,0.0,0.0,0.0,0.0,0.0,0.0,0.0,0.0,0.0,0.0,0.0,0.0,0.0,0.0,0.0,0.0,0.0,0.0,713.5,0.0,426.0,0.0,79.60000000000002,1.049999999999997,4951.0,1777.8,0.0,0.0,0.0,9.0,0.0,0.0,0.0,0.0,0.0,0.0,0.0,0.0,1291.200000000001,152.6999999999999,0.0,0.0,0.0,0.0,0.0,0.0,0.0,0.0,0.0,0.0,0.0,0.0,0.0,22.83,0.4,0.03,63.9,56.91,8.86,18.43,1.43,12.03,3.39,17.0,1,0,0.4900238763157798
Puno,2024,Septiembre,4.547473508864641e-13,0.0,0.0,0.0,32.0,0.0,0.0,0.0,0.0,0.0,0.0,0.0,0.0,0.0,0.0,0.0,0.0,0.0,0.0,1009.200000000001,0.0,421.5,855.0,74.34999999999991,0.0,0.0,0.0,0.0,0.0,0.0,0.0,0.0,0.0,0.0,507.0,0.0,0.0,0.0,0.0,0.0,0.0,0.0,0.0,0.0,0.0,0.0,0.0,0.0,0.0,8573.0,0.0,0.0,0.0,0.0,20.39,0.38,0.42,63.92,67.06,10.06,17.2,4.47,14.55,3.67,12.73,0,0,0.4061067709249079
Puno,2024,Octubre,0.0,0.0,0.0,0.0,0.0,0.0,0.0,0.0,0.0,0.0,0.0,0.0,0.0,0.0,0.0,0.0,0.0,0.0,0.0,1063.0,0.0,396.0,2759.0,69.79999999999995,0.0,0.0,0.0,0.0,0.0,0.0,0.0,0.0,0.0,0.0,0.0,0.0,0.0,0.0,0.0,0.0,0.0,0.0,0.0,0.0,0.0,0.0,0.0,0.0,0.0,0.0,0.0,0.0,0.0,0.0,25.08,0.37,1.12,63.89,63.85,10.91,18.46,4.87,15.52,3.82,13.59,0,0,0.4716992181352071
Puno,2024,Noviembre,0.0,0.0,0.0,0.0,0.0,0.0,0.0,0.0,0.0,0.0,0.0,0.0,0.0,0.0,0.0,0.0,0.0,0.0,1126.0,1069.200000000001,0.0,433.3000000000002,4675.0,71.10000000000002,0.0,0.0,0.0,0.0,0.0,0.0,0.0,0.0,0.0,0.0,0.0,0.0,0.0,0.0,0.0,0.0,0.0,0.0,0.0,0.0,0.0,0.0,0.0,3402.0,0.0,0.0,0.0,0.0,0.0,0.0,24.32,0.38,2.13,63.77,68.5,11.14,18.49,2.71,16.15,3.94,15.78,0,0,0.4173551511866738
Puno,2024,Diciembre,0.0,0.0,157.0,0.0,0.0,0.0,0.0,0.0,0.0,0.0,0.0,0.0,0.0,0.0,0.0,0.0,0.0,0.0,0.0,1222.0,0.0,585.0,13969.0,180.7,0.0,0.0,0.0,0.0,0.0,0.0,0.0,0.0,0.0,0.0,33976.99999999977,0.0,0.0,236.6999999999971,0.0,0.0,0.0,0.0,316.8000000000002,0.0,0.0,1.136868377216161e-13,0.0,24910.50000000047,0.0,0.0,0.0,0.0,0.0,0.0,25.93,0.39,0.72,63.78,67.54,11.15,19.35,3.42,16.04,3.51,15.93,0,0,0.4303601852513459
San Martin,2024,Enero,0.0,44054.0,0.0,66200.0,0.0,0.0,0.0,0.0,0.0,0.0,0.0,276.5,0.0,0.0,0.0,0.0,0.0,0.0,74.0,38262.0,18.5,1931.0,1267.5,0.0,324.5,2735.5,10.0,0.0,85.0,0.0,0.0,0.0,0.0,51063.18,0.0,9737.0,0.0,0.0,0.0,1881.0,3946.9,0.0,95.87,0.0,0.0,0.0,0.0,0.0,0.0,0.0,0.0,0.0,0.0,0.0,14.84,0.57,1.83,90.32,74.76,23.97,31.87,18.62,23.94,0.02,13.25,0,0,0.7517610666860084
San Martin,2024,Febrero,0.0,35650.0,0.0,60542.0,0.0,0.0,0.0,0.0,0.0,0.0,0.0,127.4,0.0,0.0,0.0,0.0,0.0,0.0,57.0,40989.0,66.0,1856.0,1330.0,0.0,540.0,3263.5,27.0,0.0,91.5,0.0,0.0,0.0,0.0,39956.99999999999,0.0,8835.0,0.0,0.0,0.0,2779.5,4456.0,0.0,37.41,0.0,0.0,0.0,0.0,0.0,0.0,0.0,0.0,0.0,0.0,0.0,15.93,0.58,2.72,90.32,77.64,23.79,33.99,18.51,23.68,0.05,15.48,0,1,0.6588186075038549
San Martin,2024,Marzo,0.0,5445.0,0.0,74637.0,0.0,0.0,0.0,0.0,0.0,0.0,0.0,181.3000000000001,0.0,0.0,0.0,0.0,0.0,0.0,82.0,39890.0,90.0,1904.0,1127.0,0.0,1029.9,5040.0,33.0,0.0,64.5,0.0,0.0,0.0,0.0,75294.0,0.0,9527.0,0.0,0.0,0.0,11463.5,5469.699999999999,0.0,268.5599999999999,0.0,0.0,0.0,0.0,0.0,0.0,0.0,0.0,0.0,0.0,0.0,15.85,0.56,1.09,90.34,72.92,24.55,32.42,18.47,24.47,0.04,13.95,0,1,0.8350800960965348
San Martin,2024,Abril,0.0,2103.399999999994,0.0,75485.70000000001,0.0,0.0,0.0,0.0,0.0,0.0,0.0,198.7,0.0,0.0,0.0,0.0,0.0,0.0,49.0,41220.0,4.0,1529.0,1132.0,0.0,971.0,6892.0,45.0,0.0,97.0,0.0,0.0,0.0,0.0,37617.54000000001,0.0,9303.0,0.0,0.0,0.0,18168.0,6545.900000000001,0.0,181.3,0.0,0.0,0.0,0.0,0.0,0.0,0.0,0.0,0.0,0.0,0.0,16.74,0.56,1.35,90.32,73.25,24.54,31.99,19.32,24.51,0.02,12.67,0,0,0.8244107954935953
San Martin,2024,Mayo,0.0,12563.3,0.0,83529.0,0.0,0.0,0.0,0.0,0.0,0.0,0.0,178.7,14.35,0.0,0.0,0.0,0.0,0.0,26.0,42529.0,0.0,1921.0,1398.0,0.0,971.1999999999998,5179.0,73.0,0.0,98.0,0.0,0.0,0.0,0.0,36692.48999999999,0.0,9577.5,0.0,0.0,0.0,20964.0,8108.200000000001,0.0,30.41999999999996,0.0,0.0,0.0,0.0,0.0,0.0,0.0,0.0,0.0,0.0,0.0,15.02,0.54,1.15,90.4,73.06,24.34,32.37,17.25,24.28,0.04,15.12,0,1,0.8203922209863421
San Martin,2024,Junio,0.0,54182.50000000001,0.0,73193.10000000003,0.0,0.0,0.0,0.0,200.0,0.0,0.0,143.0,7.549999999999999,0.0,0.0,0.0,0.0,0.0,33.0,41637.0,2.0,2743.0,1590.0,0.0,953.7000000000004,11084.0,68.0,0.0,135.5,0.0,0.0,0.0,0.0,0.0,0.0,9035.0,0.0,0.0,0.0,14436.5,9664.399999999998,0.0,8.580000000000155,0.0,0.0,0.0,0.0,0.0,0.0,0.0,0.0,0.0,0.0,0.0,16.52,0.53,0.29,90.47,65.4,24.27,31.72,16.84,24.15,0.05,14.88,0,0,1.049251465360606
San Martin,2024,Julio,0.0,50737.79999999999,0.0,93141.80000000005,0.0,0.0,0.0,0.0,625.0,0.0,0.0,204.0,0.0,0.0,0.0,0.0,0.0,0.0,28.0,34270.0,0.0,2318.0,2208.0,0.0,467.0,21499.0,50.0,0.0,91.0,0.0,0.0,0.0,0.0,46802.35999999999,0.0,10233.74,0.0,0.0,0.0,8897.0,6639.099999999999,0.0,148.46,0.0,0.0,0.0,0.0,0.0,0.0,0.0,0.0,0.0,0.0,0.0,15.64,0.53,0.85,90.58,66.02,23.68,31.79,16.27,23.53,0.06,15.52,0,0,0.9945902723780939
San Martin,2024,Agosto,0.0,14907.5,0.0,66447.80000000005,0.0,0.0,0.0,0.0,375.0,0.0,0.0,127.0,0.0,0.0,0.0,0.0,0.0,0.0,24.0,34573.0,0.0,1929.0,1747.0,0.0,297.1999999999998,9942.0,20.0,0.0,52.0,0.0,0.0,0.0,0.0,45474.5,0.0,9166.5,0.0,0.0,0.0,4759.199999999997,4115.5,0.0,244.2900000000001,0.0,0.0,0.0,0.0,0.0,0.0,0.0,0.0,56.0,0.0,0.0,17.01,0.53,0.39,90.5,59.5,25.12,33.42,18.16,24.99,0.06,15.26,0,1,1.292106613675912
San Martin,2024,Septiembre,0.0,1974.100000000006,0.0,56939.90000000002,0.0,0.0,0.0,0.0,100.0,0.0,0.0,383.0,7.800000000000001,0.0,0.0,0.0,0.0,0.0,13.0,33785.0,28.0,1696.0,1886.0,0.0,78.30000000000018,1729.5,16.80000000000001,0.0,79.89999999999998,0.0,0.0,0.0,0.0,36200.0,0.0,9296.5,0.0,0.0,0.0,0.0,3649.5,0.0,522.4499999999998,0.0,0.0,0.0,0.0,0.0,0.0,0.0,0.0,109.0,0.0,0.0,15.8,0.53,1.04,90.34,62.09,25.5,34.17,18.84,25.29,0.08,15.33,0,1,1.237097985594347
San Martin,2024,Octubre,0.0,1869.200000000012,0.0,68908.40000000002,0.0,0.0,0.0,0.0,375.0,0.0,0.0,301.0000000000002,7.500000000000004,0.0,0.0,0.0,0.0,0.0,25.0,30916.0,75.0,1675.0,1566.0,0.0,200.8000000000002,899.0,16.5,0.0,104.5,0.0,0.0,0.0,0.0,47592.0,0.0,7571.699999999997,0.0,0.0,0.0,104.8999999999942,2779.5,0.0,402.77,0.0,0.0,0.0,0.0,0.0,0.0,0.0,0.0,451.0,0.0,0.0,18.62,0.53,1.74,90.29,62.31,25.68,34.9,18.48,25.59,0.05,16.42,0,1,1.243116916680441
San Martin,2024,Noviembre,0.0,2008.109999999986,0.0,72255.15000000002,0.0,0.0,0.0,0.0,0.0,0.0,0.0,234.6999999999998,14.6,0.0,0.0,0.0,0.0,0.0,74.0,33985.0,377.0,1964.0,1210.0,0.0,312.1999999999998,1722.5,16.5,0.0,227.5000000000001,0.0,0.0,0.0,0.0,56799.0,0.0,8366.800000000003,0.0,0.0,0.0,111.8500000000058,2915.300000000003,0.0,223.7,0.0,0.0,0.0,0.0,0.0,0.0,0.0,0.0,0.0,0.0,0.0,15.59,0.56,2.86,90.18,71.23,23.9,32.62,18.2,23.87,0.02,14.42,0,1,0.853305852363015
San Martin,2024,Diciembre,0.0,5809.0,0.0,69634.90000000002,0.0,0.0,0.0,0.0,0.0,0.0,0.0,203.0999999999999,36.59999999999999,0.0,0.0,0.0,0.0,0.0,92.0,23013.40000000002,776.0,6544.0,816.0,0.0,0.0,1509.800000000003,220.2,0.0,143.5,0.0,0.0,0.0,0.0,71649.31000000006,0.0,9228.679999999991,0.0,0.0,0.0,381.5,4167.480000000003,0.0,143.3600000000001,0.0,0.0,0.0,0.0,0.0,0.0,0.0,0.0,0.0,0.0,0.0,16.88,0.55,0.79,90.21,70.76,24.3,32.23,18.71,24.28,0.01,13.52,0,1,0.8883030820334148
Ica,2025,Enero,0.0,4856.94,18.33,0.0,0.0,0.0,7845.95,0.0,563.88,0.0,90.0,13405.57,520.6400000000001,36.19,51.6,0.0,5590.08,25.95,364.16,201.24,1790.73,12.6,0.0,15.3,16.8,0.0,0.0,0.0,216559.0,0.0,15.5,10.1,0.0,0.0,89.94,173.72,0.0,0.0,0.0,0.0,0.0,926.43,19.57,54.25,0.0,0.0,0.0,6553.820000000001,0.0,0.0,0.0,1153.0,0.0,2500.0,24.52,0.33,0.35,95.85,77.14,21.5,26.36,18.1,23.2,2.67,8.259999999999998,0,0,0.5862071527800792
Ica,2025,Febrero,0.0,0.0,53.08999999999999,0.0,0.0,0.0,7431.749999999999,0.0,336.5699999999999,0.0,0.0,14833.55,1029.81,33.88,0.0,0.0,2495.46,12.84,2464.97,176.58,3820.17,15.0,0.0,0.0,150.5,0.0,633.85,0.0,112000.0,34.72,293.11,81.70000000000002,0.0,0.0,227.4100000000001,144.95,2899.32,0.0,0.0,0.0,0.0,565.38,5.469999999999999,25.2,0.0,0.0,0.0,6987.31,0.0,0.0,0.0,325.0999999999999,0.0,1029.11,22.06,0.35,1.69,95.75,82.99,22.17,26.86,19.51,23.48,2.46,7.349999999999998,0,0,0.4543989851308239
Ica,2025,Marzo,39.78,0.0,23.01000000000002,0.0,14.78,0.0,8802.350000000004,0.0,126.7899999999998,0.0,111.3,2979.700000000001,123.4100000000001,15.13,0.0,2.13,5375.73,0.0,15679.89,161.2500000000001,3693.960000000001,0.5,0.0,0.0,200.0,0.0,11607.9,0.0,48463.97999999998,38.71000000000001,247.89,63.85,1901.05,0.0,246.53,106.28,5368.650000000001,0.0,0.0,0.0,0.0,485.1600000000001,21.84,8.699999999999989,7.5,0.0,0.0,8242.060000000001,0.0,0.0,0.0,1448.57,0.0,88.20000000000073,22.57,0.38,1.11,95.81,80.76,22.0,27.64,18.89,23.18,2.6,8.75,0,0,0.5086757047879491
Ica,2025,Abril,22.62,0.0,8.340000000000003,0.0,29.02,4.86,6184.299999999999,0.0,287.53,0.0,0.0,5379.750000000004,1816.43,15.98,0.0,0.0,6775.43,15.14,28550.0,33.10000000000002,1023.07,11.75,0.0,0.0,101.5,0.0,32253.28,0.0,3400.0,74.46000000000001,5.32000000000005,0.0,3287.65,0.0,72.41999999999996,830.3499999999999,1264.07,0.0,6.84,0.0,0.0,245.6000000000001,0.0,16.64999999999999,0.0,0.0,0.0,6803.000000000004,0.0,0.0,0.0,2075.73,0.0,20.0,21.62,0.37,0.25,95.8,76.19,20.65,26.26,16.68,21.54,2.52,9.580000000000002,0,0,0.5795254719200162
Ica,2025,Mayo,0.0,0.0,8.75,0.0,0.0,4.850000000000001,7124.490000000002,0.0,394.23,0.0,0.0,1013.720000000001,197.8899999999999,0.0,0.0,0.0,5145.0,45.98,34000.0,195.27,0.0,9.1,0.0,0.0,37.55000000000001,418.2700000000001,56144.10000000001,70.0,160.0,7.210000000000008,0.0,0.0,0.0,0.0,0.0,1472.61,550.0300000000007,0.0,0.0,0.0,0.0,227.3699999999999,9.0,32.40000000000001,0.0,0.0,0.0,7023.049999999999,0.0,0.0,0.0,5052.73,0.0,5.0,15.99,0.35,0.09,95.86,73.11,19.76,25.05,15.75,20.38,2.57,9.3,0,0,0.6194626624574553
Ica,2025,Junio,3.780000000000008,0.0,7.5,0.0,21.34999999999999,1.989999999999998,8316.43,0.0,950.5700000000004,0.0,35.12,4107.099999999999,2911.610000000001,5.730000000000004,0.0,23.4,8014.060000000001,48.20000000000002,24324.27,136.0999999999999,145.1800000000003,67.36999999999999,0.0,0.0,79.03999999999996,2352.02,13550.10000000001,2443.29,0.0,0.0,26.28999999999996,0.0,81.39999999999964,0.0,7751.03,883.4800000000005,2067.089999999998,0.0,2.890000000000001,0.0,0.0,832.4899999999998,3.600000000000001,1.830000000000013,0.0,0.0,0.0,8279.359999999993,0.0,0.0,0.0,996.1499999999996,0.0,450.0,10.56,0.41,2.43,95.96,78.54,18.05,23.54,13.86,18.54,3.19,9.68,0,0,0.4443119527875734
Ica,2025,Julio,0.0,0.0,0.0,0.0,0.0,0.0,7422.489999999998,1337.1,201.7400000000002,0.0,0.0,2298.830000000002,4107.25,0.0,0.0,0.0,7607.199999999997,396.98,20007.28,238.1800000000001,0.0,4.849999999999994,0.0,0.0,38.50999999999999,13247.48,47442.43000000002,11575.42,1250.0,0.0,0.0,0.0,2.380000000000109,0.0,48082.13,838.4499999999998,4651.950000000001,0.0,0.0,0.0,0.0,612.3200000000002,7.410000000000004,110.59,0.0,0.0,0.0,7668.110000000001,0.0,0.0,0.0,0.0,0.0,1519.32,11.25,0.4,0.02,95.95,73.71,17.96,23.62,13.6,18.44,3.21,10.02,0,0,0.5412418107621522
Ica,2025,Agosto,0.0,0.0,0.0,0.0,6.400000000000006,0.0,13189.71,13789.0,718.48,0.0,93.63,2968.090000000004,3061.619999999999,76.26000000000002,34.65,0.0,4700.0,3183.34,19508.10000000001,109.0,0.0,26.0,0.0,0.0,803.8,7517.899999999998,20915.76000000001,5825.220000000001,825.0,39.90000000000001,0.0,0.0,0.0,0.0,60851.48,425.5600000000004,2943.05,0.0,0.0,0.0,0.0,438.7399999999998,547.93,95.12,0.0,0.0,0.0,7358.139999999999,0.0,0.0,0.0,0.0,0.0,4002.27,14.11,0.37,0.02,95.99,68.9,17.74,24.3,13.02,18.64,3.32,11.28,0,0,0.631461027001331
Ica,2025,Septiembre,0.0,0.0,0.0,0.0,5.780000000000001,0.0,20746.88,11827.0,40.0,0.0,266.76,441.9099999999817,4817.52,11.24000000000001,0.0,8.7,12453.07000000001,15910.16,7291.929999999964,0.0,0.0,12.50999999999999,0.0,0.0,0.0,935.0500000000028,0.0,1416.599999999998,1140.0,27.60999999999999,0.0,0.0,60.30999999999949,0.0,19249.60000000001,831.8599999999997,2189.960000000003,44.14,5.029999999999999,0.0,0.0,1204.35,2508.93,901.96,0.0,0.0,0.0,5125.160000000011,0.0,0.0,0.0,0.0,0.0,9505.99,18.18,0.35,0.07,95.94,68.57,18.5,24.68,13.71,19.83,3.23,10.97,0,0,0.6693670879865332
Ica,2025,Octubre,0.0,0.0,6.280000000000001,0.0,0.0,0.0,18663.97,5580.200000000001,287.3400000000001,0.0,194.0700000000001,12468.0,948.0,0.0,50.34,0.0,6867.75,3732.5,0.0,110.7,0.0,51.1,0.0,0.0,0.0,0.0,3250.380000000005,0.0,2530.0,0.0,10.20000000000004,0.0,0.0,0.0,0.0,712.0,724.5,21.94,4.290000000000001,0.0,0.0,226.5,785.6399999999999,2903.68,0.0,13.5,0.0,7530.220000000001,0.0,0.0,0.0,1.159999999999854,0.0,19100.0,22.13,0.34,0.14,95.89,70.34,18.83,24.85,14.14,20.48,3.08,10.71,0,0,0.6448454600444533
Ica,2025,Noviembre,0.0,0.0,4.580000000000013,0.0,0.0,0.0,13292.95999999999,8856.3,824.5000000000005,0.0,0.0,22560.00000000001,362.0,7.590000000000003,0.0,84.0,8859.999999999993,50.0,0.0,27.5,0.0,8.449999999999989,0.0,0.0,0.0,0.0,0.0,0.0,35385.0,0.0,32.79999999999995,0.0,0.0,0.0,8840.0,0.0,354.0,0.0,0.0,0.0,0.0,217.0,0.0,683.6000000000004,0.0,0.0,0.0,7136.380000000005,0.0,0.0,0.0,3.0,0.0,13682.82,25.16,0.34,0.03,95.82,70.22,19.41,26.19,14.81,21.23,3.08,11.38,0,0,0.6712884500710947
Ica,2025,Diciembre,0.0,0.0,7.650000000000006,0.0,12.84999999999999,0.0,10967.06000000001,2126.949999999997,362.0,0.0,96.0,47642.0,882.7900000000009,5.049999999999983,0.0,0.0,14924.5,0.0,0.0,0.0,0.0,286.5400000000001,0.0,25.6,0.0,2269.219999999997,2739.0,229.4099999999998,153615.3,0.5000000000000284,4.5,489.2600000000001,0.4499999999998181,0.0,127.2900000000082,461.0,0.0,0.0,0.0,0.0,0.0,817.8000000000002,0.0,403.7399999999998,0.0,0.0,0.0,29886.39,0.0,0.0,0.0,418.7899999999991,0.0,4687.82,25.16,0.33,0.06,95.82,72.42,20.21,26.27,15.32,22.15,3.01,10.95,0,0,0.6533077952245918
Junin,2025,Enero,0.0,3072.2,0.0,35.4,0.0,0.0,0.0,276.9,172.4,0.0,0.0,0.0,481.0,4968.700000000001,3470.0,14.3,19.3,3686.9,9715.3,19421.9,609.9,1100.1,43103.85,755.4999999999999,270.2,22167.23,1147.515,2757.39,0.0,0.7,1.5,16.5,0.0,0.0,29204.7,8272.8,0.0,0.0,71.1,0.0,755.3610000000001,0.0,351.65,0.0,0.0,0.0,0.0,12949.25,0.0,733.4,1782.0,0.0,7.419999999999999,0.0,14.01,0.65,3.48,90.93,75.95,24.43,32.11,19.13,24.21,0.27,12.98,0,1,0.7363396375020526
Junin,2025,Febrero,0.0,0.0,10.0,54.79999999999999,0.0,0.0,0.0,413.8000000000001,238.1,0.0,0.0,0.0,674.3,6414.599999999999,4318.0,73.6,0.0,11278.7,7452.600000000002,19550.85000000001,390.5,1099.65,44744.19999999999,789.1,325.1,23878.95,2341.409,5111.679999999999,0.0,38.6,75.1,57.80000000000001,0.0,0.0,41860.30000000002,7774.0,0.0,21.0,709.6999999999999,3756.252,1097.511999999999,0.0,509.4500000000001,0.0,0.0,0.0,0.0,13562.05,0.0,1213.5,5410.4,0.0,7.790000000000002,0.0,15.08,0.7,6.87,90.94,83.69,23.43,32.26,18.75,23.24,0.23,13.51,0,1,0.4702574896063738
Junin,2025,Marzo,0.0,0.0,30.5,65.9,0.0,0.0,0.0,487.5749999999999,265.6,0.0,0.0,0.0,898.5999999999997,6748.899999999998,7196.200000000001,88.2,19.5,26236.6,6326.400000000001,18595.31,1.136868377216161e-13,1020.19,42552.75000000001,842.6000000000004,450.03,27150.68,3284.48,6270.220000000001,0.0,41.29999999999999,103.8,63.19999999999999,0.0,0.0,53034.9,5304.5,0.0,14.0,1685.0,6982.338,3164.683000000001,0.0,600.9999999999999,0.0,0.0,0.0,0.0,14788.45,0.0,1874.700000000001,16954.5,0.0,8.400000000000002,0.0,13.45,0.8,6.71,91.06,91.38,22.2,27.22,18.52,21.97,0.23,8.7,0,0,0.2306924074154488
Junin,2025,Abril,0.0,0.0,346.0,91.6,0.0,0.0,0.0,456.2250000000001,182.8,0.0,0.0,39.9,834.5999999999999,6585.799999999999,8175.400000000001,99.20000000000002,228.1,53881.70000000001,6013.310000000001,18736.05,0.0,1039.65,40136.65000000001,875.9000000000001,505.8,26431.40000000001,6450.400000000001,6380.299999999999,0.0,43.1,92.60000000000002,38.69999999999999,0.0,0.0,81415.89999999998,5563.0,0.0,77.2,4437.0,13326.517,4326.650000000001,0.0,454.5999999999999,0.0,0.0,0.0,0.0,14722.85,0.0,2338.7,34301.8,0.0,8.970000000000002,0.0,14.94,0.75,1.54,91.04,82.79,23.4,31.5,17.61,23.09,0.27,13.89,0,0,0.4953100030736457
Junin,2025,Mayo,0.0,0.0,2647.9,71.90000000000003,721.2,504.2000000000001,0.0,452.6000000000001,87.70000000000005,0.0,0.0,42.00000000000001,696.7000000000003,3975.649999999998,7298.600000000002,436.7,40.30000000000001,23459.5,4523.018,18440.14,0.0,976.6999999999998,38600.9,874.3000000000002,506.53,27593.77,9637.2,5750.0,0.0,8.400000000000006,19.39999999999998,0.0,0.0,0.0,134806.7999999999,5305.400000000001,0.0,767.2,6416.100000000001,16038.472,5020.148999999999,0.0,415.3000000000002,0.0,787.9000000000001,427.9999999999999,0.0,14040.35000000001,0.0,2949.999999999999,38804.7,0.0,8.68,0.0,13.75,0.64,0.42,91.19,71.17,24.23,31.84,16.19,23.89,0.27,15.65,0,0,0.8721826225452225
Junin,2025,Junio,2590.7,0.0,13126.1,61.89999999999998,9254.25,2826.799999999998,0.0,305.3249999999998,20.59999999999991,0.0,0.0,12.0,231.5,1498.200000000001,6007.300000000003,2995.1,78.20000000000005,72.49999999998545,3465.260999999992,19341.29899999998,0.0,1153.84,36434.20000000001,840.5999999999995,535.7800000000002,35075.79999999994,12690.95,5303.999999999996,0.0,0.0,0.0,1.0,0.0,0.0,113634.4,5458.399999999998,0.0,3699.7,7458.599999999999,15396.02,5682.074999999995,0.0,950.5,0.0,2330.56,1129.92,0.0,13602.14999999999,0.0,5291.1,28387.29999999999,0.0,8.069999999999993,0.0,13.74,0.66,3.55,91.25,74.8,23.31,31.04,17.6,22.82,0.29,13.44,0,0,0.7213384623433639
Junin,2025,Julio,3956.720000000002,0.0,5257.500000000002,18.0,11543.25,3364.9,0.0,247.8249999999998,0.0,0.0,0.0,24.2,90.0,1376.5,2714.800000000003,2305.3,38.80000000000001,56.10000000000582,2594.999000000003,17878.67799999999,0.0,1001.9,34710.80000000002,776.2399999999998,413.5999999999999,34883.53,12061.36,3420.849999999999,0.0,0.0,0.0,0.0,0.0,0.0,44156.70000000001,4730.800000000003,0.0,1207.2,1432.0,9072.574,5505.631000000001,0.0,1333.8,0.0,747.6000000000004,193.1000000000001,0.0,16788.5,0.0,2475.4,16810.09999999999,0.0,7.938000000000002,0.0,15.96,0.61,0.12,91.38,62.09,23.45,32.44,13.91,22.87,0.32,18.53,0,1,1.094357281077725
Junin,2025,Agosto,237.1000000000004,0.0,756.4000000000015,33.0,564.0,251.5,0.0,193.3499999999999,28.89999999999998,0.0,0.0,0.0,0.0,1728.499999999996,1353.599999999998,560.5,18.5,220.0,1935.470000000001,16629.28,0.0,881.4500000000007,32208.79999999999,752.3000000000002,3262.09,28025.68,8650.650000000001,2261.849999999999,0.0,0.0,0.0,0.0,0.0,0.0,7052.200000000012,6755.800000000003,0.0,13.60000000000036,7.0,4299.338999999993,3549.420000000002,0.0,184.3000000000002,0.0,23.40000000000009,0.0,0.0,11491.75,0.0,433.5,3064.899999999994,0.0,6.460000000000001,0.0,15.77,0.57,0.19,91.21,51.84,25.58,34.74,16.75,25.36,0.29,17.99,0,1,1.579057010204604
Junin,2025,Septiembre,0.0,0.0,191.4000000000014,33.0,0.0,9.094947017729282e-13,0.0,233.6500000000001,50.20000000000005,0.0,0.0,0.0,0.0,2324.0,1215.399999999994,0.0,19.60000000000002,236.0000000000145,3202.870000000003,17358.05000000002,1.136868377216161e-13,944.4500000000008,32900.19999999995,787.5999999999995,0.0,24988.12900000004,5756.999999999993,1916.800000000003,0.0,0.0,0.0,0.0,0.0,0.0,2657.09999999986,10855.49999999999,0.0,154.5,27.0,16.36900000002061,2877.707999999999,0.0,310.8000000000002,0.0,2.400000000000546,15.0,0.0,11716.79999999999,0.0,470.7999999999993,562.1000000000349,0.0,6.910000000000004,0.0,16.8,0.57,0.53,91.11,51.87,27.04,35.07,20.44,26.92,0.28,14.63,0,1,1.71997294000039
Junin,2025,Octubre,0.0,0.0,0.0,38.0,0.0,0.0,0.0,251.9250000000002,34.20000000000005,0.0,0.0,0.0,0.0,1639.400000000002,805.6999999999971,71.5,19.60000000000002,231.0,7025.449999999997,19491.65,0.0,1039.700000000001,32984.71999999997,811.8500000000004,0.0,23326.27999999997,2042.449999999997,1265.059999999998,0.0,0.0,0.0,0.0,0.0,0.0,3288.0,14159.60000000001,0.0,0.0,0.0,0.0,1890.921000000002,0.0,374.8000000000002,0.0,0.0,0.0,0.0,12401.0,0.0,586.7999999999993,1237.100000000006,0.0,7.430000000000007,0.0,15.52,0.58,1.75,91.0,63.3,25.87,35.43,18.61,25.88,0.25,16.82,0,1,1.224159696156971
Junin,2025,Noviembre,0.0,0.0,0.0,31.0,0.0,0.0,0.0,240.9499999999998,0.0,0.0,0.0,0.0,16.0,1405.699999999997,997.8000000000028,126.3000000000002,0.0,50.0,9389.9,20040.5,459.4500000000001,1174.85,38085.29999999999,721.2000000000007,0.0,23245.79999999999,902.1789999999964,1376.434999999998,0.0,0.0,0.0,0.0,0.0,0.0,7051.599999999977,15263.2,0.0,0.0,0.0,0.0,970.6719999999988,0.0,268.0,0.0,0.0,0.0,0.0,12752.39999999999,0.0,946.9000000000016,769.1000000000058,0.0,7.735799999999998,0.0,15.69,0.58,1.12,90.89,67.32,25.62,34.69,19.49,25.66,0.24,15.2,0,1,1.074047324405011
Junin,2025,Diciembre,0.0,0.0,5.799999999995634,32.79999999999995,0.0,0.0,0.0,278.2499999999995,0.0,0.0,0.0,0.0,155.4000000000001,2698.099999999999,2088.5,27.40000000000055,0.0,545.0,12629.65000000002,18444.65000000002,861.8,1096.149999999998,40377.20000000001,840.1999999999989,0.0,22094.38000000006,1031.559000000016,1797.080000000002,0.0,0.0,0.0,0.0,0.0,0.0,20423.8000000001,13235.2,0.0,9.094947017729282e-13,18.40000000000509,0.0,1841.43,0.0,234.0999999999994,0.0,0.0,4.547473508864641e-13,0.0,13648.60000000001,0.0,618.9000000000015,1235.599999999948,0.0,7.939800000000005,0.0,15.69,0.59,2.17,90.78,73.79,24.56,33.64,18.52,24.59,0.25,15.12,0,1,0.8087346716312451
La Libertad,2025,Enero,0.0,2912.0,0.0,601.0,0.0,665.0,11445.2,0.0,367.4,0.0,800.0,2355.0,1190.0,188.0,167.0,0.0,3330.0,89.0,61.7,765.26,1266.12,129.45,2090.7,3.6,28.81,0.0,0.0,0.0,6000.0,69.21000000000001,12.2,19.1,0.0,0.0,12533.1,1213.7,270.0,0.0,0.0,0.0,0.0,250.0,33.7,8.8,0.0,0.0,393934.2299999999,16545.93899999999,18696.0,0.0,425.5,0.0,1.0,14000.0,19.65,0.39,0.81,94.13,81.71,20.64,26.45,17.26,22.44,2.22,9.189999999999998,0,0,0.4448968610338642
La Libertad,2025,Febrero,0.0,0.0,0.0,3893.0,0.0,385.0,11628.76,0.0,562.7,0.0,2620.0,3542.0,1129.0,66.0,184.0,12.0,3199.0,80.5,486.03,1235.57,1759.07,198.98,2053.0,20.69,152.17,0.0,8.4,0.0,7528.68,102.14,18.44,28.669,0.0,0.0,39701.7,1510.7,242.5,0.0,0.0,0.0,1.05,187.5,11.45,0.0,0.0,0.0,449591.13,18723.26900000001,21259.0,0.0,377.8,0.0,0.0,7920.900000000001,17.77,0.4,1.61,94.04,82.59,21.82,27.21,18.95,23.48,1.92,8.260000000000002,0,0,0.4552674699326866
La Libertad,2025,Marzo,0.0,0.0,11.5,13985.0,0.0,0.0,15943.21,0.0,1041.05,0.0,396.0,2127.0,605.0,931.1,65.0,6.0,1692.5,195.5,9392.949999999995,1200.66,1869.879999999999,275.77,1963.1,30.35,154.8699999999999,10.44,12.64,0.0,2534.6,118.83,19.78,74.19,0.0,0.0,84581.9,1204.4,331.0,0.0,0.0,2.94,6.27,0.0,17.40000000000001,0.0,0.0,0.0,351439.1009999998,19916.90899999999,19413.0,0.0,414.1000000000001,0.0,0.0,1590.0,18.23,0.42,1.72,94.07,78.77,22.37,28.35,18.79,23.84,2.05,9.560000000000002,0,0,0.5740718002669678
La Libertad,2025,Abril,0.0,0.0,0.0,37100.0,0.0,0.0,9089.699999999995,0.0,614.5,0.0,2450.0,872.0,1366.0,605.0,1304.0,62.81,2089.5,2287.6,25000.0,1211.388,784.1000000000004,209.789,1957.55,69.60000000000001,114.699,92.087,873.5200000000001,0.0,1764.199999999999,63.93000000000001,8.119999999999997,64.84,0.0,0.0,97554.0,1119.35,440.2000000000001,0.0,72.0,39.389,12.03,36.0,1.649999999999999,0.0,0.0,0.0,350700.1899999999,17978.47,23638.0,0.0,420.5,0.0,0.0,500.0,19.11,0.42,0.73,94.07,82.2,20.55,26.96,16.91,21.82,2.32,10.05,0,0,0.4305833426168948
La Libertad,2025,Mayo,0.0,0.0,6.0,142626.0,0.0,0.0,11968.7,0.0,790.0999999999999,0.0,5000.0,1201.0,1565.0,857.0,1150.5,277.5,3485.0,3020.4,50000.0,1157.359,221.8199999999997,326.338,1710.3,87.94999999999999,121.677,112.35,1027.95,0.0,1700.0,61.469,9.520000000000003,101.23,2.359,0.0,98182.69999999998,939.6000000000004,348.45,1169.0,2237.0,51.2,9.420000000000002,0.0,35.2,0.0,0.0,0.0,286848.192,15135.97,26883.0,0.0,2690.4,0.0,0.0,700.0,17.33,0.4,0.44,94.09,77.8,20.22,28.42,16.31,21.34,2.36,12.11,0,0,0.5261928525851354
La Libertad,2025,Junio,1583.5,0.0,2644.8,135088.2,1878.7,15.29999999999996,15266.95,0.0,346.8499999999999,5900.0,1200.0,2210.0,2584.200000000001,1473.0,999.5,623.2,3379.349999999999,4847.549999999999,65690.43999999997,1178.519000000001,163.9689999999991,171.6179999999997,1246.673000000001,138.0000000000001,125.496,209.0000000000001,156.7500000000004,0.0,3600.0,84.30799999999999,8.829999999999998,125.8,71.5,0.0,106426.6,1647.299999999999,1053.200000000001,3171.9,4131.0,38.81,6.449999999999996,36.0,1287.45,0.0,433.05,548.5,264133.5690000004,19559.329,32664.0,0.0,4163.499999999999,0.0,0.0,1550.0,14.73,0.45,2.58,94.15,79.62,19.55,26.62,15.58,20.49,2.44,11.04,0,0,0.4634124409198024
La Libertad,2025,Julio,21908.5,0.0,9440.0,1920.0,21696.9,1126.55,11578.5,0.0,459.5499999999997,15300.0,445.0,1581.1,3812.5,1020.5,451.1000000000004,296.5,8882.900000000001,3653.200000000001,67001.35999999999,1163.19,105.0200000000004,114.03,1678.82,53.63,102.9,251.849,3262.73,0.0,2242.0,31.36899999999997,0.5300000000000011,77.99000000000001,102.0,0.0,64768.5,1493.549999999999,1356.8,1372.0,2890.5,58.499,1.0,108.0,1497.200000000001,0.0,2608.8,5801.1,462090.3080000002,18767.719,27196.0,0.0,2852.0,0.0,0.0,7210.0,18.27,0.43,0.01,94.12,71.26,19.9,27.98,15.48,20.59,2.34,12.5,0,0,0.6678514037182643
La Libertad,2025,Agosto,24473.5,0.0,7376.299999999999,0.0,26728.75,1277.2,14122.22900000001,600.0,475.6000000000004,0.0,700.0,1196.0,2077.279999999999,431.0,60.0,70.0,6670.0,56.0,49011.71800000002,1141.610000000001,79.4399999999996,77.09999999999991,1659.0,36.0,835.0419999999998,195.509,3758.0,0.0,2007.14,12.29999999999996,0.0,18.05000000000001,229.37,0.0,24373.0,1619.299999999999,758.5,285.0,582.0,0.6500000000000057,0.0,0.0,403.5,0.0,2494.9,4172.4,466736.1867,18597.18999999999,22035.0,0.0,1962.6,0.0,0.0,24007.43,19.82,0.39,0.02,94.18,71.61,19.3,26.64,14.83,20.92,2.64,11.81,0,0,0.6355910091584791
La Libertad,2025,Septiembre,14347.67,0.0,3759.100000000002,12.0,10759.04,1688.9,12177.25,4802.0,554.3999999999996,0.0,1100.0,1262.0,1648.0,211.6000000000004,547.0,30.0,14984.5,449.0,30646.79799999995,809.3989999999994,72.84000000000015,232.7500000000004,1970.820000000001,81.05899999999997,0.0,150.0969999999999,3036.700000000001,0.0,2122.028999999998,15.25,2.199999999999989,0.2699999999999818,143.22,0.0,22594.95999999996,2433.66,1094.049999999999,146.5,839.5,8.949999999999989,2.650000000000006,97.0,584.7999999999997,0.0,1046.4,1983.530000000001,487147.8303,19390.859,25828.0,0.0,693.5,0.0,0.0,42009.95,20.87,0.39,0.19,94.15,70.1,19.62,26.67,14.27,21.72,2.7,12.4,0,0,0.6828458382343883
La Libertad,2025,Octubre,2067.0,0.0,81.0,21.0,2533.5,1088.5,13223.52,8423.8,371.0,0.0,2500.0,1000.999999999998,563.0,612.0,240.0,0.0,6756.0,42.0,5981.349999999977,1061.208,0.6000000000003638,165.99,1352.320000000002,115.849,0.0,155.5000000000001,0.430000000000291,0.0,6798.879000000001,3.950000000000045,0.0,0.0,120.3,0.0,20707.80000000005,2007.0,2169.8,0.0,0.0,0.0,0.0,0.0,210.5,197.0,40.10000000000037,8.0,507573.9300000002,19757.226,19725.5,0.0,421.0,0.0,0.0,41559.45999999999,21.0,0.39,0.87,94.11,73.95,19.61,25.92,15.64,21.54,2.52,10.28,0,0,0.5945516096548469
La Libertad,2025,Noviembre,0.0,0.0,17.0,581.0,0.0,1099.0,15379.17000000001,10465.0,374.5,0.0,6508.0,845.0,176.7999999999993,43.5,180.0,0.0,1411.0,16.0,5645.568000000028,1009.049999999999,7.720000000000255,72.91000000000008,1678.779999999999,138.77,0.0,142.269,0.0,0.0,13523.617,1.789999999999964,0.0,0.0,0.0,0.0,28045.25,2337.5,447.5,0.0,8.0,0.0,0.0,84.0,151.4000000000001,14.0,10.0,0.0,529258.3320537806,19377.44699999999,11980.0,0.0,420.0,0.0,0.0,32479.00899999999,23.17,0.39,0.5,94.07,76.08,19.38,28.9,14.29,21.31,2.36,14.61,0,0,0.5381896343313082
La Libertad,2025,Diciembre,385.0,0.0,18.0,0.0,189.0,0.0,16694.31999999998,40.0,111.5,0.0,120.0,679.0,1350.000000000004,32.0,0.0,0.0,640.0,16.0,3556.478000000003,1313.137000000001,84.34800000000087,464.4069999999999,1738.399999999994,84.06999999999994,0.0,164.9769999999999,0.0,0.0,13134.68,0.0,0.0,7.150000000000091,0.0,0.0,25540.52000000002,2019.900000000001,505.2999999999993,92.5,361.5,0.0,0.0,70.0,136.5,6.0,0.0,0.0,502902.4267642498,24111.29500000007,22736.0,0.0,428.7000000000007,0.0,0.0,24028.77899999998,23.17,0.38,0.06,94.1,72.05,19.7,25.76,15.26,21.63,2.25,10.5,0,0,0.6414897341221928
Piura,2025,Enero,0.0,418.0,166.0,38500.0,0.0,0.0,0.0,0.0,0.0,210.0,400.0,0.0,0.0,111.0,27.0,0.0,0.0,0.0,110.0,28500.0,165000.0,107.0,0.0,33.0,21118.0,0.0,0.0,0.0,7000.0,0.0,0.0,0.0,0.0,0.0,775.0,1574.0,212.0,0.0,0.0,0.0,42.0,0.0,0.0,0.0,13.0,0.0,83476.39,100.0,0.0,0.0,0.0,0.0,0.0,370.0,14.78,0.53,1.57,91.53,66.24,23.64,35.61,17.56,25.63,2.0,18.05,0,1,0.9857751388265357
Piura,2025,Febrero,0.0,0.0,0.0,2500.0,0.0,0.0,0.0,0.0,0.0,430.0,520.0,0.0,0.0,0.0,72.0,10.0,60.0,60.0,33.0,27500.0,33000.0,48.0,0.0,36.0,20195.0,55.0,0.0,0.0,180.0,0.0,0.0,0.0,0.0,0.0,2062.0,812.0,174.0,0.0,0.0,0.0,84.0,0.0,47.0,0.0,0.0,0.0,33308.177,128.0,0.0,0.0,0.0,0.0,0.0,60.0,13.92,0.55,3.23,91.47,72.33,23.73,33.0,18.05,25.47,2.0,14.95,0,1,0.8123371283358005
Piura,2025,Marzo,0.0,0.0,98.0,0.0,0.0,0.0,0.0,0.0,0.0,350.0,500.0,0.0,0.0,0.0,125.0,0.0,0.0,0.0,310.0,28486.0,6000.0,29.0,0.0,10.0,22493.0,94.0,0.0,0.0,153.0,0.0,0.0,0.0,0.0,0.0,1150.0,346.0,47.0,0.0,0.0,0.0,57.0,0.0,47.0,0.0,0.0,0.0,0.0,23.0,0.0,0.0,0.0,622.0,0.0,0.0,15.11,0.56,3.4,91.52,71.4,24.14,34.33,18.59,25.41,1.44,15.74,0,1,0.8605697662146814
Piura,2025,Abril,0.0,0.0,135.0,700.0,27.0,0.0,0.0,0.0,0.0,150.0,650.0,0.0,20.0,60.0,43.0,50.0,310.0,0.0,1500.0,25500.0,350.0,4.0,0.0,32.0,23000.0,98.0,0.0,0.0,3500.0,0.0,0.0,0.0,0.0,0.0,313.0,711.0,3.0,203.0,88.0,175.0,90.0,24.0,211.0,0.0,33.0,3.0,1261.0,227.0,0.0,0.0,0.0,0.0,0.0,0.0,15.38,0.56,1.58,91.47,70.71,23.91,35.21,17.87,25.08,1.4,17.34,0,1,0.8692507946595143
Piura,2025,Mayo,0.0,0.0,283.0,33375.0,0.0,0.0,0.0,0.0,0.0,800.0,0.0,0.0,96.0,0.0,35.0,0.0,0.0,24.0,1800.0,26000.0,5.0,47.0,0.0,4.0,19500.0,145.0,0.0,0.0,1200.0,0.0,0.0,0.0,0.0,0.0,3285.0,489.0,407.0,224.0,165.0,364.0,61.0,15.0,299.0,0.0,124.0,17.0,87535.86,63.0,0.0,0.0,0.0,0.0,0.0,2200.0,14.51,0.54,0.31,91.5,60.2,24.74,36.58,17.41,26.21,1.29,19.17,0,1,1.241340616847988
Piura,2025,Junio,66.0,0.0,2911.0,209537.0,0.0,0.0,0.0,0.0,0.0,300.0,600.0,0.0,112.0,92.0,16.0,32.0,600.0,33.0,217.0,25000.0,490.0,24.0,0.0,33.0,1994.0,46.0,0.0,0.0,275.0,0.0,0.0,0.0,0.0,0.0,2025.0,498.0,705.0,397.0,355.0,382.0,46.0,0.0,160.0,0.0,523.0,0.0,74063.67200000005,139.0,0.0,0.0,0.0,0.0,0.0,50.0,13.78,0.57,3.71,91.54,69.75,22.99,34.74,15.88,23.87,1.1,18.86,0,1,0.8493131780001182
Piura,2025,Julio,2199.0,0.0,4644.0,114784.0,194.0,0.0,0.0,0.0,0.0,700.0,1600.0,0.0,132.0,0.0,0.0,10.0,80.0,0.0,262.0,24800.0,75.0,24.0,0.0,8.0,13931.0,159.0,0.0,0.0,650.0,0.0,0.0,0.0,0.0,0.0,1148.0,1004.0,267.0,369.0,882.0,999.0,69.0,0.0,1385.0,0.0,213.0,476.0,94445.59999999998,171.0,0.0,0.0,0.0,0.0,0.0,65.0,16.37,0.53,0.14,91.51,55.55,24.54,36.82,15.76,25.96,1.28,21.06,0,1,1.369908779801507
Piura,2025,Agosto,8133.0,0.0,6656.0,300.0,206.0,0.0,0.0,0.0,0.0,2250.0,600.0,0.0,74.0,191.0,54.0,480.0,869.0,0.0,221.0,23004.0,2000.0,0.0,0.0,120.0,136731.0,95.0,0.0,0.0,2400.0,0.0,0.0,0.0,0.0,0.0,2593.0,1083.0,552.0,155.0,189.0,1547.0,150.0,66.0,2522.0,0.0,128.0,2077.0,88254.99300000002,186.0,0.0,0.0,0.0,9.0,0.0,250.0,16.61,0.52,0.12,91.55,53.38,24.58,36.58,16.8,26.59,1.52,19.78,0,1,1.440225144562738
Piura,2025,Septiembre,2870.0,0.0,3367.0,1097.0,495.0,0.0,0.0,0.0,0.0,3050.0,600.0,362.0,0.0,41.0,24.0,0.0,70.0,0.0,1903.0,23488.0,5891.0,918.0,0.0,0.0,0.0,52.0,0.0,0.0,3000.0,0.0,0.0,0.0,0.0,0.0,1900.0,551.0,346.0,193.0,141.0,1091.0,705.0,138.0,881.0,0.0,0.0,866.0,95132.72499999998,1304.0,0.0,0.0,0.0,2416.0,0.0,1050.0,16.35,0.51,0.11,91.53,53.04,24.87,36.59,16.81,27.13,1.61,19.78,0,1,1.476059770154035
Piura,2025,Octubre,65.0,0.0,261.0,0.0,28.0,0.0,0.0,0.0,0.0,6300.0,1150.0,409.0,32.0,11.0,60.0,179.0,0.0,85.0,291.0,24943.0,15261.0,275.0,0.0,30.0,0.0,8.0,0.0,0.0,52058.0,0.0,0.0,0.0,0.0,0.0,1674.0,4651.0,86.0,0.0,0.0,305.0,176.0,285.0,225.0,0.0,6.0,30.0,106646.0,462.0,0.0,0.0,0.0,3253.0,0.0,1480.0,17.19,0.51,0.36,91.5,56.19,24.37,35.7,17.2,26.78,1.88,18.5,0,1,1.336525019459399
Piura,2025,Noviembre,1.0,0.0,22.0,53443.0,0.0,0.0,0.0,0.0,0.0,2050.0,1150.0,40.0,0.0,258.0,42.0,30.0,770.0,281.0,150.0,25521.0,35123.0,201.0,0.0,3.0,0.0,3.0,0.0,0.0,111950.0,0.0,0.0,0.0,0.0,0.0,1570.0,1032.0,538.0,0.0,0.0,89.0,147.0,64.0,6.0,0.0,20.0,14.0,108349.056,421.0,0.0,0.0,0.0,2300.0,0.0,1929.0,16.13,0.52,0.85,91.46,60.57,23.97,34.36,17.42,26.35,2.01,16.94,0,1,1.1744032828617
Piura,2025,Diciembre,0.0,0.0,0.0,76933.0,0.0,0.0,0.0,0.0,0.0,2520.0,350.0,76.0,0.0,0.0,16.0,15.0,22.0,114.0,236.0,0.0,100279.0,281.0,0.0,240.0,0.0,146.0,0.0,0.0,90040.0,0.0,0.0,0.0,0.0,0.0,1711.0,1082.0,2152.0,0.0,0.0,2990.0,439.0,9.0,0.0,0.0,0.0,0.0,120987.0,2264.0,0.0,0.0,0.0,518.0,0.0,0.0,16.13,0.51,0.11,91.46,52.62,24.08,35.68,15.45,26.76,2.28,20.23,0,1,1.42053646742451
Puno,2025,Enero,0.0,0.0,0.0,0.0,0.0,0.0,0.0,0.0,0.0,0.0,0.0,0.0,0.0,0.0,0.0,0.0,0.0,0.0,521.0,1055.0,0.0,406.6,124.2,15.5,0.0,0.0,0.0,0.0,0.0,0.0,0.0,0.0,0.0,0.0,71.0,0.0,0.0,0.0,0.0,0.0,0.0,0.0,0.0,0.0,0.0,0.0,0.0,45146.0,0.0,0.0,0.0,0.0,0.0,0.0,19.69,0.44,4.88,63.78,72.3,9.85,17.35,3.37,14.64,3.9,13.98,0,0,0.336730699197144
Puno,2025,Febrero,0.0,0.0,21.399,0.0,0.0,0.0,0.0,0.0,0.0,0.0,0.0,0.0,27.5,0.0,0.0,0.0,0.0,0.0,688.3,975.2,0.0,406.1999999999999,461.0000000000001,92.0,0.0,0.0,0.0,0.0,0.0,0.0,0.0,0.0,0.0,0.0,4861.0,0.0,0.0,0.0,0.0,0.0,0.0,0.0,0.0,0.0,0.0,0.0,0.0,162580.0,0.0,0.0,0.0,0.0,0.0,0.0,21.67,0.47,2.74,63.81,73.92,10.14,17.0,4.07,14.56,4.04,12.93,0,0,0.323258920855922
Puno,2025,Marzo,0.0,0.0,54.90000000000001,0.0,0.0,0.0,0.0,0.0,0.0,0.0,0.0,0.0,0.0,0.0,0.0,0.0,0.0,0.0,595.8,913.8,0.0,406.0000000000002,3.0,127.8,0.0,0.0,0.0,0.0,0.0,0.0,15.1,0.0,0.0,0.0,33002.55,0.0,0.0,0.0,0.0,0.0,0.0,0.0,51.5,0.0,0.0,0.0,0.0,587358.1,0.0,0.0,974.0,0.0,0.0,0.0,19.42,0.55,6.07,63.85,78.8,9.73,15.87,2.49,13.77,3.69,13.38,0,0,0.2556469398387315
Puno,2025,Abril,1106.999,0.0,2007.009,0.0,14218.428,27504.22699999999,0.0,0.0,0.0,0.0,0.0,0.0,173.05,0.0,18.0,251.5,5133.740000000002,0.0,164.8499999999999,974.5,0.0,411.6999999999998,0.0,103.6,1.5,129.4,56.51900000000001,0.0,0.0,0.0,81.0,0.0,0.0,0.0,475718.045,5698.5,1045.85,23049.759,10968.84,83.5,2.4,0.0,155.34,0.0,10203.106,488.1700000000001,0.0,849396.0000000001,0.0,253203.469,1663642.549,0.0,0.0,0.0,20.98,0.57,2.09,63.83,70.7,9.86,16.76,4.5,13.47,2.98,12.26,0,0,0.3564198862072575
Puno,2025,Mayo,790.6800000000001,0.0,3587.58,0.0,16746.136,11414.53,0.0,0.0,0.0,0.0,0.0,0.0,552.3790000000001,0.0,16.0,41.0,1383.379999999999,0.0,0.0,1322.2,0.0,411.9300000000001,0.0,96.23000000000002,13.54,5960.5,1278.13,0.0,0.0,0.0,122.1,0.0,0.0,0.0,525363.935,19903.66,587.4300000000001,15347.98899999999,9289.031000000004,232.63,80.0,0.0,384.65,0.0,6741.978999999999,371.39,0.0,495402.8999999999,0.0,85744.00000000003,1530942.43,0.0,8.4,0.0,19.64,0.53,0.51,63.93,66.94,9.16,15.28,3.45,12.09,2.77,11.83,0,0,0.3836582931955078
Puno,2025,Junio,0.0,0.0,55.91000000000077,0.0,474.0200000000005,0.0,0.0,0.0,0.0,0.0,0.0,0.0,9.299999999999956,0.0,0.0,0.0,0.0,0.0,0.0,997.3999999999996,0.0,419.0000000000002,0.0,117.85,22.75,8237.2,2118.2,0.0,0.0,0.0,120.7,0.0,0.0,0.0,27674.81999999983,15563.0,523.9999999999998,624.1200000000026,99.76999999999316,4286.5,219.7,0.0,70.36000000000001,0.0,37.81000000000495,0.0,0.0,103998.7999999998,0.0,0.0,12144.83000000008,0.0,7.5,0.0,19.06,0.56,3.83,63.87,61.03,7.94,15.08,1.47,10.03,2.64,13.61,1,0,0.4163390746759608
Puno,2025,Julio,0.0,0.0,0.0,0.0,0.0,0.0,0.0,0.0,0.0,0.0,0.0,0.0,0.0,0.0,0.0,0.0,0.0,0.0,0.0,983.0,0.0,409.5,0.0,98.20000000000005,17.0,7070.199999999999,2417.0,0.0,0.0,0.0,76.0,0.0,0.0,0.0,0.0,5564.0,0.0,0.0,0.0,1707.5,288.4,0.0,0.0,0.0,0.0,0.0,0.0,0.0,0.0,0.0,0.0,0.0,2.999999999999998,0.0,19.74,0.53,0.07,63.94,58.94,7.88,13.87,1.93,10.19,2.38,11.94,1,0,0.4368775077392286
Puno,2025,Agosto,0.0,0.0,0.0,0.0,0.0,0.0,0.0,0.0,0.0,0.0,0.0,0.0,0.0,0.0,0.0,0.0,0.0,0.0,0.0,1030.499999999999,0.0,417.0,0.0,72.5,58.69,1501.5,1320.9,0.0,0.0,0.0,7.199999999999989,0.0,0.0,0.0,0.0,11540.0,0.0,0.0,0.0,799.3999999999996,163.1,0.0,0.0,0.0,0.0,0.0,0.0,0.0,0.0,0.0,0.0,0.0,0.0,0.0,23.07,0.49,0.08,63.85,57.24,8.16,15.91,1.87,11.46,2.76,14.04,1,0,0.4637235264150996
Puno,2025,Septiembre,6.821210263296962e-13,0.0,0.0,0.0,0.0,0.0,0.0,0.0,0.0,0.0,0.0,0.0,0.0,0.0,0.0,0.0,0.0,0.0,23.0,1196.4,0.0,380.1999999999998,0.0,76.29999999999995,0.0,3352.3,512.0,0.0,0.0,0.0,13.0,0.0,0.0,0.0,0.0,0.0,0.0,0.0,0.0,1186.1,0.0,0.0,0.0,0.0,0.0,0.0,0.0,0.0,0.0,0.0,0.0,0.0,5.0,0.0,22.85,0.45,1.17,63.94,69.59,8.67,17.93,2.76,13.24,3.43,15.17,0,0,0.3414067480012054
Puno,2025,Octubre,0.0,0.0,0.0,0.0,0.0,0.0,0.0,0.0,0.0,0.0,0.0,0.0,0.0,0.0,0.0,0.0,0.0,0.0,0.0,1239.5,0.0,428.6999999999998,2891.0,80.29999999999995,0.0,0.0,0.0,0.0,0.0,0.0,0.0,0.0,0.0,0.0,0.0,2825.0,0.0,0.0,0.0,0.0,0.0,0.0,0.0,0.0,0.0,0.0,0.0,0.0,0.0,0.0,0.0,0.0,0.0,0.0,26.18,0.44,0.94,63.81,66.85,9.88,17.21,4.1,14.99,3.33,13.11,0,0,0.4037945904174592
Puno,2025,Noviembre,0.0,0.0,0.0,0.0,0.0,0.0,0.0,0.0,0.0,0.0,0.0,0.0,0.0,0.0,0.0,0.0,0.0,0.0,30.20000000000005,1232.700000000001,0.0,420.6999999999998,7591.000000000001,75.79999999999995,0.0,0.0,0.0,0.0,0.0,0.0,0.0,0.0,0.0,0.0,0.0,0.0,0.0,0.0,0.0,0.0,0.0,0.0,0.0,0.0,0.0,0.0,0.0,3115.0,0.0,0.0,0.0,0.0,0.0,0.0,26.37,0.42,0.9,63.76,63.05,10.83,17.86,4.35,16.07,3.27,13.51,0,0,0.4795781793597284
Puno,2025,Diciembre,0.0,0.0,0.0,0.0,0.0,7.275957614183426e-12,0.0,0.0,0.0,0.0,0.0,0.0,1.136868377216161e-13,0.0,0.0,0.0,0.0,0.0,311.9999999999998,1579.0,0.0,417.0,11064.0,95.69999999999982,0.0,0.0,0.0,0.0,0.0,0.0,0.0,0.0,0.0,0.0,31616.0,0.0,0.0,0.0,0.0,0.0,0.0,0.0,0.0,0.0,3.637978807091713e-12,2.273736754432321e-13,0.0,77148.70000000019,0.0,0.0,4.656612873077393e-10,0.0,0.0,0.0,26.37,0.41,1.66,63.66,65.88,10.52,19.14,3.78,15.53,3.25,15.36,0,0,0.4337918118000783
San Martin,2025,Enero,0.0,17761.4,0.0,49091.7,0.0,0.0,0.0,0.0,0.0,0.0,0.0,139.0,0.0,0.0,0.0,0.0,0.0,0.0,36.5,33749.5,299.5,2383.0,1483.5,0.0,338.0,1759.5,15.5,0.0,59.0,0.0,0.0,0.0,0.0,44152.45,0.0,6224.200000000001,0.0,0.0,0.0,2471.8,3369.5,0.0,82.99000000000001,0.0,0.0,0.0,0.0,0.0,0.0,0.0,0.0,0.0,0.0,0.0,16.77,0.55,1.43,90.29,69.17,23.8,31.98,18.08,23.77,0.02,13.9,0,0,0.9089262884337495
San Martin,2025,Febrero,0.0,0.0,0.0,57702.69999999999,0.0,0.0,0.0,0.0,0.0,0.0,0.0,86.0,0.0,0.0,0.0,0.0,0.0,0.0,21.0,40102.0,103.0,2374.0,1394.0,0.0,556.7,2629.0,9.0,0.0,96.0,0.0,0.0,0.0,0.0,37201.75,0.0,3777.5,0.0,0.0,0.0,4081.0,3443.4,0.0,12.81,0.0,0.0,0.0,0.0,0.0,0.0,0.0,0.0,0.0,0.0,0.0,14.41,0.55,2.09,90.23,73.52,23.85,31.8,17.77,23.84,0.01,14.03,0,0,0.7830296939924137
San Martin,2025,Marzo,0.0,0.0,0.0,75217.20000000001,0.0,0.0,0.0,0.0,0.0,0.0,0.0,118.5,0.0,0.0,0.0,0.0,0.0,0.0,36.5,59928.9,39.0,2002.7,1768.5,0.0,725.3500000000001,3441.0,16.0,0.0,136.0,0.0,0.0,0.0,0.0,45018.82000000001,0.0,9140.8,0.0,0.0,0.0,10786.42,5130.85,0.0,176.3399999999999,0.0,0.0,0.0,0.0,0.0,0.0,0.0,0.0,0.0,0.0,0.0,14.64,0.58,3.0,90.33,79.43,22.66,30.2,18.29,22.58,0.04,11.91,0,0,0.5661045997354175
San Martin,2025,Abril,0.0,0.0,0.0,74646.80000000002,0.0,0.0,0.0,0.0,0.0,0.0,0.0,211.5,0.0,0.0,0.0,0.0,0.0,0.0,30.5,38238.0,20.5,1696.000000000001,2006.0,0.0,735.0999999999999,4743.0,36.0,0.0,108.0,0.0,0.0,0.0,0.0,41607.00000000001,0.0,9106.4,0.0,0.0,0.0,22433.5,8755.7,0.0,111.84,0.0,0.0,0.0,0.0,0.0,0.0,0.0,0.0,0.0,0.0,0.0,15.16,0.58,2.8,90.34,77.88,23.0,30.58,18.02,22.93,0.04,12.56,0,0,0.6214272534297631
San Martin,2025,Mayo,0.0,0.0,0.0,91726.5,0.0,0.0,0.0,0.0,0.0,0.0,0.0,198.05,15.0,0.0,0.0,0.0,0.0,0.0,42.5,39916.0,0.0,1826.0,1950.0,0.0,606.0,5279.0,73.0,0.0,127.0,0.0,0.0,0.0,0.0,42637.95000000001,0.0,9258.299999999996,0.0,0.0,0.0,22512.0,9476.8,0.0,91.24,0.0,0.0,0.0,0.0,0.0,0.0,0.0,0.0,0.0,0.0,0.0,15.19,0.59,2.13,90.49,79.15,22.52,30.02,16.52,22.34,0.08,13.5,0,0,0.5689568450403657
San Martin,2025,Junio,0.0,0.0,0.0,53211.5,0.0,0.0,0.0,0.0,0.0,0.0,0.0,106.5,14.0,0.0,0.0,0.0,0.0,0.0,26.0,15642.60000000001,0.0,2371.0,1892.0,0.0,698.2999999999997,7097.0,51.0,0.0,118.0,0.0,0.0,0.0,0.0,38247.98999999996,0.0,6583.700000000004,0.0,0.0,0.0,13203.28,7242.880000000005,0.0,3.180000000000007,0.0,0.0,0.0,0.0,0.0,0.0,0.0,0.0,0.0,0.0,0.0,14.32,0.57,2.11,90.54,78.04,22.17,29.16,16.44,22.03,0.06,12.72,0,0,0.5866314940313275
San Martin,2025,Julio,0.0,0.0,0.0,85874.0,0.0,0.0,0.0,0.0,0.0,0.0,0.0,110.2,0.0,0.0,0.0,0.0,0.0,0.0,40.0,35272.0,0.0,2277.0,1550.0,0.0,394.5,21821.0,40.0,0.0,110.7,0.0,0.0,0.0,0.0,47805.99999999997,0.0,10666.8,0.0,0.0,0.0,5274.5,7837.75,0.0,32.81999999999999,0.0,0.0,0.0,0.0,0.0,0.0,0.0,0.0,0.0,0.0,0.0,16.51,0.55,0.31,90.64,67.24,22.52,30.53,14.72,22.34,0.07,15.81,0,0,0.8939580932145033
San Martin,2025,Agosto,0.0,0.0,0.0,70507.59999999998,0.0,0.0,0.0,0.0,0.0,0.0,0.0,202.5999999999999,0.0,0.0,0.0,0.0,0.0,0.0,29.0,32032.0,0.0,2139.0,1556.0,0.0,4257.25,9870.0,0.0,0.0,90.20000000000005,0.0,0.0,0.0,0.0,48152.0,0.0,10120.7,0.0,0.0,0.0,3149.600000000006,4532.25,0.0,233.33,0.0,0.0,0.0,0.0,0.0,0.0,0.0,0.0,50.95,0.0,0.0,17.69,0.53,0.66,90.52,65.23,23.91,32.44,17.32,23.79,0.05,15.12,0,1,1.031882899635074
San Martin,2025,Septiembre,0.0,0.0,0.0,71141.59999999998,0.0,0.0,0.0,0.0,0.0,0.0,0.0,285.2,27.0,0.0,0.0,0.0,0.0,0.0,16.0,44512.0,0.0,1817.0,4087.0,0.0,0.0,2139.0,0.0,0.0,98.89999999999998,0.0,0.0,0.0,0.0,37804.57000000001,0.0,13225.0,0.0,0.0,0.0,669.8999999999942,6389.099999999999,0.0,620.95,0.0,0.0,0.0,0.0,0.0,0.0,0.0,0.0,62.65000000000001,0.0,0.0,16.27,0.54,1.63,90.47,67.46,24.11,32.48,17.46,24.02,0.05,15.02,0,1,0.977363979683874
San Martin,2025,Octubre,0.0,0.0,0.0,71257.59999999998,0.0,0.0,0.0,0.0,0.0,0.0,0.0,432.0,0.0,0.0,0.0,0.0,0.0,0.0,94.0,37161.0,135.0,1883.349999999998,2288.0,0.0,0.0,1185.949999999997,0.0,0.0,111.1999999999999,0.0,0.0,0.0,0.0,54699.90999999997,0.0,8441.5,0.0,0.0,0.0,0.3000000000029104,2967.0,0.0,341.6900000000001,0.0,0.0,0.0,0.0,0.0,0.0,0.0,0.0,47.8,0.0,0.0,17.05,0.55,2.82,90.33,73.83,23.5,32.33,17.97,23.42,0.04,14.36,0,1,0.7577355912073069
San Martin,2025,Noviembre,0.0,0.0,0.0,76829.30000000005,0.0,0.0,0.0,0.0,0.0,0.0,0.0,270.0000000000002,0.0,0.0,0.0,0.0,0.0,0.0,69.0,41948.0,302.0,1958.0,2523.0,0.0,0.0,1850.5,20.0,0.0,228.2,0.0,0.0,0.0,0.0,45938.22999999998,0.0,9348.600000000006,0.0,0.0,0.0,0.0,2834.699999999997,0.0,216.5999999999999,0.0,0.0,0.0,0.0,0.0,0.0,0.0,0.0,196.0,0.0,0.0,17.24,0.59,7.08,90.23,77.49,23.38,31.42,17.1,23.35,0.02,14.32,0,0,0.6470650389778592
San Martin,2025,Diciembre,0.0,0.0,0.0,70021.09999999998,0.0,0.0,0.0,0.0,0.0,0.0,0.0,486.4299999999998,0.0,0.0,0.0,0.0,0.0,0.0,268.0,53700.0,642.0,6108.650000000001,2247.5,0.0,0.0,7418.550000000003,32.0,0.0,37.5,0.0,0.0,0.0,0.0,56434.49000000011,0.0,8748.400000000009,0.0,0.0,0.0,36.30000000000291,3722.349999999999,0.0,83.73000000000025,0.0,0.0,0.0,0.0,0.0,0.0,0.0,0.0,0.0,0.0,0.0,17.24,0.6,1.61,90.12,78.82,22.91,30.96,17.1,22.9,0.01,13.86,0,0,0.591788057234814
