region,anos,mes,trigo,maiz_a_duro,maiz_amilaceo,arroz_cascara,cebada_grano,quinua,esparrago,alcachofa,aji,piquillo,pimiento,tomate,zapallo,arveja_verde,zanahoria,ajo,cebolla,maiz_choclo,palta,platano,mango,papaya,pina,granadilla,limon_sutil,naranja,mandarina,tangelo,uva,manzana,melocoton,tuna,aceituna,palma_aceitera,papa,yuca,camote,oca,olluco,cafe_pergamino,cacao,paprika,frijol_grano_seco,pallar_grano_seco,haba_seca,arveja_seca,cana_para_azucar,alfalfa,maiz_chala,cebada_forrajera,avena_forrajera,algodon_rama,oregano,arandano,allsky_sfc_sw_dwn,gwetroot,prectotcorr,ps,rh2m,t2m,t2m_max,t2m_min,ts,ws2m,amplitud_termica,riesgo_helada,estres_calor,vpd_kpa
Ica,2020,Enero,0.0,0.7685014629037213,0.0,-0.0013179181456576604,0.0,0.0,1.500383976885352,0.0,1.8459167252204265,0.0,0.1592072072072072,35.5123243820025,1.4411236023520098,-0.11929688634932932,0.0,0.2898550724637682,5.23730502673675,0.6636429215509468,-0.11196434881786975,-0.07117278603206581,2.5682128657355485,-0.3996706011528959,-0.3114104595879556,-0.3379061371841155,0.08239082449686216,-0.03285880650209489,-0.021120186697782962,0.0,31.77212183555074,0.0,0.6512006512006511,3371533659319302.0,0.0,0.0,-0.10607940941072963,-0.18014121944458034,1.0889039845458213,0.0,0.0,-0.016632420775175228,-0.03053269870988585,1.7283223374175303,-0.30536910347791746,23.45,0.0,0.0,0.0,0.03559130541505459,0.0,0.0,0.0,1432.79,0.0,0.0,22.25,0.33,0.12,95.82,78.45,21.96,27.55,18.21,23.95,2.99,9.34,0,0,0.5683609105395417
Ica,2020,Febrero,0.0,1.1530584364576097,0.057640021750951495,-0.0013179181456576604,0.0,0.0,1.5278650631724349,0.0,0.64099367619393,0.0,0.0,13.769055664236182,0.6759284647960274,-0.03302503510725873,0.0,0.24396135265700486,1.00320613208353,-0.17134355275022542,-0.09063458173130853,-0.07106534038445397,9.840815577530838,-0.3838803707044167,-0.3114104595879556,-0.3927797833935018,0.14402250595109284,-0.03285880650209489,0.12823803967327888,0.0,20.136270053172574,10.885625278148616,33.98453398453398,3779241366991664.5,0.0,0.0,-0.10607940941072963,-0.137742771880045,2.0361092831214043,0.0,0.0,-0.016632420775175228,-0.03053269870988585,2.8139726672950043,-0.35952577098033517,30.95,0.0,0.0,0.0,0.07593800741680662,0.0,0.0,0.0,505.7000000000001,0.0,0.0,23.67,0.33,0.16,95.77,79.22,22.85,27.98,19.51,24.72,2.84,8.469999999999999,0,0,0.5785065136603835
Ica,2020,Marzo,0.0,0.7676430742608636,0.0,-0.0013179181456576604,0.0,0.0,1.485562215660681,0.0,1.0384037111750795,0.0,0.0,10.814476258225154,0.2934527617828958,-0.074359595176989,0.7148936170212766,0.0,0.25555663122647365,-0.17134355275022542,0.9194653169099782,-0.07050125073449173,3.409744112549699,-0.39371005058625147,-0.3114104595879556,-0.3927797833935018,0.2582834884224194,-0.03285880650209489,5.829521586931155,0.0,10.654166446059712,21.64485981308406,9.930809930809929,1002754604531711.4,1586.65,0.0,-0.10027923617683225,-0.13500317988356733,1.53034580847857,0.0,0.0,-0.016632420775175228,-0.03053269870988585,2.811616399622997,-0.35952577098033517,16.00000000000001,0.0,0.0,0.0,0.05032886665944285,0.0,0.0,0.0,2198.23,0.0,0.0,22.84,0.33,0.2,95.82,78.16,22.62,27.86,19.17,24.34,2.7,8.689999999999998,0,0,0.5995996848700633
Ica,2020,Abril,0.0,1.0019922813328919,0.12887438825448588,-0.0013179181456576604,0.0,0.0,1.4941967533043554,0.0,0.6765036983310289,0.0,0.0,1.910190289880843,0.7678152515004726,0.05502881216405984,0.0,0.0,5.020805120699769,-0.17134355275022542,1.4819482033691738,-0.07060533870561571,0.4418799062085835,-0.3899454923336339,-0.3114104595879556,-0.3927797833935018,1.7173616100411162,-0.03285880650209489,13.488424737456244,0.0,1.635885062513707,42.99065420560737,0.0,0.0,2891.8,0.0,-0.09818644317488523,-0.1509189048154852,1.4797163903453838,0.0,0.0,-0.016632420775175228,-0.03053269870988585,1.3741753063147972,-0.35952577098033517,25.25,0.0,0.0,0.0,0.06181402595886902,0.0,0.0,0.0,2794.75,0.0,0.0,22.14,0.33,0.04,95.9,73.38,21.48,27.26,16.69,22.83,2.7,10.57,0,0,0.6817912619593094
Ica,2020,Mayo,0.0,-0.2561219959243616,0.0,-0.0013179181456576604,0.0,0.0,1.4264899950577232,0.0,1.4850744577166304,0.0,0.0,4.117197225680239,0.6977424367059688,0.23574645295627328,0.0,0.0,4.532252094236365,-0.17134355275022542,4.47144016132753,-0.07071949970620331,-0.014231827913141029,-0.381266094140099,-0.3114104595879556,-0.3927797833935018,0.19336247565462006,-0.005945562301939681,16.87561260210035,0.0,-0.03452057695653159,24.370271473075153,0.0,0.0,2232.63,0.0,-0.10071801996757625,-0.15851148834858045,2.682828454369839,0.25679012345679014,0.0,-0.016632420775175228,-0.03053269870988585,5.372879359095193,-0.35952577098033517,6.299999999999997,0.0,0.0,0.0,0.06311535451694616,0.0,0.0,0.0,2463.628999999999,0.0,0.0,15.79,0.32,0.03,95.9,69.33,20.0,25.6,15.49,20.76,2.54,10.11,0,0,0.717127383446827
Ica,2020,Junio,0.5476081018956706,5.866352075957147,0.0,-0.0013179181456576604,2.268346923647183,0.0,0.0,0.0,1.864049502481924,0.0,0.0,2.183496354259297,2.240075556774214,0.16589995641857536,0.0,0.0,4.349565207487433,0.3635491433724076,3.126952319083163,-0.07158410140182994,-0.014231827913141029,-0.3843509404859939,-0.3114104595879556,-0.3927797833935018,1.1154139796580829,0.24356435953266523,14.91978996499417,1333.9,-0.03421803026979599,0.38718291054738746,0.0,0.0,1.5,0.0,-0.10416795752230103,-0.15864194511031748,4.756299488398751,0.151440329218107,0.0,-0.016632420775175228,-0.03053269870988585,0.0,-0.35952577098033517,0.0,0.0,0.0,0.0,0.029891265662623366,0.0,0.0,0.0,938.6900000000024,0.0,0.0,12.75,0.32,0.0,95.94,72.46,17.99,24.05,13.9,18.7,3.12,10.15,0,0,0.568046719737022
Ica,2020,Julio,1.077638659779875,0.6763351131046573,0.1837955410549208,-0.0013179181456576604,0.7261675315048304,0.0,3.083810368643156,0.5193423083062839,3.697575496573661,0.0,0.0,2.2473768451004767,3.7715260640404606,0.18565686891675945,0.0,0.0,1.8122675838975857,1.9740126239855724,2.5967840297601072,-0.07137827583312348,-0.014231827913141029,-0.3657372913480516,-0.3114104595879556,-0.3927797833935018,0.8927089374594243,1.7329427930905152,20.750221703617274,19477.3,0.05170522876311351,0.24922118380061842,0.0,0.0,76.35000000000036,0.0,0.5683175649693532,-0.09535736999168336,2.921964888445454,0.0,0.0,-0.016632420775175228,-0.03053269870988585,0.18025447690857632,-0.28685841183423394,0.0,0.0,0.0,0.0,0.03848573473735226,0.0,0.0,0.0,208.2999999999993,0.0,0.04153153153153153,13.58,0.32,0.0,95.91,68.67,17.13,23.99,13.47,17.81,3.02,10.52,0,0,0.6120900752230662
Ica,2020,Agosto,0.0,0.48348683386650504,0.15062533985861853,-0.0013179181456576604,0.0,0.0,1.2836131844736465,1.191933166604586,1.676677470779785,0.0,0.3567567567567568,4.3759203272274645,2.7759802577460935,0.004474359595176938,0.0,0.0,5.461517872905051,7.576357078449053,0.6901364639562924,-0.07076314950054563,-0.014231827913141029,-0.37421800452269843,-0.3114104595879556,-0.3927797833935018,0.6356909759792253,1.2343245836095087,10.043047841306889,7208.699999999997,-0.02060342936669413,12.269692923898493,0.0,0.0,73.73999999999978,0.0,1.5821960734506926,-0.0539764851686969,1.6731059078268635,0.0,0.0,-0.016632420775175228,-0.03053269870988585,0.0,-0.3446828324796726,209.19,0.0,0.0,0.0,0.07399858039949404,0.0,0.0,0.0,10.39999999999964,0.0,0.272981981981982,15.62,0.32,0.01,95.95,66.76,17.29,23.4,12.52,18.49,3.22,10.88,0,0,0.6560126763441503
Ica,2020,Septiembre,0.0,0.42068443402133443,0.04404567699836857,-0.0013179181456576604,0.0,0.0,2.0441104535489356,3.639653062310433,2.6280438510996778,0.0,0.34774774774774775,5.090556642361729,2.89132620418609,-0.020512323858408798,0.0,0.0,3.0843332327264665,36.72333633904418,-0.1131662642648109,-0.07120636279694452,-0.01423182791313732,-0.325111433538554,-0.3114104595879556,-0.3927797833935018,0.3238623674529323,0.6394342838571511,1.371127187864637,2548.519000000004,-0.01999833599323174,0.0,0.0,0.0,0.0,0.0,1.097752372881893,0.0033983986432497017,1.7783132018595982,0.0,0.0,-0.016632420775175228,-0.03053269870988585,0.24505183788878357,-0.1116658906121271,402.8490000000001,0.0,0.0,0.0,0.01585561272339519,0.0,0.0,0.0,27.84899999999834,0.0,0.8048648648648649,20.42,0.32,0.02,95.93,67.25,17.45,23.34,12.88,18.96,3.16,10.46,0,0,0.6529099272791132
Ica,2020,Octubre,0.0,0.44317558259998374,0.05785753126699283,-0.0013179181456576604,0.0,0.0,2.0768308600828793,33.45500984409087,1.4288628482059882,0.0,0.39207207207207206,13.118072203450115,1.7413521006611223,-0.08524914047745875,0.0,0.0,8.122395658339075,21.895383228133454,-0.1131662642648109,-0.07092263913371948,-0.014231827913141029,-0.3492673489928499,-0.3114104595879556,-0.3927797833935018,-0.004797230036788698,-0.024600907305394548,0.7284714119019836,0.0,0.3572773823660663,0.0,3.1949531949531944,0.0,0.0,0.0,0.2168232961969703,0.1411998760660765,1.5926507737703526,0.0,0.0,-0.016632420775175228,-0.03053269870988585,0.2544769085768132,0.02160535835810822,1107.029,0.0,0.0,0.0,0.14651439406230077,0.0,0.0,0.0,68.38999999999942,0.0,3.5004504504504506,23.51,0.32,0.05,95.85,66.83,18.82,24.54,14.29,20.74,3.04,10.25,0,0,0.7207068643656978
Ica,2020,Noviembre,0.0,1.1882774166372554,0.11500815660685139,-0.0013179181456576604,0.0,0.0,1.8040982879446454,36.18709093811523,1.2006920676654804,0.0,0.07999999999999996,35.60003556820204,1.4113030496907661,0.014507772020725458,0.0,0.0,10.2957135779409,-0.17134355275022542,-0.1131662642648109,-0.07146154621002267,-0.014231827913141029,-0.3814752362652444,-0.3114104595879556,-0.3927797833935018,-0.010056697684484002,-0.03285880650209489,-0.021120186697782962,0.0,4.989975115535016,0.0,2.1652421652421663,0.0,0.0,0.0,-0.06484058907752305,0.10870687996347222,1.5935317468741357,0.0,0.0,-0.016632420775175228,-0.03053269870988585,0.0,-0.049543321752210885,1255.12,0.0,0.0,0.0,0.1077570537271701,0.0,0.0,0.0,130.1290000000008,0.0,3.432072072072072,23.63,0.32,0.07,95.91,69.5,18.71,24.74,13.74,20.86,2.97,11.0,0,0,0.6581534853821687
Junin,2020,Enero,0.0,0.11541001149830939,0.0,-0.00010104401281629202,0.0,0.0,0.0,1.4350023945085928,-0.07313553495470598,0.0,0.0,-0.2320113818246489,0.17371964780793972,13.1356544477265,8.599749687108886,0.2898550724637682,-0.0038496363915922972,4.542091974752029,0.8865903901781513,0.5145671619239486,1.0551942093995306,0.5758728415879115,16.30475435816165,3.8605054151624545,0.6182055832070981,2.4631037376690634,0.3520886814469078,2755.0,-0.03452057695653159,0.05340453938584766,0.13838013838013835,34304762786611.176,0.0,0.0,0.7351239654193807,0.7013420739363696,-0.027066041140382534,0.0,0.9659180977542933,-0.016632420775175228,0.1826830080540759,0.0,0.5496758479888258,0.0,0.0,0.0,0.0,0.05916049259668635,0.0,5.5537777777777775,1.0063654903899633,0.0,4.46,0.0,15.34,0.67,2.43,90.97,80.68,23.75,34.11,19.08,23.68,0.21,15.03,0,1,0.5678801008401151
Junin,2020,Febrero,0.0,0.27236762713601026,0.0,0.0006377724249802531,0.0,0.0,0.0,2.2289150215505766,0.7129203593312027,0.0,0.0,-0.2320113818246489,0.3947841452639921,17.277633044404624,16.412015018773467,1.1545893719806766,0.016059134059601077,21.667069431920652,0.6381155320062896,0.4449407034332242,0.5142624120705471,0.4083499993464307,15.97004754358162,6.367653429602889,0.8939900454447088,2.9581647945112493,0.736779463243874,5372.15,-0.03452057695653159,1.8157543391188204,2.8490028490028485,464433711572582.06,0.0,0.0,0.8840979183737026,0.8573618381357728,-0.027066041140382534,0.0,3.580977542932629,2.1625977954831366,0.24823475495992445,0.0,0.548672946738781,0.0,0.0,0.0,0.0,0.1390224071093608,0.0,4.112000000000002,2.38514306903158,0.0,5.099999999999999,0.0,13.78,0.68,4.46,91.02,85.69,23.22,30.31,19.47,23.16,0.23,10.84,0,0,0.4073979826320504
Junin,2020,Marzo,0.0,0.3501576748369173,0.3588907014681886,0.002169730038646619,0.0,0.0,0.0,1.142978768690469,1.3744645164214964,0.0,0.0,-0.2177841010136939,0.8250921609846755,19.79605830226138,26.27784730913643,2.1062801932367154,0.07382645884704524,78.48979260595131,0.5448824429354676,0.541396675900277,0.04785401162197987,0.6472948773250722,18.67729793977813,4.2428880866426,0.9476580826660895,2.923400290089989,1.2725787631271879,5888.75,-0.03452057695653159,4.655095683133054,11.363451363451361,640355572016742.1,0.0,0.0,1.524153205131337,0.5628948355429448,-0.027066041140382534,0.411522633744856,6.0554821664465,4.435173126460192,0.8602035924264428,0.0,0.6823453562090345,0.0,0.0,0.0,0.0,0.17213793953992526,0.0,9.601777777777777,15.000927013163583,0.0,6.669999999999998,0.0,15.4,0.65,3.03,91.04,80.23,23.57,31.74,18.37,23.5,0.21,13.37,0,0,0.574846450643451
Junin,2020,Abril,0.0,0.18605061533032,1.2365415986949406,0.001624309668390934,0.0,0.0,0.0,2.0628957590592227,0.2952620564080478,0.0,0.0,-0.20071136404054787,0.342260000609329,19.207224831727274,22.822528160200246,1.4251207729468602,0.01842814106981167,123.45029756537419,0.42635834431915126,0.4990882733148665,-0.014231827913141029,0.6029044612629567,15.104833597464348,4.897039711191336,1.2400623241722575,2.69296111061237,2.5440140023337223,6453.9,-0.03452057695653159,3.0707610146862407,7.146927146927147,352723330190540.56,0.0,0.0,1.8807561855873731,0.7590952823573537,-0.027066041140382534,2.197530864197531,16.18546895640687,8.162754148445456,1.2549444133626364,0.0,-0.35952577098033517,0.0,0.0,0.4444444444444444,0.0,0.1820235619235248,0.0,21.230222222222224,31.096100364625183,0.0,5.879999999999999,0.0,15.44,0.62,0.3,91.18,72.96,24.13,33.43,16.85,24.07,0.24,16.58,0,1,0.8131418899551219
Junin,2020,Mayo,3.5939316909597343,-0.2561219959243616,19.361065796628566,0.0025608681527742013,28.85989621942226,581.3,0.0,2.0348001915606875,0.004835407269732321,0.0,0.0,-0.19587408856482316,0.4198884928251532,10.418885284005615,17.92240300375469,13.350241545893724,-0.06612718606386064,88.1979981965735,0.4017952553964528,0.5344704608410983,-0.014231827913141029,0.6240278159026442,14.662797147385104,5.103826714801446,1.3527652023371568,3.4266879662076764,4.375239206534423,5531.400000000001,-0.03452057695653159,0.42723631508678106,1.676841676841678,0.0,0.0,0.0,3.3039836683301878,0.9399083541248795,-0.027066041140382534,19.896296296296295,32.22774108322325,11.208665009285328,1.6926740997477832,0.0,2.0040259321608964,0.0,71.51583673469386,56.900000000000006,0.0,0.12786794340912558,0.0,25.678222222222225,29.632531981954138,0.0,4.879999999999999,0.0,15.29,0.58,0.33,91.24,64.8,24.4,33.37,16.5,24.31,0.25,16.87,0,1,1.075786827206567
Junin,2020,Junio,100.43808648151654,0.03933901797607018,42.451060358890615,0.006404886618839167,276.4655300222432,2233.9,0.0,0.0,-0.0160172865809895,0.0,0.0,-0.2320113818246489,0.18919659994516103,2.719112875889804,0.0,53.478260869565226,0.037972448904049556,14.567339945897215,0.30839288245986496,0.5242946864769583,-0.014231827913141029,0.5281340601022186,9.920245641838344,5.598267148014434,1.3100038952607667,4.2703825127723745,5.541306884480747,5272.899999999998,-0.03452057695653159,0.3560302625723178,0.0,0.0,0.0,0.0,3.0625291754798356,0.837121471552272,-0.027066041140382534,32.47572016460906,29.178177014531048,11.052300664949385,1.7350969359360382,0.0,0.979777212650883,0.0,0.0,0.0,0.0,0.09122478693158542,0.0,18.787555555555574,23.34787713985537,0.0,4.240000000000002,0.0,13.97,0.58,0.91,91.15,68.51,24.55,32.29,18.83,24.42,0.28,13.46,0,1,0.9710735681713398
Junin,2020,Julio,70.81181210957574,-0.24350800897095828,9.518216421968443,0.005596534516308829,189.78146775389482,1353.6,0.0,2.5775554727824175,0.02357261043994636,0.0,0.0,-0.2320113818246489,-0.03272095786491169,3.539838264490828,11.56846057571965,27.096618357487905,0.03264218313107547,-0.0955996393146979,0.18080363283175943,0.4362322336942832,-0.014231827913141029,0.40453315556252695,12.086370839936608,5.506714801444043,0.8732153213590135,4.142822994120314,5.06294049008168,3124.300000000003,-0.03452057695653159,0.0,0.0,0.0,0.0,0.0,0.7635283598733246,0.6149796976664548,-0.027066041140382534,5.4353909465020545,5.322060766182304,6.793114179596238,1.6125390747594115,0.0,2.3144955048533262,0.0,188.19673469387754,112.42222222222222,0.0,0.0010205897546850422,0.0,12.023111111111115,2.46906866077499,0.0,4.660000000000004,0.0,14.76,0.57,0.46,91.13,63.43,24.69,32.9,17.48,24.55,0.28,15.42,0,1,1.137199327436997
Junin,2020,Agosto,3.818924254306504,-0.12870706633727602,1.5339858618814568,-5.7584222357671714e-05,11.733135656041723,64.5,0.0,0.6347044112169418,0.1438533662745451,0.0,0.0,-0.2320113818246489,-0.05258507753709302,5.843416783690865,5.148936170212766,2.458937198067638,0.06312036947397788,0.07320108205591673,0.07898446608926805,0.41274226475279113,-0.014231827913141029,0.33033998666718967,12.038866877971467,5.1327075812274385,0.5096576498593381,3.2172251018865214,3.3092882147024505,1743.599999999998,-0.03452057695653159,0.0,0.0,0.0,0.0,0.0,0.01839806722596215,0.7528464034701494,-0.027066041140382534,0.0,0.3487450462351387,2.8623018630563752,0.9735836375267611,0.0,0.4072036964074659,0.0,0.5551020408163414,0.0,0.0,-0.07528151995298142,0.0,16.625777777777774,1.6762870032754424,0.0,2.659999999999997,0.0,18.05,0.56,0.06,91.07,47.39,26.2,36.22,15.3,25.89,0.33,20.92,0,1,1.789410900990989
Junin,2020,Septiembre,0.0,-0.06610389462539476,2.967356286371701e-14,0.005983326651390555,0.9873980726463991,0.0,0.0,0.792635555792051,0.36960644318018643,0.0,0.0,-0.2320113818246489,-0.05429119824513322,5.328187496973515,7.027784730913638,0.7004830917874397,-0.0278130534564154,0.8638232642019837,0.24143264935598122,0.5159303785780247,-0.014231827913141029,0.6418571820712913,13.194334389857392,5.018339350180512,0.46862756979008946,2.7092579495573745,2.099253208868145,1332.80000000001,-0.03452057695653159,0.0,4.627058922328695e-15,0.0,0.0,0.0,0.046188849972538235,1.4791644244410744,-0.027066041140382534,1.6559670781892906,0.4660501981505983,0.32642155394476935,0.7270657597019856,0.0,0.6217414663849009,0.0,0.8571428571428571,2.5263741715914678e-14,0.0,-0.05741966682893432,0.0,11.799111111111092,1.8157097830789193,0.0,3.229999999999997,0.0,15.1,0.56,0.22,91.04,53.82,26.62,35.89,19.96,26.56,0.26,15.93,0,1,1.610070052451305
Junin,2020,Octubre,0.0,-0.1402850669975751,0.0,-0.00034441883938456655,0.0,0.0,0.0,1.111051987442132,-0.03686998043171136,0.0,0.0,-0.2320113818246489,0.0014014562958901881,2.7551401869158876,2.88360450563204,0.9903381642512079,0.020341569808827877,0.010802524797114533,0.628567921977067,0.5696011583983887,-0.014231827913141029,0.7890932381736663,12.22880348652932,4.956823104693139,0.44110106037654156,2.7606821400095543,0.6797199533255556,1018.050000000003,-0.03452057695653159,0.0,0.0,0.0,0.0,0.0,0.016005324367061636,1.6881952937723204,-0.027066041140382534,0.0,0.0,-0.016632420775175228,0.49521492915875726,0.0,0.450531895841542,0.0,0.0,0.0,0.0,0.0017009829244760367,0.0,8.309333333333328,1.1871948581669858,0.0,4.299999999999997,0.0,17.8,0.56,0.74,90.93,55.05,27.07,36.59,19.57,27.01,0.28,17.02,0,1,1.609160993388277
Junin,2020,Noviembre,0.0,-0.19872152460752046,0.0,0.0011766738266671447,0.0,0.0,0.0,1.025913904113233,-0.07313553495470598,0.0,0.0,-0.2320113818246489,0.0028638454742100474,4.92723839039272,3.5944931163954945,0.45893719806763295,-0.007129799944191624,0.06670874661857532,0.8863533927660785,0.5444471249895076,0.6190641247833619,0.9953596590983359,12.327971473851026,4.633357400722019,0.44802596840510683,2.813959352993599,0.2991080513418903,1374.07,-0.03452057695653159,0.0,0.0,0.0,0.0,0.0,0.15208314747154694,1.6722795688404024,-0.027066041140382534,0.0,0.0,-0.016632420775175228,0.35241193151319977,0.0,0.05839750707403621,0.0,0.0,0.0,0.0,0.029532741369821737,0.0,4.035555555555556,0.6979791113033768,0.0,4.979999999999997,0.0,17.83,0.59,2.5,90.88,67.61,25.64,35.45,17.78,25.64,0.23,17.67,0,1,1.065779148341464
La Libertad,2020,Enero,0.0,-0.06556882478170288,0.0,0.017445846384851655,0.0,0.0,1.0830733357833509,0.0,0.7644476680492908,0.0,0.0,0.8862528899164149,1.6301374036498801,0.061227059222313675,0.24780976220275344,0.0,0.7790160648287879,0.5759963931469793,-0.002082191548926226,-0.04745654327205574,2.243042104190029,-0.0893559729683803,0.8096275752773375,1.0893862815884479,0.043230469595325706,-0.024796094013680194,-0.021120186697782962,0.0,2.2936064321425595,9.562082777036025,1.5734635734635731,532163627843583.6,0.0,0.0,0.42596993285493895,-0.06586109616294049,0.11028084997983316,0.0,0.0,-0.016632420775175228,-0.03053269870988585,0.0,-0.19877502775887304,0.0,0.0,0.0,8.664712583908187,0.35177920591895473,15581.0,0.0,0.512205673320561,0.0,0.0,9.226198198198198,22.09,0.38,0.14,94.07,76.91,21.94,29.69,18.14,24.2,2.36,11.55,0,0,0.6082347610335961
La Libertad,2020,Febrero,0.0,-0.005003472261751592,0.0,0.3465777044755979,0.0,10.0,1.3900824980040807,0.0,0.9672325604237024,0.0,0.04540540540540541,0.7781255557531569,1.6330621820065203,0.41917582683647275,0.35844806007509383,0.0,0.711134902420829,0.5752750225428314,0.19940098904098602,-0.040600503651473184,5.428585992455907,0.00979830856306289,0.8618462757527734,0.7641877256317691,0.07449296689028351,-0.02295308105659843,-0.021120186697782962,0.0,2.1693807625689234,17.04485981308407,2.1326821326821324,623379112483880.6,0.0,0.0,1.1010387949145986,-0.03288162679581885,0.26089540832572655,0.0,0.0,-0.016632420775175228,-0.030086843019750467,0.0,-0.2729897202621862,0.0,0.0,0.0,9.717010923483448,0.4617423885266588,17252.0,0.0,0.5128236820962856,0.0,0.0,3.0697297297297297,21.08,0.38,0.15,94.04,79.93,22.39,28.6,19.04,24.64,2.29,9.560000000000002,0,0,0.5433647523483631
La Libertad,2020,Marzo,0.0,0.5444221814911371,0.6035889070146807,0.7939310575614059,0.0,0.0,1.2548060473191316,0.0,1.277000838640948,0.0,3.9567567567567568,0.20476613907166993,1.6914358833744623,1.2559391797007406,5.860325406758448,4.589371980676329,0.7931845490629323,1.5888007213706046,2.0800484151856122,-0.041644707462435995,-0.014231827913141029,0.0024365057579441756,0.783755942947702,1.0597487364620939,0.2805816922743995,-0.020308050919958354,0.8883173862310385,0.0,1.2836720091369096,20.94170004450373,1.623117623117623,930450719889161.6,0.0,0.0,2.3523953181426727,0.013495752001695943,0.5438682149149809,0.0,0.0,-0.005394177200023964,-0.02848152766834993,1.7082940622054663,-0.15106558257817168,4.0,0.0,0.0,5.432587114529056,0.4924434446546984,12788.0,0.0,0.41480749026636177,0.0,0.0,1.9029909909909912,21.86,0.38,0.14,94.08,77.13,22.48,28.89,18.43,24.36,2.1,10.46,0,0,0.622564949380509
La Libertad,2020,Abril,0.0,0.3185657851296121,0.07612833061446424,2.4138078273255603,0.0,0.0,1.2030160560631598,0.0,1.215349395951857,0.0,20.0,0.29653210030232974,1.4932821497120927,0.246012299646506,9.659574468085106,6.384057971014494,0.33947414878047394,0.7772587917042381,3.984710281243988,-0.04665939729707042,1.3025180956264657,-0.04613675280707946,0.5481378763866878,0.9703971119133574,0.12241679290196929,-0.006228332789584267,0.15698949824970831,0.0,1.0585806022191797,9.708945260347106,0.5291005291005291,1296720033333902.5,0.0,0.0,2.5525904226696268,-0.03277726138642924,0.17821130617530304,0.19753086419753085,0.22192866578599735,0.008108488588030906,-0.025154246398682883,0.11192271442035814,-0.35952577098033517,2.0,0.0,0.0,6.955013502521798,0.4094808374849194,13678.0,0.0,0.39787404981150737,0.0,0.0,2.5045045045045047,20.68,0.38,0.46,94.14,76.14,21.4,27.7,16.49,22.95,2.25,11.21,0,0,0.6081167520035273
La Libertad,2020,Mayo,0.0,-0.2561219959243616,2.789559543230011,4.598509763785174,0.16011860637509526,0.0,1.0451673404214874,0.0,1.9468558519760946,0.0,14.054054054054054,0.11001244887070968,3.9281601316150256,2.1488741465304346,10.189236545682103,12.070048309178746,0.7352349929670104,15.294842200180343,7.559345633216893,-0.04898861747670611,0.5835865021918641,0.1092767603884816,0.36450079239302696,1.2557400722021659,0.10219606145855877,0.007183246223965893,0.21505250875145857,0.0,0.7946086180423716,7.647530040053382,0.7326007326007324,1029582688249445.8,70.0,0.0,3.092770977057521,-0.0807331670009621,0.3673551701445644,4.559670781893004,2.3408190224570675,0.012319235607739764,-0.026892261556014846,0.5596135721017907,1.6068770371431653,0.0,0.8816326530612245,0.0,9.340834004447798,0.3007736238906399,10807.0,4.0,1.0037698535319197,0.0,0.0,0.051351351351351354,19.05,0.38,0.06,94.13,73.54,20.98,27.45,16.37,22.28,2.19,11.08,0,0,0.6572321194372321
La Libertad,2020,Junio,85.91362665296519,1.3271041336991538,45.37901033170193,0.13634096813202215,82.43143068940088,377.8,0.0,0.0,1.1428182869058678,0.0,0.9009009009009009,0.4420060465943447,1.8629010145324956,3.0960437751198486,0.0,9.367149758454113,1.2724073325322747,13.305302073940483,14.341119685809163,-0.05238692185007979,0.044897543072688305,-0.19425120583506533,-0.15697305863708427,1.0206498194945848,0.05981562432373943,0.013264062905172498,-0.021120186697782962,0.0,1.3824601583831897,5.146417445482858,0.7553927553927552,1498678329123797.2,98.0,0.0,3.789151704953551,-0.017435546206154427,0.6343006347252,34.684773662551436,14.433817701453103,0.0048909722638231495,-0.029162641716493534,0.4476908576814326,2.9819119595974075,0.0,0.0,0.0,9.929711114256653,0.4302904480445716,0.0,5.333333333333333,2.2617885173969468,0.0,0.0,0.0,18.6,0.38,0.02,94.14,75.78,18.64,27.05,13.78,19.83,2.39,13.27,0,0,0.5203554028121538
La Libertad,2020,Julio,570.6076421752887,2.3016940083561965,60.949429037520275,0.02373665105373694,737.16234247592,679.7500000000002,2.549413896668397,0.0,0.5805510853222728,0.0,0.9009009009009009,0.5291481415614442,0.3991713127989518,6.016967701321969,8.095118898623275,3.5265700483091793,0.2603402030740144,3.2335256988277727,2.776558416688009,-0.054189658356417356,0.06651034763992324,-0.24019973072951403,1.015530903328051,1.0267148014440433,0.0020618913655053492,0.007611155545976716,1.7992298716452741,0.0,0.7614495011761504,3.1642189586114693,0.0,1100391237078220.0,220.0,0.0,0.7894783074977946,0.11084258760986906,0.6190162820812192,48.75884773662551,22.721268163804492,0.013230395974360508,-0.03053269870988585,0.5596135721017907,1.6673376553601498,0.0,353.5673469387755,596.1555555555556,9.830979284123739,0.49183415563598415,24778.0,4.0,11.717075582473269,0.0,0.0,3.4812972972972993,18.52,0.43,1.68,94.08,75.17,18.19,25.28,13.66,19.02,2.18,11.62,0,0,0.5186261092631086
La Libertad,2020,Agosto,775.5455799237405,2.6341886861189217,21.758564437194092,0.006648261445406935,683.508376575252,174.0999999999999,1.0419231792779198,8.147714574575636,0.8492184017467902,0.0,0.0,0.3200071136404055,0.22075983304390231,1.22882184882088,0.9111389236545682,1.6908212560386477,0.2823446335727014,1.6537240757439136,0.9224193203676031,-0.05115599764962647,0.0811907431950253,-0.0866894108727762,0.32999207606973135,1.095740072202166,0.04177623890932696,-0.005642772664727333,0.698879813302217,0.0,0.834847327378206,1.3982198486871305,0.0,179440297653042.9,116.0,0.0,-0.030834845294862273,0.0427963406878333,0.3550427749591356,9.563786008230453,6.972787318361955,-0.004501587491763018,-0.03053269870988585,0.8953817153628651,-0.15522045918549957,7.0,146.86530612244897,358.911111111111,9.366762351101256,0.46106444722414636,0.0,10.666666666666666,7.692355231444285,0.0,0.0,7.867369369369368,21.73,0.39,0.01,94.1,70.01,18.43,26.96,12.51,19.85,2.29,14.45,0,0,0.6359045010974862
La Libertad,2020,Septiembre,196.08426404175344,1.8445394414781586,0.5513866231647706,0.0012896692818595576,125.95700518903097,0.0,0.49750224936954457,28.35098174852337,4.060079935326428,0.0,0.7207207207207207,0.08980971011915315,1.9800140145629572,0.9382790179652295,0.7359198998748435,0.0,1.749990034225317,0.34660054102795457,1.5733039343686432,-0.0508746243599429,0.02756652054235902,-0.06831627517875048,0.2979397781299525,0.9137848375451253,0.0018853062107769718,-0.014259765356799358,-0.021120186697782962,0.0,1.3040669838364431,1.2372051624388025,0.0,942941171980696.1,137.5,0.0,0.1825374849478742,-0.01632666373138939,0.5174390218014308,0.0,1.4372523117569354,-0.01348798897741569,-0.03053269870988585,0.824693685202639,0.2975178194061407,12.0,8.179591836734678,98.40000000000003,10.744839974038607,0.5389614965964947,25729.0,0.0,2.078734318027314,0.0,0.0,23.933243243243243,20.71,0.38,0.1,94.09,67.84,19.04,26.46,13.88,21.15,2.37,12.58,0,0,0.708423926961768
La Libertad,2020,Octubre,1.1087373914924687,0.36353442092919996,0.08700380641653056,-0.0013179181456576604,1.0378057820608027,0.0,1.2069293254425872,34.029691906560934,1.7368178486970833,0.0,0.0,0.01554330428596885,2.048197910002132,0.31458040772843926,0.41051314142678347,0.20289855072463991,0.7735263466608964,0.6275743913435528,1.4987547055624582,-0.05724145051624277,-0.0048526863084914955,-0.06922604342313342,0.23969889064976227,0.6527075812274368,-0.028338454879896176,-0.023111983056292505,-0.020653442240373396,0.0,1.5324897323218187,0.8989764129951041,0.0,0.0,0.0,0.0,0.35995696833652174,-0.07000962118617798,0.4484471522279067,0.0,0.0,-0.016632420775175228,-0.03053269870988585,0.23562676720075398,-0.017679716322216425,15.0,0.20408163265306123,2.111111111111111,11.058695556384842,0.6762403195874146,13253.0,0.0,0.5003399048266475,0.0,0.0,24.833693693693697,22.46,0.38,0.37,94.02,65.75,20.22,26.77,15.25,22.44,2.11,11.52,0,0,0.8118065405874275
La Libertad,2020,Noviembre,0.0,0.5258199660742949,0.0,-0.0013179181456576604,0.0,0.0,1.380066150473318,11.331878891076459,0.26987616824195154,0.0,0.04684684684684685,0.255984349991108,0.5875757852725225,-0.09605345988087743,0.0,0.2053140096618358,0.5388352002551233,0.2181965734896303,0.5921668123213282,-0.057523831108872665,0.00656539912325375,-0.30770035162019777,0.3355784469096672,0.5337184115523471,0.012968621510495538,-0.01749410920884031,-0.021120186697782962,0.0,2.0792218499217157,1.2639074321317316,0.0,0.0,0.0,0.0,1.2952211903090132,-0.07717169740554125,0.09711932409196086,0.0,0.0,-0.016632420775175228,-0.03053269870988585,0.8482563619227144,-0.3340234249077678,0.0,0.0,0.0,9.116240929389253,0.7290658001032139,4779.0,0.0,0.4989802855200552,0.0,0.0,17.56756756756757,24.03,0.38,0.17,94.11,69.06,19.2,27.66,13.08,21.49,1.96,14.58,0,0,0.6883804289865476
Piura,2020,Enero,0.0,-0.011811382187866435,0.0,1.6633876254765638,0.0,0.0,0.0,0.0,-0.07313553495470598,0.0,0.0,-0.14664769695891883,-0.07171800262011385,0.16737204009491063,1.902377972465582,0.0,0.2694517684979015,0.8025067628494139,-0.10994987081525008,1.0206260891463108,250.69430115200325,-0.3972654667137236,-0.3114104595879556,-0.08664259927797834,38.224784245834236,-0.004957116792031609,-0.021120186697782962,0.0,2.972793489195301,0.0,0.0,0.0,0.0,0.0,-0.007421616460631109,0.015152552875756254,2.8387500796060032,0.0,0.0,-0.016632420775175228,-0.03053269870988585,0.35344015080113095,-0.35952577098033517,0.0,0.0,0.0,0.3389959454068513,-0.59588036953379,0.0,0.0,0.0,0.0,0.0,0.0,16.9,0.53,1.25,91.47,63.13,24.76,36.89,17.54,26.93,1.94,19.35,0,1,1.151328875035804
Piura,2020,Febrero,0.0,-0.06372454149068181,0.0,0.1495092846409841,0.0,0.0,0.0,0.0,-0.07313553495470598,1140.0,0.0,-0.2320113818246489,-0.07171800262011385,-0.07281003341242555,0.0,0.0,-0.12690132744118768,0.15327321911632102,-0.11045772241254916,0.975801108033241,14.111571006218778,-0.3658941479419107,-0.3114104595879556,-0.09241877256317689,44.46758883358581,-0.0022044837264648272,-0.021120186697782962,0.0,1.3269395133536541,0.0,0.0,0.0,0.0,0.0,-0.05078579578025398,-0.15183210214764442,0.8592141295348886,0.0,0.0,-0.016632420775175228,0.09355532040593229,10.874175306314797,-0.35952577098033517,0.0,0.0,0.5555555555555556,0.6524378652639805,-0.5933059088913397,0.0,0.0,0.0,0.0,0.0,0.0,15.05,0.55,3.25,91.46,69.38,24.63,36.9,18.73,26.4,1.75,18.17,0,1,0.9487693690083505
Piura,2020,Marzo,0.0,-0.2146825442001844,0.0,-0.0013179181456576604,0.0,0.0,0.0,0.0,-0.07313553495470598,0.0,0.0,-0.2320113818246489,-0.07171800262011385,0.2874630768485787,0.45056320400500627,0.0,-0.12690132744118768,-0.17134355275022542,0.1350038829486712,0.9893325442793587,5.185074931185645,-0.36275701606472943,-0.3114104595879556,0.017328519855595668,32.94107942003895,-0.0045817577376361385,-0.021120186697782962,0.0,2.68839960366384,0.0,0.0,0.0,0.0,0.0,-0.04975739627069771,-0.18431583582016534,-0.020697560872057232,0.0,0.0,-0.016632420775175228,0.04697338263059361,0.9425070688030159,-0.35952577098033517,0.0,2.2857142857142856,4.333333333333333,1.1474092141931336,-0.5900571847472954,0.0,0.0,0.0,0.0,0.0,1.4234234234234233,15.32,0.55,0.8,91.53,71.63,24.13,34.81,18.28,25.81,1.82,16.53,0,1,0.8531374045128257
Piura,2020,Abril,0.0,-0.2520235886109814,0.0,-0.0013179181456576604,0.0,0.0,0.0,0.0,-0.07313553495470598,0.0,0.0,-0.2320113818246489,-0.07171800262011385,-0.11929688634932932,0.0,0.0,-0.12690132744118768,-0.17134355275022542,0.037834943998781206,1.0009165281625116,-0.014231827913141029,-0.3962197560879965,-0.3114104595879556,0.13862815884476534,63.40721229171175,-0.0062083136400165094,-0.021120186697782962,0.0,1.7807595434570493,0.0,0.0,0.0,0.0,0.0,-0.07255358539919511,-0.0675570340655219,-0.006899186957352411,4.049382716049383,0.5178335535006605,-0.016632420775175228,0.10725589033985541,0.0,-0.35952577098033517,0.0,4.73469387755102,0.0,0.7091769772375771,-0.5927542387536718,0.0,0.0,0.0,0.0,0.0,0.0,15.54,0.53,0.7,91.57,63.39,24.81,35.77,17.89,26.49,1.48,17.88,0,1,1.146625393684293
Piura,2020,Mayo,0.0,-0.2561219959243616,2.9363784665579065,0.05137707778541945,0.0,0.0,0.0,0.0,-0.07313553495470598,0.0,0.0,-0.11250222301262681,-0.07171800262011385,0.2835891724371701,0.0,0.0,-0.008450976930655297,-0.17134355275022542,0.011257377073462865,1.0470845798707296,-0.014231827913141029,-0.4004025985909048,-0.3114104595879556,-0.25415162454873647,71.22543345596192,-0.0007030475088829468,-0.021120186697782962,0.0,-0.03452057695653159,0.0,0.0,0.0,0.0,0.0,-0.04348415926240444,-0.15039707776853709,2.728363088288365,26.419753086419753,2.4253632760898283,-0.007646618343018035,0.09003231670863776,0.0,0.892668075504138,0.0,3.3469387755102042,5.222222222222222,1.23126564544432,-0.5933672055733028,0.0,0.0,0.0,0.0,0.0,0.0,15.24,0.52,0.53,91.52,59.05,25.18,36.76,17.98,26.78,1.43,18.78,0,1,1.31113554732305
Piura,2020,Junio,55.81546283025501,1.0281594735823494,17.509516041326776,3.64450217353277,0.978502594514471,0.0,0.0,0.0,-0.07313553495470598,0.0,0.0,0.05253423439445131,-0.07171800262011385,0.17511984891772792,0.0,0.2898550724637682,-0.06312036947397794,0.6943011722272318,-0.030047886173528698,0.8783949131201209,-0.014231827913141029,-0.3041972210240121,-0.3114104595879556,0.011552346570397111,52.65283012334992,0.003425902089467225,-0.021120186697782962,0.0,-0.03452057695653159,0.0,0.0,0.0,0.0,0.0,-0.005810457228992946,-0.18483766286711348,1.1924979302439127,5.399176954732511,1.727873183619551,1.0946118133349307,0.04384182378855404,0.0,1.4829470969590612,0.0,0.0,0.0,1.1625936679348778,-0.5950222159863066,0.0,0.0,0.0,0.0,0.0,0.0,16.56,0.52,0.87,91.52,57.68,24.09,35.74,16.38,25.7,1.42,19.36,0,1,1.269590000168668
Piura,2020,Julio,117.74250250141972,0.6906100934664555,20.674279499728073,2.2537019592760035,4.566345441067531,0.0,0.0,0.0,-0.07313553495470598,0.0,0.0,-0.14664769695891883,-0.07171800262011385,0.4424192533049246,0.0,0.0,0.2366501329719079,-0.17134355275022542,-0.006178861100472098,0.9640156635608159,-0.014231827913141029,-0.3826255179535442,-0.3114104595879556,-0.06931407942238267,27.02374550962995,-0.001203526248076907,-0.021120186697782962,0.0,-0.03452057695653159,0.0,0.0,0.0,0.0,0.0,0.001148379452337839,-0.02372356212187922,1.4727110620502262,0.823045267489712,0.20079260237780713,0.7621371233451147,-0.03053269870988585,1.767200754005655,0.5058347362011543,0.0,14.857142857142858,130.66666666666666,0.4993012130908962,-0.5925090520258194,0.0,0.0,0.0,0.0,0.0,0.0,15.71,0.53,1.04,91.49,58.05,23.62,36.32,16.28,25.25,1.31,20.04,0,1,1.223445317982361
Piura,2020,Agosto,81.50571946239758,0.09873177062580402,21.723762914627475,0.3673080245243597,3.8250555967383866,0.0,0.0,0.0,-0.07313553495470598,110.0,0.0,-0.0897385737150988,-0.07171800262011385,0.3068325989056219,0.30037546933667086,0.603864734299517,0.10999937357987709,-0.17134355275022542,-0.08912795532598794,0.9412506169730547,-0.014231827913141029,-0.369031279819092,-0.3114104595879556,-0.08664259927797834,17.031103224410302,-0.01058750260796366,-0.021120186697782962,0.0,0.8731194832502589,0.0,0.0,0.0,0.0,0.0,0.025247207959606516,-0.05764232017350748,-0.013267667225677713,0.823045267489712,0.13210039630118892,1.0347064637872163,-0.03053269870988585,14.278982092365691,3.227995272036965,0.0,3.1020408163265305,190.77777777777777,0.729012796409977,-0.5907314482488896,0.0,0.0,0.0,0.0,0.0,0.0,18.67,0.51,0.14,91.49,52.4,24.13,37.34,15.44,26.39,1.67,21.90000000000001,0,1,1.431418415749401
Piura,2020,Septiembre,47.67570783417616,-0.2248147178360409,15.921696574225093,-0.0013179181456576604,0.6819866567828131,0.0,0.0,0.0,-0.07313553495470598,0.0,0.0,-0.018602169660323742,-0.07171800262011385,0.46178877536196783,0.30037546933667086,0.1207729468599034,0.023439502052949576,1.2353291253381424,-0.08320302002416538,0.96468719885839,19.24767050667754,-0.33452282917009785,-0.3114104595879556,-0.046209386281588445,69.22413503570655,-0.013840614412724403,-0.021120186697782962,0.0,1.8173676925520565,0.0,0.0,0.0,0.0,0.0,-0.02195632952902644,-0.17948893563589516,0.7403358311928163,0.0,0.0,0.020508895944407832,-0.025052470736316595,0.0,0.7178767147820491,0.0,2.36734693877551,40.666666666666664,0.6678334332185171,-0.5905475582030002,0.0,0.0,0.0,1069.0,0.0,0.0,17.17,0.52,0.76,91.5,56.03,23.95,36.19,16.61,26.18,1.59,19.58,0,1,1.308053297749923
Piura,2020,Octubre,2.190432407582682,-0.19453204157606527,0.0,-0.0013179181456576604,0.0,0.0,0.0,0.0,-0.07313553495470598,0.0,0.0,-0.2320113818246489,-0.07171800262011385,0.14412861362645873,0.11514392991239049,1.0144927536231887,-0.12690132744118768,-0.17134355275022542,-0.11147342560714732,0.9397396625535129,37.80002038943827,-0.3721684116962733,-0.3114104595879556,0.08086642599277978,42.680962562215974,-0.013590375043127424,-0.021120186697782962,0.0,11.235343503944451,0.0,0.0,0.0,0.0,0.0,0.008347176019231755,-0.11386918448216818,0.944127199779226,0.0,0.0,0.3511864254477925,0.020355132473257233,3.3459000942507067,0.06169275403846929,0.0,0.4897959183673469,8.0,0.9996497409214451,-0.592263865297967,0.0,0.0,0.0,0.0,0.0,1.9387387387387387,18.86,0.51,0.23,91.42,55.0,24.75,37.74,16.33,27.3,1.82,21.41,0,1,1.404363715623721
Piura,2020,Noviembre,0.0,1.7155534557542775,0.0,0.09255522924496219,0.0,0.0,0.0,0.0,-0.07313553495470598,8692.0,0.0,0.13789791926018138,-0.07171800262011385,-0.11929688634932932,0.24030037546933666,2.0289855072463774,-0.01300675964259885,-0.17134355275022542,-0.11011915468101645,0.9800317804079577,79.04785401162196,-0.3648484373161836,-0.3114104595879556,-0.08664259927797834,45.2258662627137,-0.012964776619134973,-0.021120186697782962,0.0,27.392244215685526,0.0,0.0,0.0,0.0,0.0,-0.06748014781871749,-0.09964939745283172,0.3550427749591356,0.0,0.0,-0.016632420775175228,-0.03053269870988585,5.537229029217719,-0.18186897811526118,0.0,0.0,0.0,1.1370068854184272,-0.5936123923011553,0.0,0.0,0.0,283.0,0.0,0.8828828828828829,18.9,0.51,0.32,91.52,54.29,23.34,33.53,14.72,25.82,1.92,18.81,0,1,1.310798224240224
Puno,2020,Enero,0.0,-0.2561219959243616,0.0,-0.0013179181456576604,0.0,0.0,0.0,0.0,-0.07313553495470598,0.0,0.0,-0.2320113818246489,-0.07171800262011385,-0.11929688634932932,0.0,0.0,-0.12690132744118768,-0.17134355275022542,-0.008718119086967482,-0.0467456895828087,-0.014231827913141029,-0.022901062703423368,-0.2733755942947702,-0.08086642599277978,-0.0491824280458775,-0.03285880650209489,-0.021120186697782962,0.0,-0.03452057695653159,0.0,0.0,0.0,0.0,0.0,-0.10607940941072963,-0.20036201751382024,-0.027066041140382534,0.0,0.0,-0.016632420775175228,-0.03053269870988585,0.0,-0.35952577098033517,0.0,0.0,0.0,0.0,0.8517633683887527,0.0,0.0,0.0,0.0,0.0,0.0,22.89,0.48,2.49,63.8,71.49,10.41,17.81,2.56,14.97,3.55,15.25,0,0,0.3598158622670767
Puno,2020,Febrero,0.0,-0.2561219959243616,0.0,-0.0013179181456576604,0.0,0.0,0.0,0.0,-0.07313553495470598,0.0,0.0,-0.2320113818246489,-0.07171800262011385,-0.11929688634932932,0.0,0.0,-0.12690132744118768,-0.17134355275022542,0.0043167385770421516,-0.05094278519264669,-0.014231827913141029,0.01474451982275207,-0.3114104595879556,-0.017328519855595668,-0.0491824280458775,-0.03285880650209489,-0.021120186697782962,0.0,-0.03452057695653159,0.0,0.0,0.0,0.0,0.0,0.1909566489327741,-0.20036201751382024,-0.027066041140382534,0.0,0.0,-0.016632420775175228,-0.03053269870988585,0.0,-0.35952577098033517,0.0,0.0,0.0,0.0,6.5717245424574315,0.0,0.0,0.0,0.0,0.0,0.0,20.01,0.54,7.21,63.82,77.49,10.18,16.35,3.57,14.61,3.71,12.78,0,0,0.2797570313398838
Puno,2020,Marzo,0.0,-0.24826671524038293,0.0,-0.0013179181456576604,2.520385470719092,1649.3,0.0,0.0,-0.07313553495470598,0.0,0.0,-0.2320113818246489,-0.03272095786491169,-0.11929688634932932,0.0,0.0,-0.07861003069458601,-0.17134355275022542,-0.016166609180687273,-0.04365662721396794,-0.014231827913141029,0.00010457106257273333,-0.3114104595879556,0.11552346570397112,-0.0491824280458775,-0.0289800962733417,-0.018319719953325556,0.0,-0.03452057695653159,0.0,6.023606023606023,0.0,0.0,0.0,2.4717410812266776,-0.20036201751382024,-0.027066041140382534,0.0,0.0,-0.016632420775175228,-0.03053269870988585,0.0,-0.33660231383645467,0.0,3.853061224489796,0.0,0.0,20.008202415496896,0.0,106.08,35.65910635931029,0.0,0.0,0.0,20.52,0.58,3.03,63.86,75.28,9.9,16.39,4.79,14.4,3.75,11.6,0,0,0.3015143543993375
Puno,2020,Abril,29.13004678330945,0.027453636767267392,18.461392060902632,0.0011679818685754208,375.37731653076963,25928.4,0.0,0.0,-0.07313553495470598,0.0,0.0,-0.2320113818246489,0.5946439996344028,-0.11929688634932932,0.46808510638297873,0.0,1.7672564507035833,-0.17134355275022542,-0.06441251092409955,-0.0441938554520272,-0.014231827913141029,-0.0155810883233337,-0.3114104595879556,0.35812274368231045,-0.042257520017312256,0.07099053188065185,0.060093348891481914,0.0,-0.03452057695653159,0.0,8.709808709808708,0.0,0.0,0.0,17.347574266941827,0.07907636612690183,1.0365763050077483,277.65958847736624,52.48718626155879,0.14511202300365422,-0.02661825015733638,0.0,-0.35952577098033517,0.0,800.6710204081633,77.2611111111111,0.0,29.475842724789533,0.0,3540.9861333333333,1541.329954885359,0.0,4.0,0.0,22.02,0.55,0.56,63.93,64.69,9.7,17.19,4.17,13.62,2.7,13.02,0,0,0.4249397642558926
Puno,2020,Mayo,22.78076746261392,-0.2561219959243616,17.611201740076094,-0.00046176027362284023,489.44699777613835,12011.23,0.0,0.0,-0.07313553495470598,0.0,0.0,-0.2320113818246489,0.5880632483319624,-0.11929688634932932,0.30037546933667086,0.0,0.8642092015421323,-0.17134355275022542,-0.1131662642648109,-0.042112096029547554,-0.014231827913141029,0.009515966694116593,-0.3114104595879556,0.08086642599277978,-0.0007080718459207822,0.76803229589304,0.6780630105017503,0.0,-0.03452057695653159,0.0,9.44240944240944,0.0,0.0,0.0,7.70865990374009,1.7781452309900037,1.84749612584117,215.53251028806585,47.263408190224574,1.103597615767088,0.0,0.0,1.6030087037501353,0.0,246.10612244897962,44.0,0.0,19.907737153759374,0.0,3001.7208888888886,1092.0289228107038,0.0,8.0,0.0,20.75,0.5,0.06,63.96,54.16,8.76,16.26,2.83,11.24,2.49,13.43,0,0,0.5177819690195387
Puno,2020,Junio,0.0,-0.037927344345905584,0.0,-0.0013179181456576604,3.157894736842263,29.19999999999709,0.0,0.0,-0.07313553495470598,0.0,0.0,-0.2320113818246489,-0.07171800262011385,-0.11929688634932932,0.0,0.0,-0.08043234377936302,-0.17134355275022542,-0.1131662642648109,-0.045973423990598505,-0.014231827913141029,0.011607387945570783,-0.3114104595879556,0.09241877256317689,0.023529106254057578,1.0324101898722493,0.9422403733955659,0.0,-0.03452057695653159,0.0,7.895807895807895,0.0,0.0,0.0,-0.06967406677243754,1.4088221385124666,-0.027066041140382534,0.0,0.0,2.1878844425807222,0.048930606906868346,0.0,-0.35952577098033517,0.0,0.0,0.0,0.0,19.193692105571216,0.0,16.03555555555659,21.43748841233545,0.0,5.0,0.0,19.82,0.46,0.08,63.88,58.92,8.08,15.18,1.62,10.32,2.47,13.56,1,0,0.4430858535539713
Puno,2020,Julio,0.0,-0.2561219959243616,0.0,-0.0013179181456576604,0.0,0.0,0.0,0.0,-0.07313553495470598,0.0,0.0,-0.2320113818246489,-0.07171800262011385,-0.11929688634932932,0.0,0.0,-0.12690132744118768,-0.17134355275022542,-0.1131662642648109,-0.04721576429111055,-0.014231827913141029,-0.0009411395631543622,-0.3114104595879556,0.034657039711191336,0.0027543821683618406,0.7686578943170325,1.0575262543757293,0.0,-0.03452057695653159,0.0,4.72120472120472,0.0,0.0,0.0,-0.10607940941072963,-0.20036201751382024,-0.027066041140382534,0.0,0.0,0.8795516084586353,0.04462471349906393,0.0,-0.35952577098033517,0.0,0.0,0.0,0.0,-0.6193569987256574,0.0,0.0,0.0,0.0,0.0,0.0,20.86,0.44,0.18,63.84,54.18,7.72,14.78,0.69,9.66,2.45,14.09,1,0,0.482231420845344
Puno,2020,Agosto,0.0,-0.2561219959243616,0.0,-0.0013179181456576604,0.0,0.0,0.0,0.0,-0.07313553495470598,0.0,0.0,-0.2320113818246489,-0.07171800262011385,-0.11929688634932932,0.0,0.0,-0.12690132744118768,-0.17134355275022542,-0.1131662642648109,-0.046007000755477215,-0.014231827913141029,0.018927362325660453,-0.3114104595879556,0.034657039711191336,-0.030138930967323077,0.6138347963473808,0.8183197199533255,0.0,-0.03452057695653159,0.0,3.459503459503459,0.0,0.0,0.0,-0.10607940941072963,-0.20036201751382024,-0.027066041140382534,0.0,0.0,0.456080692505841,0.04462471349906393,0.0,-0.35952577098033517,0.0,0.0,0.0,0.0,-0.6193569987256574,0.0,0.0,0.0,0.0,0.0,0.0,22.51,0.41,0.17,63.81,58.54,8.7,16.52,1.49,11.85,3.31,15.03,1,0,0.4664095181701382
Puno,2020,Septiembre,6.148724287926448e-15,-0.2561219959243616,0.0,-0.0013179181456576604,0.0,7.275957614183426e-12,0.0,0.0,-0.07313553495470598,0.0,0.0,-0.2320113818246489,-0.07171800262011385,-0.11929688634932932,0.0,0.0,-0.12690132744118768,-0.17134355275022542,-0.1131662642648109,-0.04536904222278184,-0.014231827913141029,0.005333124191208211,0.1580824088748019,0.034657039711191336,-0.0491824280458775,-0.03285880650209489,-0.021120186697782962,0.0,-0.03452057695653159,0.0,0.0,0.0,0.0,0.0,-0.10607940941072963,-0.20036201751382024,-0.027066041140382052,0.0,0.0,-0.016632420775175228,-0.03053269870988585,0.0,-0.35952577098033517,0.0,0.0,0.0,0.0,-0.6193569987256574,0.0,0.0,0.0,0.0,0.0,0.0,22.1,0.39,0.37,63.87,67.13,8.66,17.59,2.65,13.3,3.36,14.94,0,0,0.3687747649344828
Puno,2020,Octubre,0.0,-0.2561219959243616,0.0,-0.0013179181456576604,0.0,0.0,0.0,0.0,-0.07313553495470598,0.0,0.0,-0.2320113818246489,-0.07171800262011385,-0.11929688634932932,0.0,0.0,-0.12690132744118768,-0.17134355275022542,-0.1131662642648109,-0.044731083690086465,-0.014231827913141029,0.01474451982275207,1.303486529318542,-0.35812274368231045,-0.0491824280458775,-0.03285880650209489,-0.021120186697782962,0.0,-0.03452057695653159,0.0,0.0,0.0,0.0,0.0,-0.10607940941072963,-0.20036201751382024,-0.027066041140382534,0.0,0.0,-0.016632420775175228,-0.03053269870988585,0.0,-0.35952577098033517,0.0,0.0,0.0,0.0,-0.6193569987256574,0.0,0.0,0.0,0.0,0.0,0.0,22.98,0.38,0.93,63.86,66.98,9.55,17.8,2.98,14.51,3.98,14.82,0,0,0.3933943525969618
Puno,2020,Noviembre,0.0,-0.2561219959243616,0.0,-0.0013179181456576604,0.0,0.0,0.0,0.0,-0.07313553495470598,0.0,0.0,-0.2320113818246489,-0.07171800262011385,-0.11929688634932932,0.0,0.0,-0.12690132744118768,-0.17134355275022542,-0.08557299414489442,-0.04372378074372534,-0.014231827913141029,0.008470256068389498,2.1743264659270998,0.0,-0.0491824280458775,-0.03285880650209489,-0.021120186697782962,0.0,-0.03452057695653159,0.0,0.0,0.0,0.0,0.0,-0.062235310319980496,-0.20036201751382024,-0.027066041140382534,0.0,0.0,-0.016632420775175228,-0.03053269870988585,0.0,-0.35952577098033517,0.0,0.0,0.0,0.0,-0.2814283910630848,0.0,0.0,0.0,0.0,0.0,0.0,28.47,0.37,0.9,63.81,59.7,10.83,19.01,4.9,16.13,3.68,14.11,0,0,0.5230582037401096
San Martin,2020,Enero,0.0,1.8978187365521006,0.0,1.4571926496456398,0.0,0.0,0.0,0.0,-0.07313553495470598,0.0,0.0,0.20903432331495644,-0.07171800262011385,-0.11929688634932932,0.0,0.0,-0.12690132744118768,-0.17134355275022542,-0.1061748406086603,1.0385896583564174,0.03531450708532976,2.029828895598865,-0.10519017432646592,-0.3927797833935018,0.9167383683185458,0.10917080369691111,-0.014935822637106185,0.0,-0.016972869125866968,0.0,0.0,0.0,0.0,36376.04,-0.10607940941072963,0.781977398366029,-0.027066041140382534,0.0,0.0,0.09557029892769425,1.158402760155964,0.0,-0.21460654034886553,0.0,0.0,0.0,0.0,-0.6193569987256574,0.0,0.0,0.0,0.0,0.0,0.0,15.89,0.66,8.09,90.29,85.19,22.01,29.94,16.81,21.97,0.02,13.13,0,0,0.3917921097009351
San Martin,2020,Febrero,0.0,3.836278760004098,0.0,1.6136411590291517,0.0,0.0,0.0,0.0,-0.07313553495470598,0.0,0.0,0.10517517339498485,-0.07171800262011385,-0.11929688634932932,0.0,0.0,-0.12690132744118768,-0.17134355275022542,-0.10461742904360978,0.9929840174599177,0.011662758690998023,1.701475759120557,-0.10003961965134707,-0.3927797833935018,1.0221008439731658,0.07436876337021109,-0.016382730455075847,0.0,-0.012737215511568612,0.0,0.0,0.0,0.0,36800.00000000001,-0.10607940941072963,0.7993281476770543,-0.027066041140382534,0.0,0.0,1.8766162463307974,1.3196388960354766,0.0,-0.27843404133385785,0.0,0.0,0.0,0.0,-0.6193569987256574,0.0,0.0,0.0,0.0,0.0,0.0,15.86,0.69,2.96,90.34,87.17,21.63,27.08,16.27,21.49,0.06,10.81,0,0,0.3316304047934269
San Martin,2020,Marzo,0.0,0.25806873939821706,0.0,1.6723761966381678,0.0,0.0,0.0,0.0,-0.07313553495470598,0.0,0.0,0.19196158634181043,-0.07171800262011385,-0.11929688634932932,0.0,0.0,-0.12690132744118768,-0.17134355275022542,-0.10808774829182013,0.8597514144212205,-0.013212355999592248,1.8651294720468474,-0.09409667194928685,-0.3927797833935018,1.1637152131573254,0.10208277355307664,-0.017036172695449242,0.0,-0.021208522740165325,0.0,0.0,0.0,0.0,24654.93,-0.10607940941072963,0.9183047143812272,-0.027066041140382534,0.0,0.0,4.039379081051937,0.8443465527849202,0.0,-0.016533543465022955,0.0,0.0,0.0,0.0,-0.6193569987256574,0.0,0.0,0.0,0.0,0.0,0.0,15.7,0.66,3.42,90.32,86.8,21.78,28.37,17.23,21.65,0.06,11.14,0,0,0.3443351096239837
San Martin,2020,Abril,0.0,-0.151043386195198,0.0,1.6932010417311767,0.0,0.0,0.0,0.0,-0.07313553495470598,0.0,0.0,0.05822514671883332,-0.07171800262011385,-0.11929688634932932,0.0,0.0,-0.12690132744118768,-0.17134355275022542,-0.11138878367426414,1.0195684210526317,-0.014231827913141029,1.0034639164477208,-0.11370839936608558,-0.3927797833935018,1.0397593594460073,0.08750633027405254,-0.008284714119019836,0.0,-0.013644855571775402,0.0,0.0,0.0,0.0,29971.0,-0.10607940941072963,0.7237936826313128,-0.027066041140382534,0.0,0.0,15.440744923021626,1.4773128837321692,0.0,-0.35952577098033517,0.0,0.0,0.0,0.0,-0.6193569987256574,0.0,0.0,0.0,0.0,0.0,0.0,15.32,0.63,2.05,90.44,84.11,21.8,28.84,16.49,21.71,0.05,12.35,0,0,0.4150128562905584
San Martin,2020,Mayo,0.0,-0.2561219959243616,0.0,1.7805519610687193,0.0,0.0,0.0,0.0,-0.07313553495470598,0.0,0.0,0.06676151520540632,-0.07171800262011385,-0.11929688634932932,0.0,0.0,-0.12690132744118768,-0.17134355275022542,-0.11201513397759967,1.0125844539578612,-0.014231827913141029,2.000026142765643,0.2153328050713154,-0.3927797833935018,1.1450179614801987,0.1909490296812042,-0.0008168028004667411,0.0,0.019181459939036853,0.0,0.0,0.0,0.0,34905.76999999999,-0.10607940941072963,0.7035728845620729,-0.027066041140382534,0.0,0.0,13.295234828970226,1.7799389013297684,0.0,0.6065460797306503,0.0,0.0,0.0,0.0,-0.6193569987256574,0.0,0.0,0.0,0.0,0.0,0.0,15.36,0.6,2.24,90.51,82.18,21.94,29.1,16.78,21.81,0.06,12.32,0,0,0.4694128818371017
San Martin,2020,Junio,0.0,2.3785005521465417,0.0,1.8920567454484019,0.0,0.0,0.0,0.0,-0.07313553495470598,0.0,0.0,-0.07124310866085728,-0.07171800262011385,-0.11929688634932932,0.0,0.0,-0.12690132744118768,-0.17134355275022542,-0.11204052655746462,1.0581984890455804,-0.014231827913141029,2.2199390873560514,-0.011885895404120444,-0.3927797833935018,1.6515749837697478,0.3694009801250506,-0.00898483080513419,0.0,0.00813850587318757,0.0,0.0,0.0,0.0,28191.41999999998,-0.10607940941072963,1.3695546532296201,-0.027066041140382534,0.0,0.0,8.119352722698137,5.03159302496156,0.0,-0.21453490454529095,0.0,0.0,0.0,0.0,-0.6193569987256574,0.0,0.0,0.0,0.0,0.0,0.0,16.42,0.57,0.65,90.5,77.26,22.22,29.48,17.02,22.12,0.06,12.46,0,0,0.6093194733213734
San Martin,2020,Julio,0.0,2.5009676795045475,0.0,1.4767056609636553,0.0,0.0,0.0,0.0,-0.07313553495470598,0.0,0.0,-0.03994309087675626,-0.07171800262011385,-0.11929688634932932,0.0,0.0,-0.12690132744118768,-0.17134355275022542,-0.1131662642648109,1.025461143288844,-0.014231827913141029,2.083160137510947,-0.018423137876386688,-0.3927797833935018,0.7219060809348619,0.6736920535549785,-0.01528588098016336,0.0,-0.016367775752395775,0.0,0.0,0.0,0.0,28228.51000000001,-0.10607940941072963,0.6114704107757285,-0.027066041140382534,0.0,0.0,5.669882885041635,1.6051196289729093,0.0,0.9388445144883423,0.0,0.0,0.0,0.0,-0.6193569987256574,0.0,0.0,0.0,0.0,0.0,0.0,15.14,0.55,0.94,90.46,74.48,22.47,30.3,15.97,22.38,0.05,14.33,0,0,0.6942812381825605
San Martin,2020,Agosto,0.0,0.9328715035462606,0.0,1.4101233062904788,0.0,0.0,0.0,0.0,-0.07313553495470598,0.0,0.0,0.08241152409745683,-0.07171800262011385,-0.11929688634932932,0.0,0.0,-0.12690132744118768,-0.17134355275022542,-0.1131662642648109,0.9236228154117351,-0.014231827913141029,2.469550213717109,-0.028724247226624405,-0.3927797833935018,0.3476148019909107,0.730433830611094,-0.021120186697782962,0.0,-0.022116162800372114,0.0,0.0,0.0,0.0,35518.0,-0.10607940941072963,0.42035125483097696,-0.027066041140382534,0.0,0.0,1.0577700233630865,1.8644127010937863,0.0,1.3870066979476356,0.0,0.0,0.0,0.0,-0.6193569987256574,0.0,0.0,0.0,0.0,0.0,0.0,17.58,0.53,0.33,90.4,66.11,23.8,32.63,15.35,23.69,0.06,17.28,0,1,0.9991408340908132
San Martin,2020,Septiembre,0.0,0.022073224877331935,0.0,1.213915607605898,0.0,0.0,0.0,0.0,-0.07313553495470598,0.0,0.0,0.05822514671883332,-0.07171800262011385,-0.11929688634932932,0.0,0.0,-0.12690132744118768,-0.17134355275022542,-0.1131662642648109,1.136986367833459,-0.014231827913141029,4.007267688848803,-0.06735340729001585,-0.3927797833935018,0.3434598571737723,0.8192062469756219,-0.01971995332555426,0.0,-0.015460135692188983,0.0,0.0,0.0,0.0,37463.29999999999,-0.10607940941072963,1.3180242323434925,-0.027066041140382534,0.0,0.0,10.518022823938177,1.4288520106516056,0.0,1.3875912461048048,0.0,0.0,0.0,0.0,-0.6193569987256574,0.0,0.0,0.0,0.0,0.0,0.0,15.24,0.53,1.3,90.37,67.42,24.12,32.79,17.12,24.03,0.05,15.67,0,1,0.9791524254568538
San Martin,2020,Octubre,0.0,-0.00630130124432266,0.0,1.3002143436865417,0.0,0.0,0.0,0.0,-0.07313553495470598,0.0,0.0,0.04684332207006931,-0.07171800262011385,-0.11929688634932932,0.0,0.0,-0.12690132744118768,-0.17134355275022542,-0.09801535827872179,1.061220397884664,0.373167499235396,2.796334784256826,-0.08478605388272584,-0.3927797833935018,0.41721012767799104,0.26632738378805465,-0.016686114352392065,0.0,-0.0030557215360295133,0.0,0.0,0.0,0.0,41838.58000000002,-0.10607940941072963,0.6881789866771032,-0.027066041140382534,0.0,0.0,0.017813155214760675,1.9244994863754206,0.0,0.8983416311472484,0.0,0.0,0.0,0.0,-0.6193569987256574,0.0,0.0,0.0,0.0,0.0,0.0,18.08,0.54,1.81,90.28,68.51,24.19,32.81,16.64,24.08,0.05,16.17,0,1,0.9503737468618607
San Martin,2020,Noviembre,0.0,-0.11609307938387275,0.0,1.7252930330696423,0.0,0.0,0.0,0.0,-0.07313553495470598,0.0,0.0,0.1663524808820914,-0.07171800262011385,-0.11929688634932932,0.0,0.0,-0.12690132744118768,-0.17134355275022542,-0.08208574651010742,1.0693123982204316,0.9501886023040064,2.175705527887795,-0.05705229793977813,-0.3927797833935018,0.6474633196277855,0.0593043533204727,-0.017152858809801632,0.0,-0.010468115361051637,0.0,0.0,0.0,0.0,40593.40000000002,-0.10607940941072963,1.1861324462273535,-0.027066041140382534,0.0,0.0,0.008228299287126338,1.9359061894575498,0.0,0.04014183889107801,0.0,0.0,0.0,0.0,-0.6193569987256574,0.0,0.0,0.0,0.0,0.0,0.0,17.53,0.55,1.23,90.2,73.33,23.94,32.76,16.54,23.84,0.04,16.22,0,1,0.7929233509091773
Ica,2021,Enero,0.0,0.8853003791026762,0.2501359434475254,-0.0013179181456576604,0.0,0.0,1.284282292709508,0.0,3.1286898312896185,0.0,0.6306306306306306,42.47956606793528,1.0377479206653875,0.022488015108227198,0.0,0.0,3.961002499985763,-0.17134355275022542,-0.1131662642648109,-0.07073628808864266,2.491222346824345,-0.4077225729709945,-0.3114104595879556,-0.3234657039711191,0.020066652239774954,-0.03285880650209489,-0.021120186697782962,0.0,43.207239942213576,0.0,2.0350020350020346,15745006509752.31,0.0,0.0,-0.10253314510194309,-0.20036201751382024,1.722355488568578,0.0,0.0,-0.016632420775175228,-0.03053269870988585,0.0,-0.35952577098033517,58.0,0.0,0.0,0.0,0.09280317649213404,0.0,0.0,0.0,730.52,0.0,0.0,24.74,0.34,0.29,95.73,75.34,21.38,27.07,17.64,23.18,2.6,9.43,0,0,0.6277369336795846
Ica,2021,Febrero,0.0,0.8145869146962055,0.10331702011963004,-0.0013179181456576604,0.0,1.0,1.5705795136292786,0.0,0.8999901780789833,0.0,0.0,20.10873199359773,0.795966243183134,0.024037576872790626,0.0,0.0,0.2006594495475538,-0.17134355275022542,-0.06695176891059493,-0.06961146646520608,9.313936181058212,-0.3721684116962733,-0.3114104595879556,-0.3927797833935018,-0.0491824280458775,-0.03285880650209489,0.08343057176196032,0.0,23.392274470354202,9.345794392523342,51.85185185185184,492581209243647.7,0.0,0.0,-0.10367981055509833,-0.1147823818143274,2.678476659519817,0.0,0.0,-0.016632420775175228,-0.03053269870988585,4.029217719132893,-0.35952577098033517,5.0,0.0,0.0,0.0,0.017454230188992843,0.0,0.0,0.0,982.0,0.0,0.0,24.51,0.33,0.19,95.75,72.22,21.98,27.58,17.74,23.7,2.33,9.84,0,0,0.7335651816640911
Ica,2021,Marzo,0.0,0.9292455515203951,0.03915171288743877,-0.0013179181456576604,0.0,0.0,1.4012038879243705,0.0,3.2876840665775138,0.0,0.0,8.583510581540105,1.5038844712549133,-0.06684422061885618,0.0,0.0,2.35832369975114,-0.17134355275022542,1.1926471552904399,-0.0705851926466885,3.905961871750433,-0.37760610695005414,-0.3114104595879556,-0.3927797833935018,-0.0491824280458775,-0.03285880650209489,8.344340723453909,0.0,10.171722473924248,22.053404539385795,0.0,7062031243809911.0,2463.0,0.0,-0.10079343593161039,-0.062116987101087665,3.406967117413548,0.0,0.0,-0.016632420775175228,-0.03053269870988585,6.938383600377003,-0.35952577098033517,64.91999999999999,0.0,0.0,0.0,0.17329607904893665,0.0,0.0,0.0,942.5300000000002,0.0,0.0,23.68,0.33,0.37,95.76,75.46,22.04,26.93,18.24,23.35,2.25,8.690000000000001,0,0,0.6503829692811676
Ica,2021,Abril,0.0,0.981483168068853,0.1087547580206632,-0.0013179181456576604,0.0,0.0,1.5344882209070978,0.0,0.9785655462121383,0.0,0.0,2.6447447981504544,0.31215915668890737,0.05115490775265116,0.0,0.0,8.824300544985507,-0.17134355275022542,2.0225189862435724,-0.06947715940569127,0.18966255479661528,-0.3753055435734546,-0.3114104595879556,-0.3927797833935018,-0.0491824280458775,-0.03285880650209489,12.52637106184364,0.0,1.7387055540008014,42.011570983533495,0.0,0.0,3871.0,0.0,-0.09579541431516689,-0.15965950785186633,1.1680854225486668,0.0,0.13738441215323646,-0.016632420775175228,-0.03053269870988585,2.238454288407163,-0.35952577098033517,36.0,0.0,0.0,0.0,0.017883306962734546,0.0,0.0,0.0,2559.0,0.0,0.0,21.71,0.34,0.26,95.79,74.79,20.27,25.98,15.54,21.46,2.85,10.44,0,0,0.5993858174329472
Ica,2021,Junio,1.0485951485978529,10.183217932808887,0.6715660685154963,-0.0013179181456576604,3.2188880652335583,16.699,1.1940712955101296,0.0,4.0391970201802705,0.0,0.24702702702702706,8.68357247021164,2.947530694939525,0.15880683744128615,0.08911138923654568,0.0,5.034670189805297,0.3718485121731289,6.773827698649335,-0.06804846806010241,-0.014231827913141029,-0.3575284629360939,-0.3114104595879556,-0.3927797833935018,-0.0491824280458775,0.28856240297359403,30.942497082847137,1837.4,4.5186769633389074,26.79127725856691,4.3264143264143335,738432009214361.5,0.0,0.0,-0.06880746878571813,0.10535583712473298,1.429291824994161,0.0,0.0,-0.016632420775175228,-0.03053269870988585,7.048468426013193,-0.27407285361223455,24.43000000000001,0.0,0.0,0.0,0.9926090453031059,0.0,0.0,0.0,1066.438,0.0,0.26441441441441443,11.59,0.33,0.02,95.99,69.78,18.26,24.59,13.84,18.91,3.22,10.75,0,0,0.6339868310892443
Ica,2021,Julio,0.0,2.2780588349138773,0.10076672104404553,-0.0013179181456576604,0.0,0.0,1.6539139030046508,0.0,1.309887652334216,0.0,0.0,2.117495998577267,12.82533223654145,0.3558568592319984,0.0,0.0,4.493475549683658,1.6400180342651032,2.7083725683959754,-0.07205887685721481,-0.014231827913141029,-0.39198462805380174,-0.3114104595879556,-0.3927797833935018,-0.0491824280458775,2.064645087066096,21.332069544924156,19909.8,-0.03452057695653159,0.0,0.0,0.0,82.30000000000018,0.0,0.55752451211656,-0.20036201751382024,3.192598764514828,0.0,0.0,-0.016632420775175228,-0.03053269870988585,3.0487747408105554,-0.3268770371431633,161.728,0.0,0.0,0.0,0.1403540775250092,0.0,0.0,0.0,149.1000000000004,0.0,0.31567567567567567,11.75,0.33,0.0,95.97,70.51,17.73,24.39,13.65,18.47,3.5,10.74,0,0,0.598394093482578
Ica,2021,Agosto,0.0,1.3935294117647046,0.0,-0.0013179181456576604,0.0,0.0,2.029314037333198,6.129941999680729,1.0160762181070901,0.0,0.0,3.375210385914991,8.280632483319625,0.013771730182557824,0.0,0.0,1.6112208928195153,6.71550946798918,0.2360917433910514,-0.07127351632670192,-0.014231827913141029,-0.3656118060729644,-0.3114104595879556,-0.3927797833935018,-0.0491824280458775,0.9479556538301169,0.5529708284714077,5956.41,-0.03452057695653159,11.416110369381368,0.0,0.0,0.0,0.0,1.825354967088216,-0.08038145557131907,4.79235676226463,0.0,0.0,-0.016632420775175228,-0.03053269870988585,4.548880772855795,-0.2331602134746938,184.746,0.0,0.0,0.0,0.13821537499463468,0.0,0.0,0.0,0.0,0.0,1.5545045045045045,14.5,0.32,0.01,96.0,67.43,17.67,24.29,12.82,18.74,3.63,11.47,0,0,0.658397254791036
Ica,2021,Septiembre,0.0,0.4361057161397559,0.09368678629690036,-0.0013179181456576604,0.0,0.0,2.572107817668007,12.88990581599531,2.1784295503826794,0.0,0.16118918918918926,3.469927085185835,4.845057429241691,-0.11929688634932932,0.1111389236545682,0.0,1.5416536352298658,50.36427412082958,0.6993962914137142,-0.06933277931671283,-0.014231827913141029,-0.39580147183770564,-0.3114104595879556,-0.3927797833935018,-0.0491824280458775,-0.004431614115878314,-0.021120186697782962,1502.509999999995,-0.03452057695653159,0.26079216733422844,0.0,0.0,0.0,0.0,1.032327995682779,-0.14181302284624037,4.375748827138216,0.0,0.0,-0.016632420775175228,-0.03053269870988585,0.7964184731385527,0.35481213510512644,304.4450000000001,0.0,0.0,0.0,0.34368307886858834,0.0,0.0,0.0,128.9899999999998,0.0,4.545045045045045,19.17,0.32,0.04,95.94,68.23,17.64,23.92,12.89,19.11,3.65,11.03,0,0,0.6410118253265786
Ica,2021,Octubre,0.0,0.16004508248044794,0.0,-0.0013179181456576604,0.0,0.0,2.2001728529609306,33.41669770659286,3.100435942186662,0.0,0.0,6.026152587586693,1.167772598482773,-0.09953997385114513,0.0,0.0,7.13261086212493,23.499711451758337,-0.1131662642648109,-0.07088738353059683,-0.014231827913141029,-0.36286158712730215,-0.3114104595879556,-0.3927797833935018,-0.0491824280458775,-0.02095992447775867,-0.021120186697782962,0.0,0.3659302176066974,0.0,0.0,0.0,0.0,0.0,0.160786835320758,-0.14114769336138158,1.524295752223659,0.0,0.0,-0.016632420775175228,-0.03053269870988585,0.0,0.047365593323543974,1087.139,0.0,0.0,0.0,0.06717380782972245,0.0,0.0,0.0,5.840000000000146,0.0,5.760360360360361,22.23,0.32,0.06,95.9,67.47,17.96,23.73,12.98,19.69,3.62,10.75,0,0,0.6697069647810121
Ica,2021,Noviembre,0.0,0.6007915618347208,0.0,-0.0013179181456576604,0.0,30.0,1.4465815919200102,31.47129250252752,0.5222239851311226,0.0,1.8253837837837836,41.83894006757959,1.1980623343387273,-0.11929688634932932,0.0,0.0,10.25085278557639,0.31558160504959426,-0.1131662642648109,-0.07067584991186099,-0.014231827913141029,-0.38346208645412594,-0.3114104595879556,-0.3927797833935018,-0.0491824280458775,-0.03285880650209489,-0.021120186697782962,0.0,6.033174244200564,0.0,1.155881155881159,0.0,0.0,0.0,-0.08708829846759045,-0.1101903038011839,0.6835502154669157,0.0,0.0,-0.016632420775175228,-0.03053269870988585,0.0,0.14175006268132898,920.924,0.0,0.0,0.0,0.25581312063752415,0.0,0.0,0.0,67.30199999999968,0.0,3.6936936936936955,23.0,0.32,0.18,95.91,72.74,18.47,23.89,14.2,20.24,3.16,9.690000000000001,0,0,0.5794683514375623
Ica,2021,Diciembre,0.0,0.5891756509067736,0.70858618814573,-0.0013179181456576604,0.0,0.0,1.3136429648591492,33.157877933273014,1.554646901939449,0.0,0.0,41.74862671171974,0.07452091521189423,-0.11929688634932932,0.0,0.0,7.917400014806294,0.26968440036069075,-0.1131662642648109,-0.07023095777721819,0.4043633397899891,-0.24079578578617813,-0.3114104595879556,-0.3072924187725632,-0.0491824280458775,0.718197125437802,9.940148891481913,719.1500000000051,31.493064873573296,0.5910102358700362,2.0927960927960956,21110623253298.98,69.46900000000005,0.0,-0.08975802359439969,-0.15157118862417038,0.8444350096588628,0.0,0.0,-0.016632420775175228,-0.03053269870988585,5.693331762488214,-0.16139260002149003,200.7000000000003,0.0,0.0,0.0,-0.0758656773320897,0.0,0.0,0.0,752.6100000000006,0.0,0.6666666666666666,23.33,0.33,0.26,95.84,75.89,19.42,25.23,15.47,21.33,3.19,9.76,0,0,0.5438157220323341
Junin,2021,Enero,0.0,0.1571340748414714,0.0,0.00026401822703611845,0.0,0.0,0.0,1.4524557015910171,0.6573131757292775,0.0,0.0,-0.21565000889205063,0.2788898028821255,15.712963052636674,11.128911138923655,1.7874396135265704,-0.012778970507001672,14.832443642921552,0.9609737207958895,0.5677359691093763,1.1120807421755532,0.8721226618563978,16.863629160063393,3.817241877256318,0.5844466565678424,2.5265131427280907,0.407042707117853,2492.98,-0.03452057695653159,0.044503782821539724,0.28490028490028485,87960930222079.94,0.0,0.0,0.7082861662183272,1.3171371263636809,-0.027066041140382534,0.0,0.8501981505944518,-0.016632420775175228,0.22230936219638942,0.0,0.6995379490669447,0.0,0.0,0.0,0.0,0.03821235153579678,0.0,5.838222222222222,0.9902972622211234,0.0,6.1,0.0,14.63,0.77,4.31,90.89,89.35,22.08,27.73,17.29,21.98,0.22,10.44,0,0,0.2829453477482944
Junin,2021,Febrero,0.0,0.3388187479365657,0.0,0.0007464219011268039,0.0,0.0,0.0,1.6810514553291105,0.7192668313727266,0.0,0.0,-0.1984349991107951,0.522865064131859,20.851697254370244,19.659574468085108,0.0,-0.004122983354308921,34.61675383228135,0.8042776340040514,0.5264741542852346,0.5878682842287695,1.657963739984053,16.59544374009509,4.281877256317691,-0.0491824280458775,2.8317688889278148,0.7047514585764294,5036.880000000001,-0.03452057695653159,2.661326212728075,6.634106634106633,448600744132607.7,0.0,0.0,0.9467583004909663,0.9609118927645414,-0.027066041140382534,0.0,2.6266842800528405,2.1747430060504405,0.3062292674902213,0.0,0.6206812564919957,0.0,0.0,0.0,0.0,0.1376662180209272,0.0,6.999111111111115,3.352944811816327,0.0,6.94,0.0,14.71,0.73,3.56,90.9,87.34,22.69,30.28,18.32,22.6,0.2,11.96,0,0,0.3490487663547723
Junin,2021,Marzo,0.0,0.33144161477248146,0.3153887982599233,0.0018579060421060182,0.0,0.0,0.0,1.7053158090778475,0.9211450848840634,0.0,0.0,-0.19644317979726136,0.9525637510282425,21.344070505060277,24.177722152690862,1.5458937198067637,0.1099538157527577,71.5307303877367,0.678032667553997,0.5356090489381348,-0.014231827913140796,-0.18639791903585423,15.874762282091922,4.428014440433213,-0.0491824280458775,3.100400852190174,1.3181796966161026,6160.7,-0.03452057695653159,3.845126835781032,9.719169719169718,537441283656908.44,0.0,0.0,1.6438726200371472,0.5386103093455972,-0.027066041140382534,0.18106995884773663,7.585204755614267,4.556733061762414,0.9680951892112318,0.0,0.6757548622801687,0.0,0.0,0.0,0.0,0.19778293885623796,0.0,10.170666666666666,16.32593782831716,0.0,6.720000000000002,0.0,15.67,0.69,2.65,90.96,84.2,22.67,30.08,17.95,22.6,0.2,12.13,0,0,0.4350937409232309
Junin,2021,Abril,0.0,0.20172133107161974,0.9864056552474152,0.002204497871013515,0.0,0.0,0.0,2.1190868940562964,0.5421700401187693,0.0,0.0,-0.2320113818246489,0.6165798373092044,16.26693138346811,21.418272841051312,1.521739130434783,-0.022847250300396884,140.23118124436428,0.5365452125464745,0.5142488541928981,-0.014231827913141029,0.7671856005646837,14.933518225039624,4.611696750902528,-0.0491824280458775,2.899477406356518,2.7476079346557762,6575.5,-0.03452057695653159,3.4979973297730216,8.888888888888888,372954344141619.06,0.0,0.0,2.0747445905543045,0.8737798216003779,-0.027066041140382534,1.674074074074074,18.14742404227213,8.416446714191578,1.3272759851615006,0.0,0.4505318958415425,0.0,0.32653061224489793,0.0,0.0,0.1871203810287567,0.0,26.871111111111112,37.096223966380315,0.0,7.290000000000003,0.0,14.73,0.7,3.49,91.07,83.6,22.57,29.77,17.65,22.37,0.23,12.12,0,0,0.4488850238131641
Junin,2021,Junio,105.4111793179913,0.04741060349047656,51.88281131049474,0.012819551690531525,319.71237954040544,3703.199999999999,0.0,3.0343212898419574,0.37837061885657747,0.0,0.0,-0.2320113818246489,0.575145477256801,10.838041741320032,26.93667083854818,63.18840579710146,0.06589939692826353,71.8777096483319,0.9820275551812514,1.1405602786871485,-0.014231827913141029,1.7669895298223606,28.602119651347056,9.869169675090252,-0.0491824280458775,7.685023830607966,10.055542590431738,10935.4,-0.03452057695653159,1.63773920783266,1.3593813593813582,0.0,0.0,0.0,6.397272273140851,2.0553006213003275,-0.027066041140382534,56.12016460905352,64.60871862615588,20.967066135505906,3.4299012785861183,0.0,1.57721981446327,0.0,206.1608163265306,125.90777777777778,0.0,0.8510124840347046,0.0,149.40444444444444,63.19325134416907,0.0,11.84,0.0,13.75,0.58,0.14,91.23,62.66,24.2,32.32,15.24,23.99,0.27,17.08,0,1,1.127603377147772
Junin,2021,Julio,68.1102788068904,-0.2364951786791742,8.880641653072306,0.0041102096826240156,215.48880652335419,1651.95,0.0,0.0,0.018737203170214017,0.0,0.0,-0.2320113818246489,-0.014684824665630479,4.5018836860200535,2.924655819774722,35.550724637681164,0.030227618293745435,-0.027069431920649218,0.29738435266907814,0.4836993704356585,-0.014231827913141029,0.4920068494045981,12.916085578446914,4.575306859205778,-0.0491824280458775,4.151062125364295,5.125810968494749,3251.399999999998,-0.03452057695653159,0.0,0.0,0.0,0.0,0.0,0.8401509793319978,0.6670058542471825,-0.027066041140382534,5.94238683127572,7.812417437252312,6.7173153417600195,1.696831244110591,0.0,2.1428561194885214,0.0,19.52081632653062,8.617777777777771,0.0,0.07862831878816706,0.0,34.18666666666667,6.019652679068038,0.0,5.18,0.0,16.11,0.57,0.01,91.31,51.6,24.5,33.43,13.97,24.17,0.32,19.46,0,1,1.488081413379125
Junin,2021,Agosto,4.741880526785484,-0.1379057138628625,1.5940728656878687,0.0006464643830719788,16.862861378799405,63.89999999999964,0.0,1.778108870324057,0.23753938212561468,0.0,0.0,-0.21536546327583156,-0.07171800262011385,5.383584330056655,4.333416770963697,4.1956521739130395,0.10840484963069684,0.23767357980160217,0.17576743782521026,0.436130160329053,-0.014231827913141029,0.4540475536907043,12.043581616481775,4.954916967509023,-0.0491824280458775,3.3544501161892657,3.5675379229871664,2089.349999999999,-0.03452057695653159,0.0,0.0,0.0,0.0,0.0,0.06026078326163325,0.9331767852192488,-0.027066041140382534,0.0,0.3487450462351387,3.0122347690648796,1.0823955211662561,0.0,0.29622837494179655,0.0,0.32653061224489793,0.0,0.0,-0.02482822102915311,0.0,13.243733333333317,1.5011433162350902,0.0,4.200000000000003,0.0,16.39,0.56,0.05,91.16,47.99,26.13,35.43,17.01,25.81,0.3,18.42,0,1,1.761707435097386
Junin,2021,Septiembre,3.7940452689364528,-0.06735333963273715,0.0010875475802105885,-0.00010104401281629202,8.987398072646505,23.10000000000128,0.0,0.9858990049486522,0.13690246832430528,0.0,0.0,-0.2320113818246489,-0.05404746671541231,6.622071570384031,3.619023779724663,2.753623188405798,0.034874516659928086,2.5074661857528677,0.2209357588889913,0.5174789389742305,-0.014231827913141029,0.7197103381566736,12.045087163232958,5.278844765342958,-0.0491824280458775,2.8148151716376204,2.2438506417736175,1781.650000000002,-0.03452057695653159,0.0,0.0,0.0,0.0,0.0,-0.05877645996950742,1.3262495311710112,-0.027066041140382534,0.0,0.0,-0.016632420775175228,0.8330862500786563,0.0,0.46563272323507326,0.0,1.1755102040816032,2.5263741715914678e-14,0.0,0.06695436570829577,0.0,13.18577777777779,1.2797725727705256,0.0,4.739999999999995,0.0,16.47,0.56,0.29,91.09,53.9,26.45,34.89,19.56,26.42,0.27,15.33,0,1,1.591274415504379
Junin,2021,Octubre,0.0,-0.1516239938979267,0.0,-0.0004052625460266341,0.0,0.0,0.0,1.2170489011866117,-0.07313553495470598,0.0,0.0,-0.2320113818246489,-0.03662066234043168,3.0607912449760355,3.7737171464330377,1.376811594202899,-0.024441774249577126,0.09953110910732489,0.7066754976416652,0.5688675060857886,-0.014231827913141029,0.8283073866384324,12.144334389857365,4.935162454873644,-0.0491824280458775,2.7673572751935507,0.7447234539089848,1168.5,-0.03452057695653159,0.0,0.0,0.0,0.0,0.0,0.005042585595190146,1.8186520555093522,-0.027066041140382534,0.0,0.0,-0.016632420775175228,0.5857882226573565,0.0,0.3917905369103482,0.0,0.0,0.0,0.0,0.05783648426628336,0.0,5.164444444444444,0.8281317594709843,0.0,5.079999999999998,0.0,18.15,0.58,1.56,90.94,63.44,26.26,35.09,18.85,26.18,0.27,16.24,0,1,1.247916831551394
Junin,2021,Noviembre,0.0,-0.20764694497888186,0.0,0.0005725827392923226,0.0,0.0,0.0,1.2336508274357474,-0.07313553495470598,0.0,0.0,-0.2320113818246489,0.018218931846571338,4.37675657353154,3.2826032540675882,0.0,-0.059703532440020274,-0.07612263300272612,1.0316243421734799,0.6155476034584068,0.9100214089101845,1.0914081800713693,14.518383518225049,4.2448519855595634,-0.0491824280458775,2.84800316803042,0.3555514585764295,1337.75,-0.03452057695653159,0.0,0.0,0.0,0.0,0.0,0.10786196856062717,2.0144676548766367,-0.027066041140382534,0.0,0.0,-0.016632420775175228,0.46545885704169765,0.0,0.08576238403954409,0.0,0.0,0.0,0.0,0.07555122535361938,0.0,3.9253333333333207,0.7600271923861245,0.0,4.350000000000001,0.0,14.91,0.59,2.62,90.85,72.71,24.75,33.39,18.97,24.79,0.23,14.42,0,1,0.8516685733193632
Junin,2021,Diciembre,0.0,-0.1243354318696712,9.891187621239002e-15,8.583308615577825e-05,0.0,0.0,0.0,1.5801628265843648,0.34119842547050583,0.0,0.0,-0.2320113818246489,0.07963927733601378,8.92704469517215,5.782728410513132,0.0,-0.00863320823913308,0.961208295762,1.1805856798545855,0.5623955846554175,1.4803139973493729,1.1894958367645712,15.405784469096677,3.255451263537919,-0.0491824280458775,2.668900595225623,0.35047841306884886,1415.660000000011,-0.03452057695653159,0.0,0.0,0.0,0.0,0.0,0.5440301965519996,2.5659605694437664,-0.027066041140382534,0.0,0.0,-0.016632420775175228,0.4017159768119817,0.0,0.35193237580142644,0.0,0.0,0.0,0.0,0.11012868364900066,0.0,12.73777777777781,1.1425746245596613,0.0,3.47999999999999,0.0,15.86,0.64,2.83,90.84,80.49,23.83,31.61,19.1,23.81,0.21,12.51,0,0,0.5762295632095298
La Libertad,2021,Enero,0.0,0.031130818884550118,0.0,0.010590064440004302,0.0,0.0,1.1326177592477602,0.0,2.639830156319651,0.0,1.372972972972973,0.46512537791214664,1.8281692715473912,0.049217955546946864,0.360450563204005,0.0,0.6858503083695423,0.37689810640216415,0.07375359463708725,-0.06258217073784941,2.074215516362524,-0.22122008287256703,0.7802297939778131,-0.08664259927797834,0.0700298636658732,-0.03224822244027826,-0.021120186697782962,0.0,2.4511545937932544,11.090342679127698,1.3365893365893364,355362158097202.94,0.0,0.0,0.7325632506405856,-0.02727198604112649,0.2372258899951175,0.0,0.0,-0.016632420775175228,-0.03053269870988585,0.5890669180018849,-0.2706973745477982,0.0,0.0,0.0,7.06332884046525,0.2888232227751132,17062.0,0.0,0.5020703293986774,0.0,0.0,3.3990990990990992,19.5,0.38,0.31,93.97,76.86,21.13,27.05,17.09,23.18,1.84,9.96,0,0,0.5800855349446719
La Libertad,2021,Febrero,0.0,0.07260442400300549,0.0,0.07456287599509338,0.0,36.0,1.752435021733345,0.0,2.344265886957244,2457.68,14.752187333312767,0.33167348390538876,1.662431831337782,1.0537213694252092,1.2265331664580725,0.0,0.3649865319673578,0.08834986474301174,0.1393424591443972,-0.05542360446570974,2.4428993781221324,-0.1608512084493418,0.8699683042789225,0.9732851985559566,-0.0491824280458775,-0.032723677242512524,-0.017152858809801632,0.0,2.1831012548123834,12.244770805518439,1.8998778998778996,461531000875253.56,0.0,0.0,1.6881726429104666,-0.0024591099587430373,0.28552019869658435,0.0,0.12681638044914134,-0.016632420775175228,-0.029965103669766176,1.2959472196041468,-0.30508256026361896,0.0,0.0,0.0,9.449732837471567,0.4220852741969916,0.0,0.0,0.5178913540572276,0.0,0.0,1.5954954954954954,22.86,0.38,0.08,94.0,71.39,22.29,29.81,17.83,24.59,1.92,11.98,0,0,0.7698777743910654
La Libertad,2021,Marzo,0.0,0.005003472261751592,0.0,0.15439851106757888,0.0,0.0,1.5244009073513198,0.0,0.5086244021849996,3200.0,3.9577225765971464,0.635141383603059,0.649727325351126,0.830584475328071,4.190237797246558,3.734299516908213,0.36740109680468785,0.5500270513976555,2.4883238569636013,-0.04408808864265928,2.266632684269548,-0.13097525587231879,0.7548732171156898,2.018772563176895,-0.0491824280458775,-0.030464015735051794,-0.015239206534422404,0.0,1.6503316668053336,9.868179795282575,1.5798941798941788,1360315785884466.2,0.0,0.0,2.0283980526569683,-0.06035582081763774,0.3760587598446091,0.0,0.0,-0.00574761876235548,-0.028110046500712985,0.824693685202639,0.2393495469035433,0.0,0.0,0.0,7.918172828780343,0.45739093707409817,0.0,0.0,0.5120820715654161,0.0,0.0,1.4414414414414414,19.8,0.38,0.37,94.02,72.67,22.23,28.45,17.93,24.04,1.93,10.52,0,0,0.7327544759613436
La Libertad,2021,Abril,0.0,-0.015613793417502483,0.44045676998368594,0.18656962095457255,0.0,0.0,1.47484127688155,0.0,0.0909660992618446,0.0,14.414414414414415,0.7646096389827493,1.3687353380251657,0.8790082804706791,10.585732165206508,6.3768115942029,0.3286769437531677,2.1348782687105503,4.214220267934045,-0.03345869218500798,1.2520338464675296,-0.19176346025646046,0.5359350237717913,0.8668880866425993,-0.0491824280458775,-0.006960282945655433,0.16182497082847142,0.0,0.6061220322060947,6.7004895416110175,0.6112332112332112,1201546306833612.0,0.0,0.0,3.619359517927445,-0.004181139213671863,0.45863672065722727,0.0,0.026420079260237782,0.004699874198765946,-0.02590582052077238,1.1781338360037699,0.7852143701421981,0.0,0.0,0.0,4.696710340334619,0.39771248751482435,0.0,1.3333333333333333,0.6828996971756998,0.0,0.0,0.3783783783783784,20.06,0.38,0.12,94.04,77.17,20.2,27.57,15.26,21.81,2.52,12.31,0,0,0.5404569140704696
La Libertad,2021,Junio,145.50150085183483,2.683033732169082,45.81375747688953,5.710819640783101,95.23202372127655,494.2000000000001,2.0313162930389934,0.0,1.3705357480148388,280.0,12.882882882882884,1.3201849546505429,5.696919842793164,9.344651590721996,10.923904881101377,16.3768115942029,2.4667057704682773,24.70223624887286,21.329807545405135,0.055523058843280446,0.4856968090529097,0.031005320052808417,0.4958597464342318,1.0290772563176902,-0.0491824280458775,0.03206329554614563,2.3636452742123684,0.0,1.5765405299105204,9.812194036493086,1.3585673585673586,2445041181290135.0,169.8,0.0,7.2904063952051885,0.16342318542797976,0.983717918780648,37.120987654320984,21.844121532364596,0.030495117714011852,-0.02634815320721047,1.060320452403393,2.817951932375803,0.0,111.2734693877551,208.10000000000002,11.587445108261754,1.2848267557319704,0.0,13.066666666666666,14.003213645633764,0.0,0.0,0.7429729729729736,15.32,0.38,0.03,94.2,76.29,18.96,26.38,14.5,20.15,2.41,11.88,0,0,0.5196862121608354
La Libertad,2021,Julio,770.0208226290597,2.061982718382495,59.363240891788905,0.5175919799302687,795.7835433654687,504.6000000000001,0.9346428254615955,0.0,0.9125320156848525,140.0,1.9531531531531532,0.43809354437133213,1.6088108947993789,4.335305796329475,4.794993742177723,5.664251207729469,3.234582946566363,7.251559963931469,3.740475814625704,-0.040672995886846273,0.03190947089407705,-0.3297125602917533,0.32163232963549965,0.31422382671480203,-0.0491824280458775,-0.001187260689053104,0.8137922987164528,0.0,0.8307629471072754,1.6742323097463196,0.0,1146394803584368.0,222.0,0.0,0.7846379738061494,0.06365637688958455,0.8387288513384425,38.90534979423868,17.492734478203435,0.014254777451626429,-0.03053269870988585,1.060320452403393,2.3626347648554753,0.0,202.92244897959185,468.4888888888888,8.297700473836132,0.45317066052093813,0.0,4.8,8.072430628514923,0.0,0.0,2.9006207207207204,17.65,0.38,0.03,94.15,71.78,19.3,27.96,15.07,20.51,2.65,12.89,0,0,0.6317850749719012
La Libertad,2021,Agosto,711.9175748397739,2.8864684251869894,23.757748776508922,0.011741748887157741,828.0296515937865,234.3,1.0727852897568138,8.923748204118551,0.7908913015556414,0.0,0.0,0.27376845100480174,0.8172927520336353,1.6626991428986486,1.4868585732165207,3.516908212560385,0.5651220665030381,0.1316321009918846,1.3380789243703197,-0.03846468563753879,0.06300336425731488,-0.1925676117276446,0.32076069730586365,1.043754512635379,-0.0491824280458775,-0.0068026321428093514,1.1660443407234544,0.0,0.9793436249631277,1.1366266132621228,0.0,185421640908144.88,117.3,0.0,0.05777891244523664,-0.034368833879621,0.9290551298108564,15.88477366255144,10.599735799207398,-0.004976037860180919,-0.03053269870988585,0.0,0.3178623876213343,0.0,166.3877551020408,395.03333333333336,9.739818090573603,0.4231205138586666,0.0,0.0,1.4204313701254567,0.0,0.0,13.868963963963964,19.07,0.37,0.07,94.18,71.18,18.82,28.23,13.98,20.43,2.82,14.25,0,0,0.6261914932474948
La Libertad,2021,Septiembre,265.4939289867223,1.179094707362333,6.901033170201194,-0.0013179181456576604,226.72201630838015,0.0,0.6934445134391913,22.446655669664224,1.1922301049434478,0.0,0.5225225225225225,0.6479459363329185,1.0269018675928467,-0.11929688634932932,2.067584480600751,0.5797101449275364,0.3753737165505891,0.3599458972046929,2.2006731572922194,-0.0330624863594393,0.023486593944336387,-0.17118282943152552,-0.10721077654516727,0.8791335740072201,-0.0491824280458775,-0.01383936321587642,-0.021120186697782962,0.0,0.9941381579444977,1.276279483756101,0.0,0.0,139.0,0.0,0.3525524918677186,-0.010886616766955041,0.5929585836499884,3.3975308641975244,3.342140026420079,-0.016632420775175228,-0.03053269870988585,0.9425070688030159,0.6986783194240497,0.0,44.212244897959216,67.24444444444453,9.367819139973065,0.5213754785412819,0.0,0.0,0.5389036524318644,0.0,0.0,30.18018018018018,20.63,0.38,0.09,94.14,68.52,18.92,27.06,14.05,20.84,2.96,13.01,0,0,0.6882719755121451
La Libertad,2021,Octubre,2.5555044755131293,0.7297157299149579,0.3670473083197383,-0.0013179181456576604,0.0,0.0,1.184210059434047,32.833501835789896,1.0612207892291299,0.0,0.5045045045045045,0.6088209141027923,1.2895225908661614,1.0746404532468152,0.7659574468085106,0.0,1.1298113336484414,0.17130748422001804,0.7265104881935115,-0.04197208092000336,-0.006585788561525166,3.270878266211782,0.2198098256735345,0.6844765342960288,-0.0491824280458775,-0.014916643701991406,0.07297549591598618,0.0,1.0243020626120358,0.7387627948375554,0.0,0.0,0.0,0.0,0.5231468305112764,0.011878088156156768,0.2000764217632199,0.0,0.052840158520475564,-0.016632420775175228,-0.03053269870988585,0.0,0.427035352269065,0.0,0.4244897959183525,5.111111111111111,10.357183623880012,0.6523266450531502,0.0,0.0,0.5463197577405597,0.0,0.0,27.423108108108117,21.03,0.38,0.33,94.13,72.04,18.52,26.38,13.87,20.68,2.74,12.51,0,0,0.5962125367287459
La Libertad,2021,Noviembre,0.0,0.43580300322180376,0.0,-0.0013179181456576604,0.0,0.0,1.4942099327090024,23.979141169584405,0.661997476521831,0.0,0.0,0.12509336653032188,0.685677725984828,-0.09566606943973516,0.4555694618272841,0.1811594202898551,0.20703754534427476,0.4634625788999098,0.6188459495661073,-0.04153121799714601,0.016964012641452055,-0.3689267087565189,0.32171156893819336,0.542382671480145,-0.0491824280458775,-0.01638304640782971,-0.021120186697782962,0.0,2.37149707664264,26.558077436582042,0.0,0.0,0.0,0.0,0.6156170864122114,0.009882099701580157,0.1247160719213705,0.0,0.0,-0.016632420775175228,-0.03053269870988585,0.0,-0.017106629893619975,0.0,0.0,0.0,9.463925176406555,0.6854746647251557,0.0,0.0,0.5494098016191828,0.0,0.0,15.653378378378378,22.64,0.38,0.25,94.16,77.67,18.14,24.12,14.19,20.39,2.44,9.930000000000001,0,0,0.4649463013437021
La Libertad,2021,Diciembre,26.798994023635036,0.17752934345791835,1.1337683523654138,0.0008768012725026647,15.463306152705957,186.0,1.3665521917096446,0.0,2.3270397485588212,0.0,1.1567567567567567,0.3057798328294505,0.9684063004600436,2.431281778122123,1.2615769712140175,0.5917874396135266,2.0427901891219293,0.3227953110910666,0.26175873240241976,-0.04008909594560551,0.04183912733204196,-0.4139968367253571,0.31117274167987397,0.6527075812274368,-0.0491824280458775,-0.016956094564206846,-0.021120186697782962,0.0,1.7556935504610034,0.0,0.0,0.0,0.0,0.0,1.5534694471504196,0.13003277726138632,0.1640414375782785,2.2222222222222223,0.0,-0.016632420775175228,-0.03053269870988585,1.767200754005655,0.6379311579927655,0.0,7.657142857142799,11.466666666666745,9.1843477296731,0.9783502111448495,0.0,0.0,0.5515110314566475,0.0,0.0,9.080054954954946,22.17,0.38,0.26,94.08,77.33,19.32,26.7,15.16,21.41,2.36,11.54,0,0,0.508164648731944
Piura,2021,Enero,0.0,-0.1940766629856897,0.0,1.6259687458916916,0.0,0.0,0.0,0.0,-0.07313553495470598,2385.0,2.09009009009009,-0.0897385737150988,-0.07171800262011385,0.3533194518425257,0.4806007509386733,0.0,-0.05856458676203438,0.17491433724075744,-0.10859559988911921,0.8408896667506086,279.18854113569165,-0.21635752846293604,-0.3114104595879556,-0.05198555956678701,49.2319255572387,-0.012964776619134973,-0.021120186697782962,0.0,5.155062740619162,0.0,0.0,0.0,0.0,0.0,-0.026241327485510915,-0.14374378291994847,1.3527713503300995,0.0,0.0,-0.016632420775175228,0.018789353052237445,6.397266729500471,-0.35952577098033517,0.0,0.0,1.5555555555555556,0.9867285933648143,-0.5917121951602992,0.0,0.0,0.0,0.0,0.0,0.3207207207207207,14.57,0.53,1.42,91.39,67.28,23.5,35.2,17.49,25.61,1.84,17.71,0,1,0.9473866467062697
Piura,2021,Febrero,0.0,-0.2540727922676715,0.0,0.37017637069462866,0.0,0.0,0.0,0.0,-0.07313553495470598,240.0,2.3783783783783785,-0.2320113818246489,-0.07171800262011385,0.6399883782867656,0.0,0.0,-0.12690132744118768,0.2614788097385032,0.0009310612617149738,0.8008997397800722,94.79665613212354,-0.2696887703750179,-0.3114104595879556,-0.12707581227436823,-0.0491824280458775,-0.012339178195142523,-0.021120186697782962,0.0,0.2740770435137772,0.0,0.0,0.0,0.0,0.0,-0.09065341676738552,-0.1899254765748577,-0.027066041140382534,0.0,0.0,-0.016632420775175228,0.028575474433611116,1.1781338360037699,-0.35952577098033517,0.0,2.7755102040816326,0.0,0.4879762194329139,-0.592263865297967,0.0,0.0,0.0,0.0,0.0,0.2072072072072072,15.66,0.53,1.21,91.41,62.92,24.43,34.62,17.54,26.48,1.89,17.08,0,1,1.135279574161169
Piura,2021,Marzo,0.0,-0.2525928118489509,0.0,-0.0013179181456576604,0.0,0.0,0.0,0.0,-0.07313553495470598,0.0,2.1621621621621623,-0.2320113818246489,-0.07171800262011385,-0.11929688634932932,0.2903629536921151,0.048309178743961366,-0.024396216422457734,0.02342651036970245,0.1407595343847274,0.8049625283303954,64.56727495157507,-0.2696887703750179,-0.3114104595879556,0.0,-0.0491824280458775,-0.005332475846427079,-0.021120186697782962,0.0,0.26802610977906527,0.0,0.0,0.0,0.0,0.0,-0.06679454814567998,-0.20036201751382024,-0.027066041140382534,1.037037037037037,0.40686922060766184,-0.016632420775175228,0.08768364757710807,0.0,-0.35952577098033517,0.0,4.571428571428571,0.0,0.2313952542554943,-0.5914057117504836,0.0,0.0,0.0,0.0,0.0,0.06756756756756757,15.11,0.58,4.29,91.46,73.66,23.21,33.19,17.49,24.44,1.38,15.7,0,1,0.7494329177897083
Piura,2021,Abril,0.0,-0.2336946003483646,0.0,-0.0013179181456576604,0.0,0.0,0.0,0.0,-0.07313553495470598,180.0,1.981981981981982,-0.05417037168771127,-0.07171800262011385,0.020163672461382006,0.2453066332916145,0.0,0.04394052425669557,-0.17134355275022542,0.20644167430207463,1.0007150675732392,1.0052400856356407,-0.32406572291282687,-0.3114104595879556,0.011552346570397111,-0.0491824280458775,0.003551021774265715,-0.021120186697782962,0.0,0.05624342906414746,0.0,0.0,0.0,0.0,0.0,-0.06257811015649925,-0.18653360076969489,1.2731653469760333,2.551440329218107,0.4702774108322325,-0.016632420775175228,0.09316387555067733,0.0,-0.35952577098033517,0.0,2.693877551020408,0.0,0.7953905477997397,-0.5915283051144098,0.0,0.0,0.0,0.0,0.0,0.0,15.32,0.54,0.75,91.44,64.52,24.1,35.69,17.6,25.59,1.42,18.09,0,1,1.06503021390308
Piura,2021,Junio,17.361205008247925,1.3918931226448386,10.217509516041307,3.2598612980787514,0.38547071905115526,0.0,0.0,0.0,-0.07313553495470598,1300.0,4.0,0.5092299484261071,0.16592023885689927,1.4844995399738508,0.6007509386733417,0.0,0.25578442036207083,0.47788999098286744,0.3115669549429835,1.9402265256442541,1.1275767152614944,-0.2675973491235637,-0.3114104595879556,0.467870036101083,-0.0491824280458775,0.030576873690739567,-0.021120186697782962,0.0,-0.03452057695653159,0.0,0.0,0.0,0.0,0.0,0.06021279128451982,-0.10917274105963504,1.6266160018680875,5.2181069958847734,1.1994715984147952,0.8543913616485952,0.1213479051290335,0.0,2.001590314839358,0.0,13.959183673469388,18.77777777777778,1.2719791906363467,-0.5620446010901585,0.0,0.0,0.0,0.0,0.0,0.018018018018018018,14.69,0.52,0.22,91.58,57.6,23.9,35.54,16.58,25.54,1.43,18.96,0,1,1.257565802578791
Piura,2021,Julio,94.37789015387112,1.3248386252120354,19.195214790647054,4.204372924115947,4.892512972572355,0.0,0.0,0.0,-0.07313553495470598,1883.0,3.4234234234234235,0.1635070247199004,-0.07171800262011385,-0.09217955546946878,0.0,0.19323671497584546,0.1282225044276513,0.15327321911632102,-0.0009310612617149738,1.025461143288844,0.5974513202161279,-0.248774557860476,-0.3114104595879556,-0.06931407942238267,-0.0491824280458775,-0.004706877422434629,-0.021120186697782962,0.0,0.5100634591675427,0.0,0.0,0.0,0.0,0.0,0.024253088433702122,-0.06599155292467751,0.8093277007663404,2.0411522633744856,1.130779392338177,1.1623048583238484,0.036404371538710054,5.914231856738925,2.674966868440848,0.0,9.959183673469388,95.66666666666667,0.5043623398974229,-0.5917734918422622,0.0,0.0,0.0,0.0,0.0,0.3063063063063063,16.83,0.52,0.14,91.53,51.84,24.65,36.19,15.95,26.46,1.3,20.24,0,1,1.494034918377673
Piura,2021,Agosto,104.46469617891236,0.025757351518118372,22.659053833605178,0.18121320178054762,4.329132690882205,0.0,0.0,0.0,-0.07313553495470598,2200.0,4.684684684684685,-0.2320113818246489,-0.07171800262011385,-0.11929688634932932,0.6007509386733417,0.0,0.06671943781641333,1.0189179440937781,-0.10504063870802569,0.9517937211449677,0.8013457029258843,-0.3041972210240121,-0.3114104595879556,-0.06931407942238267,-0.0491824280458775,-0.010462382923165172,-0.021120186697782962,0.0,0.6449992814516189,0.0,0.0,0.0,0.0,0.0,0.11152992681137788,-0.1119123330561127,0.5354830492283524,0.411522633744856,0.13210039630118892,0.8256367938656922,-0.023486691315296807,9.813854853911403,1.1018446219420477,0.0,6.775510204081633,55.333333333333336,0.4994378552583475,-0.5909766349767419,0.0,0.0,0.0,0.0,0.0,1.1927927927927928,16.23,0.51,0.38,91.56,53.0,24.31,36.45,16.26,26.37,1.58,20.19,0,1,1.428702233995672
Piura,2021,Septiembre,67.03804862219097,-0.18940903243434007,29.929309407286514,-0.0013179181456576604,1.541882876204621,0.0,0.0,0.0,-0.07313553495470598,3400.0,4.1441441441441444,-0.20355682020273888,-0.07171800262011385,0.3378238341968911,0.0,0.0,0.12138883035973597,-0.17134355275022542,-0.1131662642648109,1.005516544950894,3.3500254867978385,-0.06577519835823428,-0.3114104595879556,-0.06931407942238267,-0.0491824280458775,-0.013465255358328933,-0.021120186697782962,0.0,0.960858022403582,0.0,0.0,0.0,0.0,0.0,0.10714208890393778,-0.050467198277970735,0.5620183836797079,0.0,0.0,-0.004651350865632304,-0.003914448552549468,8.258718190386427,1.7494322862566722,0.0,0.6530612244897959,110.44444444444444,0.6272178905961379,-0.5908540416128157,0.0,0.0,0.0,1952.0,0.0,1.027027027027027,17.63,0.52,0.59,91.54,52.48,24.42,36.8,15.97,26.68,1.55,20.83,0,1,1.454051215641002
Piura,2021,Octubre,10.54652640687958,-0.1374958731315247,5.981511691136476,-0.0013179181456576604,0.02965159377316579,0.0,0.0,0.0,-0.07313553495470598,4000.0,4.684684684684685,-0.2177841010136939,-0.07171800262011385,0.11313737833518955,0.30037546933667086,0.9903381642512079,-0.03578567320231662,0.15327321911632102,-0.11079629014408188,1.000983681692269,23.637516566418594,-0.042769564592238185,-0.3114104595879556,-0.06931407942238267,-0.0491824280458775,-0.013465255358328933,-0.021120186697782962,0.0,11.168178139489148,0.0,0.0,0.0,0.0,0.0,-0.029600765883394744,0.04841902711869936,1.2943936145371175,0.0,0.0,-0.016632420775175228,-0.03053269870988585,0.0,0.2450804111895134,0.0,0.0,20.11111111111111,0.689736842408086,-0.5906088548849633,0.0,0.0,0.0,558.0,0.0,0.8918918918918919,17.29,0.53,1.55,91.51,59.54,23.7,35.9,16.96,25.79,1.73,18.94,0,1,1.185684918528261
Piura,2021,Noviembre,0.0,1.6900522546932453,0.0,0.010416225278169822,0.0,0.0,0.0,0.0,-0.07313553495470598,2500.0,6.486486486486487,0.40963898274942206,-0.07171800262011385,0.6864752312236694,0.15018773466833543,2.2463768115942035,0.0038496363915922972,0.304761045987376,-0.11215056107021275,1.0152538067657182,50.94305229890916,-0.014535377697606605,-0.3114104595879556,-0.05198555956678701,-0.0491824280458775,-0.018094683695873064,-0.021120186697782962,0.0,23.987686349849856,0.0,0.0,0.0,0.0,0.0,-0.05582495337707972,-0.12469709570634181,2.2040248795295816,0.0,0.0,-0.016632420775175228,-0.03053269870988585,0.23562676720075398,1.2737705505211516,0.0,0.0,0.0,0.7368440025882129,-0.5899345913833692,0.0,0.0,0.0,254.0,0.0,1.191891891891892,17.99,0.53,1.47,91.52,59.5,22.91,33.19,16.18,25.14,1.99,17.01,0,1,1.13160605845184
Piura,2021,Diciembre,10.925119662511156,2.2439064652375365,7.694399129961921,3.0698116344032047,0.0,0.0,0.0,0.0,-0.07313553495470598,300.0,1.3693693693693694,0.7311755290770053,-0.07171800262011385,0.23710231950026628,0.1902377972465582,2.5845410628019327,0.012961201815479403,0.6221641118124437,-0.1131662642648109,0.9671383026945354,77.29844020797226,-0.00826111394324403,-0.3114104595879556,-0.07509025270758123,-0.0491824280458775,-0.018094683695873064,-0.021120186697782962,0.0,24.47176104862681,0.0,0.0,0.0,0.0,0.0,-0.10607940941072963,-0.20036201751382024,1.9195660942110515,3.7037037037037037,1.690885072655218,-0.014236206793266643,-0.03053269870988585,3.487276154571159,3.4686915720477103,0.0,2.122448979591837,64.22222222222223,0.6700629916779812,-0.5929994254815243,0.0,0.0,0.0,2608.0,0.0,1.6126126126126126,16.51,0.54,1.57,91.46,64.73,22.94,33.31,16.51,24.95,1.99,16.8,0,1,0.9872660276552556
Puno,2021,Enero,0.0,-0.2561219959243616,0.0,-0.0013179181456576604,0.0,0.0,0.0,0.0,-0.07313553495470598,0.0,0.0,-0.2320113818246489,-0.07171800262011385,-0.11929688634932932,0.0,0.0,-0.10913377486460782,-0.17134355275022542,-0.008379551355434764,-0.04664495928817259,-0.014231827913141029,-0.038586722089329804,-0.26822503961965133,0.005776173285198556,-0.0491824280458775,-0.03285880650209489,-0.021120186697782962,0.0,-0.03452057695653159,0.0,0.0,0.0,0.0,0.0,-0.10607940941072963,-0.20036201751382024,-0.027066041140382534,0.0,0.0,-0.016632420775175228,-0.03053269870988585,0.0,-0.35952577098033517,0.0,0.0,0.0,0.0,1.0343048872748657,0.0,0.0,0.0,0.0,0.0,0.0,23.0,0.51,4.55,63.67,74.48,9.47,17.96,2.07,13.86,3.6,15.89,0,0,0.3024087066351834
Puno,2021,Febrero,0.0,-0.2561219959243616,0.0,-0.0013179181456576604,0.0,0.0,0.0,0.0,-0.07313553495470598,0.0,0.0,-0.2320113818246489,-0.07171800262011385,-0.11929688634932932,0.0,0.0,-0.09501084845758281,-0.12156898106402164,0.009733822281565635,-0.05094278519264669,-0.014231827913141029,0.015790230448479166,-0.3114104595879556,0.11552346570397112,-0.0491824280458775,-0.03285880650209489,-0.021120186697782962,0.0,-0.03452057695653159,0.0,0.0,0.0,0.0,0.0,0.34672489464689765,-0.20036201751382024,-0.027066041140382534,0.0,0.0,-0.016632420775175228,-0.03053269870988585,0.0,-0.35952577098033517,0.0,0.0,0.0,0.0,6.748381579875087,0.0,0.0,0.0,0.0,0.0,0.0,22.64,0.52,2.93,63.75,75.02,9.28,16.52,3.55,13.88,4.08,12.97,0,0,0.2922460005168891
Puno,2021,Marzo,0.0,-0.24643381641412127,0.0,-0.0013179181456576604,31.223128243143574,1529.0,0.0,0.0,-0.07313553495470598,0.0,0.0,-0.2320113818246489,0.4718033086555162,-0.11929688634932932,0.0851063829787234,0.0,-0.09036395009140039,0.10999098286744817,-0.015658757583388194,-0.04389166456811886,-0.014231827913141029,0.0011502816882998288,-0.3114104595879556,0.12707581227436823,-0.0491824280458775,-0.02973081438213264,-0.019253208868144692,0.0,-0.03452057695653159,0.0,5.29100529100529,0.0,0.0,0.0,2.3094013626464895,0.04176573227011074,-0.027066041140382534,3.57201646090535,4.116248348745046,-0.016632420775175228,-0.03053269870988585,0.0,-0.12771231061284344,0.0,0.0,0.0,0.0,21.3510901239445,0.0,77.93777777777778,10.174896483530064,0.0,0.0,0.0,20.74,0.53,2.84,63.75,77.0,8.94,15.3,2.41,13.29,3.89,12.89,0,0,0.2629769062615391
Puno,2021,Abril,14.919819356932313,0.04745614134951443,14.27324632952689,0.0015243521503361076,385.77909562639616,28681.6,0.0,0.0,-0.07313553495470598,0.0,0.0,-0.2320113818246489,0.5466288882795602,-0.11929688634932932,0.5707133917396746,0.0,1.7396484074692056,-0.12084761045987374,-0.06424322705833319,-0.044160278687148495,-0.014231827913141029,-0.010352535194698222,-0.3114104595879556,0.17906137184115523,-0.0491824280458775,0.06898861692387602,0.05542590431738623,0.0,-0.03452057695653159,0.0,8.709808709808708,0.0,0.0,0.0,17.723145767831785,0.42387358739787684,1.1702082493047743,290.9280658436214,55.00787318361955,0.09718774336548254,-0.028575474433611116,0.0,0.7938106665711536,0.0,867.64,81.11444444444443,0.0,31.24835887711651,0.0,3104.1208888888887,1478.825783326123,0.0,4.0,0.0,21.57,0.53,1.26,63.79,66.21,9.37,16.59,2.47,12.79,2.91,14.12,0,0,0.3977204215870229
Puno,2021,Junio,31.60766921766408,-0.07880895729687268,21.043501903208227,-0.0009745858010345598,480.499184581179,11126.109,0.0,0.0,-0.07313553495470598,0.0,0.0,-0.2320113818246489,0.11753953020747672,-0.11929688634932932,0.12465581977471844,0.0,0.6931851185357714,-0.17134355275022542,-0.1131662642648109,-0.008955040711827417,-0.014231827913141029,0.445681868684888,-0.3114104595879556,0.6353790613718412,-0.0491824280458775,1.8650816922062008,1.6454842473745623,0.0,-0.03452057695653159,0.0,17.517297517297514,0.0,0.0,0.0,11.413194897047351,3.516325033021868,1.123081495319167,203.44444444444446,44.59762219286655,3.343338824657042,0.08181197474828387,0.0,0.14373007629213141,0.0,181.59836734693843,34.750000000000014,0.0,27.620772201194658,0.0,2574.1155555555556,1450.3805574439152,0.0,13.0,0.0,19.65,0.46,0.6,63.85,56.78,7.91,15.81,2.04,10.27,2.24,13.77,0,0,0.4608012251621663
Puno,2021,Julio,0.0,-0.2561219959243616,0.0,-0.0013179181456576604,0.0,0.0,0.0,0.0,-0.07313553495470598,0.0,0.0,-0.2320113818246489,-0.07171800262011385,-0.11929688634932932,0.0,0.0,-0.12690132744118768,-0.17134355275022542,-0.1131662642648109,-0.047074741878620006,-0.014231827913141029,0.004287413565481115,-0.3114104595879556,0.08086642599277978,-0.0491824280458775,0.8449809020441114,1.1329054842473745,0.0,-0.03452057695653159,0.0,4.827024827024827,0.0,0.0,0.0,-0.10607940941072963,-0.048510346851915256,-0.027066041140382534,0.0,0.0,0.9831878631761817,0.046386215347711195,0.0,-0.35952577098033517,0.0,0.0,0.0,0.0,-0.6193569987256574,0.0,0.0,0.0,0.0,1.0,0.0,20.16,0.44,0.03,63.9,57.2,8.01,14.5,1.8,10.35,2.43,12.7,1,0,0.4594428190224773
Puno,2021,Agosto,0.0,-0.2561219959243616,0.0,-0.0013179181456576604,0.0,0.0,0.0,0.0,-0.07313553495470598,0.0,0.0,-0.2320113818246489,-0.07171800262011385,-0.11929688634932932,0.0,0.0,-0.12690132744118768,-0.17134355275022542,-0.1131662642648109,-0.04610773105011332,-0.014231827913141029,0.016835941074206263,-0.3114104595879556,0.04678700361010844,-0.0491824280458775,0.5928021773327546,0.7816802800466744,0.0,-0.03452057695653159,0.0,3.6467236467236472,0.0,0.0,0.0,-0.10607940941072963,-0.20036201751382024,-0.027066041140382534,0.0,0.0,0.49148475408854003,0.044859580412216896,0.0,-0.35952577098033517,0.0,0.0,0.0,0.0,-0.6193569987256574,0.0,0.0,0.0,0.0,0.0,0.0,22.37,0.41,0.18,63.88,58.56,8.28,16.84,2.27,11.66,2.93,14.57,0,0,0.4530897815994205
Puno,2021,Septiembre,0.0,-0.2561219959243616,0.0,-0.0013179181456576604,0.0,0.0,0.0,0.0,-0.07313553495470598,0.0,0.0,-0.2320113818246489,-0.07171800262011385,-0.11929688634932932,0.0,0.0,-0.12690132744118768,-0.17134355275022542,-0.1131662642648109,-0.045510064635272386,-0.014231827913141029,0.0797877207429777,0.15931061806656097,0.006931407942237873,-0.0491824280458775,-0.03200799264546525,-0.021120186697782962,0.0,-0.03452057695653159,0.0,1.2942612942612925,0.0,0.0,0.0,-0.10607940941072963,-0.20036201751382024,-0.027066041140382534,0.0,0.0,-0.016632420775175228,-0.003523003697294521,0.0,-0.35952577098033517,0.0,1.4848893090170253e-13,2.5263741715914678e-14,0.0,-0.6183456034732663,0.0,0.0,0.0,0.0,2.0,0.0,24.06,0.39,0.89,63.91,68.47,9.43,16.91,3.86,13.8,3.72,13.05,0,0,0.3726218410955706
Puno,2021,Octubre,0.0,-0.2561219959243616,0.0,-0.0013179181456576604,0.0,0.0,0.0,0.0,-0.07313553495470598,0.0,0.0,-0.2320113818246489,-0.07171800262011385,-0.11929688634932932,0.0,0.0,-0.12690132744118768,-0.17134355275022542,-0.1131662642648109,-0.04531196172248802,-0.014231827913141029,0.01798622276250597,1.3141838351822503,0.09299638989169688,-0.0491824280458775,-0.03285880650209489,-0.021120186697782962,0.0,-0.03452057695653159,0.0,0.0,0.0,0.0,0.0,-0.10607940941072963,-0.20036201751382024,-0.027066041140382534,0.0,0.0,-0.016632420775175228,-0.03053269870988585,0.0,-0.35952577098033517,0.0,0.0,0.0,0.0,-0.6193569987256574,0.0,0.0,0.0,0.0,0.0,0.0,27.42,0.43,2.91,63.83,63.0,10.57,19.14,3.57,15.52,3.33,15.57,0,0,0.4719791027853067
Puno,2021,Noviembre,0.0,-0.2561219959243616,0.0,-0.0013179181456576604,0.0,0.0,0.0,0.0,-0.07313553495470598,0.0,0.0,-0.2320113818246489,-0.07171800262011385,-0.11929688634932932,0.0,0.0,-0.12690132744118768,-0.17134355275022542,-0.09640716155394137,-0.04445575421808106,-0.014231827913141029,0.020182215076533252,2.3015055467511885,0.017328519855595668,-0.0491824280458775,-0.03285880650209489,-0.021120186697782962,0.0,-0.03452057695653159,0.0,0.0,0.0,0.0,0.0,-0.10607940941072963,-0.20036201751382024,-0.027066041140382534,0.0,0.0,-0.016632420775175228,-0.03053269870988585,0.0,-0.35952577098033517,0.0,0.0,0.0,0.0,-0.2818574678368265,0.0,0.0,0.0,0.0,0.0,0.0,25.45,0.44,2.44,63.71,67.65,10.49,16.81,3.87,15.47,3.17,12.94,0,0,0.4104659163949843
Puno,2021,Diciembre,6.148724287926448e-15,-0.2561219959243616,0.0,-0.0013179181456576604,0.0,0.0,0.0,0.0,-0.07313553495470598,0.0,0.0,-0.2320113818246489,-0.07171800262011385,-0.11929688634932932,0.0,0.0,-0.12690132744118768,0.05949504057709655,-0.08320302002416538,-0.03902639133719473,-0.014231827913141029,0.15351031985673746,4.166402535657686,0.18714801444043383,-0.0491824280458775,-0.03285880650209489,-0.021120186697782962,0.0,-0.03452057695653159,0.0,0.0,0.0,0.0,0.0,0.487533355495342,-0.20036201751382024,-0.027066041140382052,1.197688496161881e-13,0.0,-0.016632420775175228,-0.03053269870988585,0.0,-0.35952577098033517,0.0,0.8342857142861062,0.0,0.0,14.229163499352182,0.0,3.9644444444444447,0.0,0.0,0.0,0.0,21.3,0.5,4.98,63.71,70.34,10.04,17.18,3.21,15.12,3.34,13.97,0,0,0.3651791497727755
San Martin,2021,Enero,0.0,1.796155466250754,0.0,1.1816447140400113,0.0,0.0,0.0,0.0,-0.01873720317021404,0.0,0.0,0.18271385381468966,-0.07171800262011385,-0.11929688634932932,0.0,0.0,-0.12690132744118768,-0.17134355275022542,-0.10487135484225932,1.0735094938302694,0.10270160057090423,2.0293060402860013,-0.05606180665610143,-0.3927797833935018,1.0979285868859554,0.09157272003000347,-0.01528588098016336,0.0,-0.01485504231871779,0.0,0.0,0.0,0.0,38165.3,-0.10607940941072963,0.8922133620338208,-0.027066041140382534,0.0,0.0,0.3155427424669023,1.352520263876892,0.0,-0.26450804111895043,0.0,0.0,0.0,0.0,-0.6193569987256574,0.0,0.0,0.0,0.0,0.0,0.0,16.94,0.57,1.91,90.21,76.92,22.61,30.54,17.16,22.59,0.01,13.38,0,0,0.6332586171016521
San Martin,2021,Febrero,0.0,3.7117055066656035,0.0,1.5407199548887374,0.0,0.0,0.0,0.0,-0.07313553495470598,0.0,0.0,0.08312288813800459,-0.07171800262011385,-0.11929688634932932,0.0,0.0,-0.12690132744118768,-0.17134355275022542,-0.10504063870802569,1.1188381264165197,-0.001998164950555649,1.7652641072899098,-0.08201267828843106,-0.3927797833935018,-0.0491824280458775,0.1720872371978318,-0.006184364060676779,0.0,-0.011527028764626225,0.0,0.0,0.0,0.0,31410.72,-0.10607940941072963,1.1030314890008641,-0.027066041140382534,0.0,0.0,2.519580363026418,1.5665231662447716,0.0,-0.2992972527669321,0.0,0.0,0.0,0.0,-0.6193569987256574,0.0,0.0,0.0,0.0,0.0,0.0,16.5,0.57,2.9,90.18,77.5,23.11,30.38,17.67,23.06,0.03,12.71,0,0,0.6363205432350671
San Martin,2021,Marzo,0.0,0.34156240394357856,0.0,1.3018656201549126,0.0,0.0,0.0,0.0,0.1625905694447591,0.0,0.0,0.07600924773252708,-0.07171800262011385,-0.11929688634932932,0.0,0.0,-0.12690132744118768,-0.17134355275022542,-0.10427886131207706,1.0754233694283555,-0.01382403914772151,1.7746755029214538,0.12412836767036449,-0.3927797833935018,-0.0491824280458775,1.4118981938660697,-0.00898483080513419,0.0,-0.018183055872809356,0.0,0.0,0.0,0.0,33698.5,-0.10607940941072963,1.0135381504492604,-0.027066041140382534,0.0,0.0,4.6857578026717785,2.5075565982776626,0.0,0.29677280704896397,0.0,0.0,0.0,0.0,-0.6193569987256574,0.0,0.0,0.0,0.0,0.0,0.0,15.13,0.63,5.17,90.27,85.84,21.13,27.82,16.45,21.0,0.06,11.37,0,0,0.3549702322738355
San Martin,2021,Abril,0.0,-0.11541001149830939,0.0,1.7357783811445355,0.0,0.0,0.0,0.0,-0.06558021109574877,0.0,0.0,0.038306953583496305,-0.07171800262011385,-0.11929688634932932,0.0,0.0,-0.12690132744118768,-0.17134355275022542,-0.10690276123145563,1.0967781918912114,-0.014231827913141029,1.4640994470805064,0.07389064976228209,-0.3927797833935018,-0.0491824280458775,0.15231832699967038,0.00011668611435239207,0.0,-0.008804108584005854,0.0,0.0,0.0,0.0,30560.79,-0.10607940941072963,1.5923748022764705,-0.027066041140382534,0.0,0.0,14.266360450488227,1.763576506380112,0.0,0.18931910168702404,0.0,0.0,0.0,0.0,-0.6193569987256574,0.0,0.0,0.0,0.0,0.0,0.0,16.07,0.61,1.56,90.35,83.39,21.83,29.31,17.16,21.73,0.05,12.15,0,0,0.4346128355447396
San Martin,2021,Junio,0.0,3.4734286592515846,0.0,3.635503041642085,0.0,0.0,0.0,0.0,-0.05046956337783434,0.0,0.0,0.3911435176951806,-0.07171800262011385,-0.11929688634932932,0.0,0.0,-0.12690132744118768,-0.17134355275022542,-0.10707204509722199,2.251785326953748,-0.014231827913141029,4.158686587454086,1.2157290015847861,-0.3927797833935018,-0.0491824280458775,1.5174366479935961,0.07736289381563594,0.0,0.05533578900394067,0.0,0.0,0.0,0.0,63182.22,-0.10607940941072963,3.5625328180291245,-0.027066041140382534,0.0,0.0,22.37988108788115,4.665513796327135,0.0,-0.004957197607363318,0.0,0.0,0.0,0.0,-0.6193569987256574,0.0,0.0,0.0,0.0,0.0,0.0,13.96,0.6,5.46,90.55,81.32,21.19,29.15,15.43,21.01,0.09,13.72,0,0,0.4700068096002137
San Martin,2021,Julio,0.0,3.2780712439804636,0.0,1.6196201397014958,0.0,0.0,0.0,0.0,-0.0021154906805081683,0.0,0.0,0.00010670460608222728,-0.07171800262011385,-0.11929688634932932,0.0,0.0,-0.12690132744118768,-0.17134355275022542,-0.11277691137354827,1.0654846470242592,-0.014231827913141029,1.998457576827052,0.13926307448494418,-0.3927797833935018,-0.0491824280458775,1.5085531503729033,-0.008518086347724621,0.0,-0.017275415812602564,0.0,0.0,0.0,0.0,33495.51999999999,-0.10607940941072963,0.7639547967320588,-0.027066041140382534,0.0,0.0,5.163383154615707,2.148366799095724,0.0,-0.2407392814928892,0.0,0.0,0.0,0.0,-0.6193569987256574,0.0,0.0,0.0,0.0,0.0,0.0,16.77,0.58,0.67,90.62,75.14,21.44,30.09,14.93,21.27,0.09,15.16,0,0,0.635157224879523
San Martin,2021,Agosto,0.0,0.306953631075035,0.0,1.3810710230760626,0.0,0.0,0.0,0.0,-0.027803591800962698,0.0,0.0,0.1805797616930464,-0.07171800262011385,-0.11929688634932932,0.0,0.0,-0.12690132744118768,-0.17134355275022542,-0.11282769653327819,0.9709996306555864,-0.014231827913141029,1.5310249271270404,0.22404912836767035,-0.3927797833935018,-0.0491824280458775,0.4698095271758389,-0.014585764294049008,0.0,-0.02060342936669413,0.0,0.0,0.0,0.0,32314.62,-0.10607940941072963,0.8078078371899613,-0.027066041140382534,0.0,0.0,1.8306688432276983,2.0947779984113226,0.0,2.431058418997816,0.0,0.0,0.0,0.0,-0.6193569987256574,0.0,0.0,0.0,0.0,0.0,0.0,17.18,0.54,0.29,90.5,66.18,23.48,32.96,15.8,23.32,0.06,17.16,0,1,0.9780570341925476
San Martin,2021,Septiembre,0.0,-0.12656678696251095,0.0,1.4118708027349247,0.0,0.0,0.0,0.0,-0.035358915659919915,0.0,0.0,0.2274871065267648,-0.07171800262011385,-0.11929688634932932,0.0,0.0,-0.12690132744118768,-0.17134355275022542,-0.11292080265944968,1.2749365063376144,-0.014231827913141029,2.0695658993764945,0.27297939778129954,-0.3927797833935018,-0.0491824280458775,1.7122479972248452,-0.016452742123687282,0.0,-0.01001429533094824,0.0,0.0,0.0,0.0,40409.16999999998,-0.10607940941072963,-0.20036201751382024,-0.027066041140382534,0.0,0.0,4.280558018331039,2.027919217133777,0.0,2.59220459185501,0.0,0.0,0.0,0.0,-0.6193569987256574,0.0,0.0,0.0,0.0,0.0,0.0,18.35,0.53,0.97,90.46,65.07,23.95,32.73,17.48,23.87,0.04,15.25,0,1,1.03912444144655
San Martin,2021,Octubre,0.0,0.02336661391864661,0.0,1.527490816403028,0.0,0.0,0.0,0.0,-0.020248267942005484,0.0,0.0,0.34274230837631164,-0.07171800262011385,-0.11929688634932932,0.0,0.0,-0.12690132744118768,-0.17134355275022542,-0.09757522022772924,1.1074388147401997,0.2508308696095422,1.5404363227585842,0.1858161648177496,-0.3927797833935018,-0.0491824280458775,0.7568966439459744,-0.01691948658109685,0.0,-0.009409201957477046,0.0,0.0,0.0,0.0,47866.57000000001,-0.10607940941072963,0.7347455277791363,-0.027066041140382534,0.0,0.0,0.13630593662014193,2.011402984356005,0.0,1.1256277087288242,0.0,0.0,0.0,0.0,-0.6193569987256574,0.0,0.0,0.0,0.0,0.0,0.0,18.94,0.53,0.69,90.29,62.56,25.11,32.87,18.47,25.07,0.02,14.4,0,1,1.193770119278867
San Martin,2021,Noviembre,0.0,0.9802308769453203,0.0,1.865996082099889,0.0,0.0,0.0,0.0,0.13841353309609603,0.0,0.0,0.27163435888315846,-0.07171800262011385,-0.11929688634932932,0.0,0.0,-0.12690132744118768,-0.17134355275022542,-0.07657555667941243,1.1929084697389405,0.7208074217555306,1.208946054403095,0.23890649762282093,-0.3927797833935018,-0.0491824280458775,0.32166782037442665,-0.017852975495915985,0.0,-0.014552495631982193,0.0,0.0,0.0,0.0,48725.47999999998,-0.10607940941072963,1.2399197690915316,-0.027066041140382534,0.0,0.0,0.031291858862996465,1.9126778517467198,0.0,0.3812428811920212,0.0,0.0,0.0,0.0,-0.6193569987256574,0.0,0.0,0.0,0.0,0.0,0.0,17.04,0.53,0.73,90.19,64.04,24.47,31.57,18.46,24.45,0.01,13.11,0,0,1.103625916476027
San Martin,2021,Diciembre,0.0,1.1710914286364824,0.0,1.8132000421559977,0.0,0.0,0.0,0.0,1.4696615970443572,0.0,0.0,0.3569269073448335,-0.07171800262011385,-0.11929688634932932,0.0,0.0,-0.12690132744118768,-0.17134355275022542,-0.08341462485637334,1.1436177788970032,1.26540931797329,1.2938577572121364,0.49445324881141045,-0.3927797833935018,-0.0491824280458775,1.1265314727619136,0.0046907817969661664,0.0,0.003902852258889214,0.0,0.0,0.0,0.0,56267.47999999998,-0.10607940941072963,1.3784257130277384,-0.027066041140382534,0.0,0.0,-0.016632420775175228,1.5815546486865626,0.0,0.8068168630681605,0.0,0.0,0.0,0.0,-0.6193569987256574,0.0,0.0,0.0,0.0,0.0,0.0,17.62,0.53,1.07,90.14,67.7,24.61,33.32,18.71,24.6,0.01,14.61,0,1,0.999629607717659
Ica,2022,Enero,0.0,0.8898458543471576,0.029472539423599727,-0.0013179181456576604,0.0,0.0,1.1045152133416127,0.0,1.0601630438888763,0.0,0.0,21.621101902898815,0.5454102306309602,-0.10046971090988328,0.0,0.0,2.0935461643156925,0.09691614066726782,-0.10937430567164447,-0.07174291949970621,0.40422061372209184,-0.4139968367253571,-0.3114104595879556,-0.3171119133574007,-0.0491824280458775,-0.03285880650209489,-0.021120186697782962,0.0,47.361218052960794,0.0,0.0,2411800745759210.0,0.0,0.0,-0.10106596180164279,-0.20036201751382024,1.867206572271637,0.0,0.0,-0.016632420775175228,-0.03053269870988585,0.0,-0.35952577098033517,82.6,0.0,0.0,0.0,0.20278903887216437,0.0,0.0,0.0,1013.554,0.0,0.010810810810810811,25.12,0.33,0.3,95.84,77.84,21.04,26.65,17.35,22.87,3.19,9.299999999999997,0,0,0.5524578511155938
Ica,2022,Febrero,0.0,1.4620988399230408,0.07069059271343107,-0.0013179181456576604,0.32616753150482364,6.35,1.1496100670375486,0.0,1.8063268281994906,0.0,0.0,13.208500800284547,0.8067513633732447,-0.005481574742143247,0.0,0.0,0.39856265055438184,-0.17134355275022542,-0.06498807606770517,-0.07095356333417276,5.64139055969008,-0.36709671516149683,-0.3114104595879556,-0.3927797833935018,0.2291988747024454,-0.03285880650209489,-0.021120186697782962,0.0,26.235106004795348,8.744993324432555,34.27920227920227,3591444780967524.0,0.0,0.0,-0.09636446204378803,-0.20036201751382024,3.027893943575266,0.0,0.03249669749009247,-0.016632420775175228,-0.03053269870988585,3.9541705937794527,-0.35952577098033517,36.03999999999999,0.0,0.0,0.0,0.2200324084752041,0.0,0.0,0.0,456.062,0.0,0.0,23.77,0.33,0.45,95.81,78.37,20.83,26.13,17.22,22.42,2.86,8.91,0,0,0.532330155703602
Ica,2022,Abril,0.5481489494037156,4.854150206628035,0.21141924959216926,-0.0013179181456576604,2.6805040770941875,7.76,2.7715679689777093,0.0,3.1454324289610676,0.0,0.14774774774774774,6.281408500800286,0.502757212929958,-0.00079415040433878,0.0,0.0,5.400857626095523,-0.17134355275022542,3.107059772016958,-0.06306131117266851,8.069915383831175,-0.362547873939584,-0.3114104595879556,-0.3927797833935018,-0.0491824280458775,-0.03285880650209489,22.36931155192532,0.0,18.50582145207284,68.54917668001762,6.666666666666663,2244850900197702.2,5648.799999999999,0.0,-0.10308333883955569,-0.18838608678636073,3.976479079542319,0.0,0.033659180977542925,-0.016632420775175228,-0.03053269870988585,4.820334590009424,-0.35952577098033517,202.63,0.0,0.0,0.0,1.0401954984115191,0.0,0.0,0.0,7343.841,0.0,0.016216216216216217,20.9,0.33,0.14,95.78,72.61,19.67,25.45,14.67,20.6,2.91,10.78,0,0,0.6274677807866447
Ica,2022,Mayo,1.222585791935964,2.619977458759776,0.16204458945078817,-0.0013179181456576604,2.1100074128984776,7.399999999999999,0.0,0.0,0.5711824837371646,0.0,0.15855855855855855,2.135408145118265,1.1664381683575544,0.2049489128855745,0.30037546933667086,0.0,2.325549398921418,-0.17134355275022542,4.110974038203142,-0.07076314950054563,-0.014231827913141029,-0.35475732977791713,-0.3114104595879556,-0.3927797833935018,-0.0491824280458775,0.008299313812368411,19.566254375729294,0.0,0.05624342906414746,25.725856697819243,0.0,0.0,120.3000000000002,0.0,-0.10343299467280483,-0.10361528300963749,1.0154011081155663,0.0,0.0,-0.016632420775175228,-0.03053269870988585,3.983270499528747,-0.35952577098033517,0.0,0.0,0.0,0.0,-0.3737093198248934,0.0,0.0,0.0,3217.889999999999,0.0,0.0,17.94,0.33,0.09,95.91,68.45,18.49,24.61,13.58,18.98,2.62,11.03,0,0,0.6715020207917983
Ica,2022,Junio,0.0,3.3358304397818754,0.46400217509515945,-0.0013179181456576604,0.0,0.0,1.4570440116080141,0.0,0.24418806712149704,0.0,0.0,3.0248977414191733,5.59540566066478,-0.11929688634932932,0.2832540675844806,0.0,3.4429006668526947,-0.001785392245266022,3.7071727689973595,-0.07111567195500713,0.46899785910898145,-0.3889520672391932,-0.3114104595879556,-0.3927797833935018,1.6056628435403597,0.3291762526591841,17.936784130688448,1167.6,0.01086142605379033,1.4463729417000615,3.6711436711436725,91743250221628.94,82.0,0.0,-0.0993080842399746,0.12389478662165912,3.1720869509839305,0.0,0.0,-0.016632420775175228,-0.03053269870988585,3.904924599434495,-0.33465381997922483,0.0,0.0,0.0,0.0,0.5879038323099329,0.0,0.0,0.0,2903.002999999999,0.0,0.06243243243243243,14.47,0.33,0.02,95.99,71.14,17.01,23.94,11.88,17.47,2.92,12.06,0,0,0.5595648607216541
Ica,2022,Julio,0.0,1.0008253736950545,0.0407830342577487,-0.0013179181456576604,0.0,2.95,0.0,0.39376363539615794,0.1477216920903311,0.0,0.0,6.072850791392495,6.083197757669927,0.09733184833664223,0.0,0.0,1.8533744113074537,0.7996212804328223,1.6788388819647106,-0.07139372114496768,-0.014231827913141029,-0.3917441146098845,-0.3114104595879556,-0.3927797833935018,-0.0491824280458775,2.1004693552176,19.186679113185527,13813.45,-0.03452057695653159,0.141522029372489,0.0,0.0,0.0,0.0,0.5863464367713842,0.022471177209203726,5.997728575370963,0.0,0.0,-0.016632420775175228,-0.03053269870988585,10.123350612629595,-0.1350191625774554,53.39999999999998,0.0,0.0,0.0,0.1620524899731271,0.0,0.0,0.0,150.7000000000007,0.0,0.45045045045045046,12.96,0.33,0.01,95.95,70.56,16.93,22.69,12.86,17.6,3.53,9.830000000000002,0,0,0.56792321910042
Ica,2022,Agosto,0.0,0.9027197486310169,0.31865144100054316,-0.0013179181456576604,0.0,0.0,3.4179670768333947,14.499015590911501,-0.07313553495470598,0.0,0.0,-0.00010670460608222728,6.173695274654966,0.07865962907365259,0.0,0.0,2.059509911674761,0.7193327321911632,0.5301124256473528,-0.07144140015109544,-0.014231827913141029,-0.34905820686770445,-0.3114104595879556,-0.3927797833935018,1.2971235663276344,1.0599690516459646,9.821960326721115,6088.299999999997,0.010861426053807941,10.615042278593654,0.0,0.0,0.0,0.0,2.196794701548606,-0.13180698922101006,4.924671492559492,0.0,0.0,-0.016632420775175228,-0.03053269870988585,1.0721017907634307,-0.25751638669006693,683.265,0.0,0.0,0.0,0.05260849026165058,0.0,0.0,0.0,11.03000000000066,0.0,2.1621621621621623,13.73,0.32,0.01,95.94,67.46,16.95,23.06,12.39,17.95,3.33,10.67,0,0,0.6285214007716495
Ica,2022,Septiembre,0.0,0.7848529696376298,0.0,-0.0013179181456576604,0.0,0.0,0.0,0.0,0.997604962336711,0.0,0.972972972972973,9.382784990218747,11.547451482192367,0.0700983003244395,0.0,0.0,6.957340789631038,11.010622182146076,0.7562418135380554,-0.07146154621002267,-0.014231827913141029,-0.3370639059906147,-0.3114104595879556,-0.3927797833935018,-0.0491824280458775,0.3691507407554542,3.7585764294049007,369.1800000000003,0.010861426053807941,0.0,0.0,0.0,0.0,0.0,0.7847792073387959,-0.033753077964222236,2.539527034198739,0.0,0.0,-0.016632420775175228,-0.03053269870988585,4.2631950989632434,-0.29376410329882796,345.5999999999999,0.0,0.0,0.0,0.24949159382667085,0.0,0.0,0.0,40.85000000000037,0.0,5.709909909909909,18.67,0.32,0.0,95.95,63.21,17.32,24.98,12.58,18.6,3.62,12.4,0,0,0.7274525831600829
Ica,2022,Octubre,0.0,0.17246667197941606,0.0,-0.0013179181456576604,0.0,0.0,0.0,45.48842654179745,2.042355145553314,0.0,0.0,28.515347679174823,4.254272918380405,-0.0036608396687811046,0.0,0.0,4.747745172294007,40.261478809738506,-0.1131662642648109,-0.07100825988416018,-0.014231827913141029,-0.3335816896069434,-0.3114104595879556,-0.3927797833935018,-0.0491824280458775,-0.011963819140747052,0.6906651108518086,0.0,1.0243928266180573,0.0,2.8050468050468083,0.0,7.899999999999636,0.0,0.06447722125081297,-0.000554441237382385,0.77037382979175,0.0,0.0,-0.016632420775175228,-0.03053269870988585,4.969250706880302,0.4720226369139305,752.6300000000001,0.0,0.0,0.0,0.15465398046018028,0.0,0.0,0.0,8.159999999999854,0.0,7.027027027027027,22.61,0.32,0.01,95.95,63.94,17.39,23.55,11.74,19.07,3.4,11.81,0,0,0.7161793667764957
Ica,2022,Noviembre,0.0,0.07108232106467571,0.0,-0.0013179181456576604,0.0,0.0,7.285329548478668,35.34720374607564,0.8516361053816571,0.0,0.0,30.95558242930821,0.8341102275843153,-0.11929688634932932,0.0,0.0,5.49698008553482,-0.17134355275022542,-0.1131662642648109,-0.07078766053890709,-0.014231827913141029,-0.36999333359476094,-0.3114104595879556,-0.3927797833935018,0.473821250811513,-0.03285880650209489,-0.021120186697782962,0.0,2.5599382804759125,0.0,0.9198209198209164,0.0,0.0,0.0,-0.053459634505100294,-0.0977682109485837,0.2743753582270151,0.0,0.0,-0.016632420775175228,-0.03053269870988585,1.0779924599434494,-0.1535011998997091,0.0,0.0,0.0,0.0,0.1411539992246276,0.0,0.0,0.0,136.8700000000008,0.0,4.324324324324325,23.38,0.32,0.01,95.89,69.06,18.8,25.72,13.54,20.72,3.19,12.18,0,0,0.6714146404821308
Ica,2022,Diciembre,0.0,-0.1388799963569675,0.06421968461120162,-0.0013179181456576604,0.0,0.0,1.474348569907872,11.919331666045862,5.98275875095386,0.0,0.030990990990991073,18.95752160768272,1.068823690704691,-0.051581037237906066,0.0,0.0,6.117823930387639,8.748422001803423,1.2401126584126692,-0.06962388986821119,-0.0030176368641044306,-0.24230160908722528,-0.3114104595879556,-0.22844765342960288,1.6370326769097598,0.00029790996950542175,8.236522753792313,2836.0,34.14546777499602,0.5340453938584766,1.8722018722018818,63331869759896.96,46.10000000000037,0.0,-0.03951453715551664,-0.04541852159874774,0.7759780924278789,0.0,0.0,-0.016632420775175228,-0.03053269870988585,6.603675777568331,-0.2725599054407384,1099.575000000001,0.0,0.0,0.0,-0.021523103937703736,0.0,0.0,0.0,978.8599999999988,0.0,1.5585585585585586,23.39,0.32,0.14,95.82,77.06,20.25,25.79,15.37,22.13,3.09,10.42,0,0,0.5447414647688273
Junin,2022,Enero,0.0,0.18718906180625916,0.0,0.000898531167731975,0.0,0.0,0.0,1.5384451657532048,0.5515386417038765,0.0,0.0,-0.2320113818246489,0.3734576364134907,15.456123190160284,9.303128911138923,0.6280193236714977,0.028450863036087484,11.140468890892695,1.1004466978007923,0.5802550658944011,1.152044041186665,0.9948890893167587,16.80863708399366,3.971407942238267,0.7116918415927289,2.6866112866088465,0.45223337222870474,3076.600000000001,-0.03452057695653159,0.05340453938584766,0.19536019536019533,102034679057612.73,0.0,0.0,0.689367043240857,1.1657290086916818,-0.027066041140382534,0.0,0.3149273447820344,-0.016632420775175228,0.2908717114840038,0.0,0.6906551094236909,0.0,0.0,0.0,0.0,0.1640452451037475,0.0,7.04,1.159260861504233,0.0,28.85,0.0,15.46,0.65,4.39,90.92,81.43,23.37,32.48,17.92,23.31,0.23,14.56,0,1,0.533485254435321
Junin,2022,Febrero,0.0,0.34366852992406555,0.0,0.0013222641247035228,0.0,0.0,0.0,1.889214069068269,0.8443829944770582,0.0,0.0,-0.19786590787835687,0.46071352405325555,19.64342646845189,18.915644555694623,0.676328502415459,0.04234600030751532,35.108007213706045,0.9634791220092314,0.5461662553512969,0.6553573249056988,0.8811785158751934,16.73177496038035,4.3246209386281595,1.7404561783163817,2.898953154877212,0.8351925320886815,5263.500000000002,-0.03452057695653159,2.8660436137071583,6.227106227106226,388787311581593.4,0.0,0.0,1.1869067259641823,0.850493289630318,-0.027066041140382534,0.0,2.001585204755614,2.1586704007667885,0.38929660588930726,0.0,0.7320606038898254,0.0,0.0,0.0,0.0,0.21584707103076425,0.0,8.371555555555554,3.430566714047339,0.0,28.6,0.0,14.44,0.73,14.61,90.95,87.25,22.3,29.08,18.0,22.17,0.23,11.08,0,0,0.3433034890344202
Junin,2022,Abril,0.0,0.839165974111727,1.5116911364872185,0.004510039754843322,0.0,0.0,0.0,4.43782259351886,1.4315827647952128,0.0,0.0,-0.17894362439978673,1.2975657313469215,44.53210014042903,46.78598247809762,5.004830917874397,0.24220818788047904,234.17455365193877,1.4913316080486039,1.1405844539578607,-0.014231827913140796,1.9442897664143883,31.30832012678289,8.510613718411554,-0.0491824280458775,6.174922449255368,4.074357059509919,12547.58,-0.03452057695653159,7.761459724076526,17.248677248677247,899840316171877.8,0.0,0.0,3.6804944407722004,1.9413075028945095,-0.027066041140382534,1.1901234567901233,26.512021136063407,11.87457886539268,2.5275547330429284,0.0,1.7308642859701289,0.0,0.4653061224489796,0.0,0.0,1.086879051394617,0.0,67.30666666666667,58.269427105864885,0.0,14.74,0.0,15.01,0.69,1.11,91.03,80.18,23.25,30.32,16.99,23.01,0.25,13.33,0,0,0.5652876635335198
Junin,2022,Mayo,1.4819221720435922,0.016331014697344135,17.46601413811851,0.001882895421619725,10.882134914751845,589.9,0.0,2.178683552386526,0.17860785602574863,0.0,0.0,-0.2320113818246489,0.41976662706029333,10.151973270059552,17.295118898623286,16.95169082125604,0.004122983354308947,84.17779981965734,0.5562498545216782,0.5199511961722485,-0.014231827913141029,0.743813968079684,14.581537242472262,4.306714801444043,-0.0491824280458775,3.39274362132027,4.406231038506418,5602.799999999999,-0.03452057695653159,1.0413885180240285,2.36060236060236,0.0,0.0,0.0,3.6182985524334197,0.9106403796291767,-0.027066041140382534,17.13744855967078,29.55878467635403,9.211831606062422,1.6770456639017297,0.0,-0.35952577098033517,0.0,0.0,56.70000000000002,0.0,0.19684509962220312,0.0,76.41955555555556,40.71058649032816,0.0,6.840000000000003,0.0,13.89,0.61,0.35,91.2,69.76,23.63,31.56,16.23,23.42,0.23,15.33,0,0,0.8824615820572141
Junin,2022,Junio,101.45406852537924,-0.17636243582008004,39.14518760195751,0.0029107194659660942,328.6713120830298,3151.400000000001,0.0,0.8181769807907208,0.04170538770144368,0.0,0.0,-0.2320113818246489,0.08268592145751444,-0.11929688634932932,9.213016270337917,50.900966183574916,-0.025216257310607577,2.5107123534715647,0.4234077265388447,0.547135952320995,-0.014231827913141029,0.478046612551141,13.719611727416794,4.4799999999999995,5.968908894178749,4.042815455659302,5.573838973162194,5004.100000000002,-0.03452057695653159,0.0,0.8140008140008139,77405618595430.2,0.0,0.0,2.920555195187228,0.8920568139197368,-0.027066041140382534,40.78847736625513,33.910171730515195,8.607955130893188,1.9440556798991018,0.0,1.686965865539598,0.0,0.0,88.10333333333328,0.0,0.14801616277039675,0.0,99.14844444444445,22.21580866448303,0.0,0.0,0.0,15.41,0.58,0.14,91.19,63.55,23.59,32.44,13.96,23.37,0.26,18.48,0,1,1.061123036460726
Junin,2022,Julio,86.51829416695965,-0.22994911144252533,11.796356715606285,0.0008724552934568048,251.8013343217238,2253.7,0.0,0.9620603416165588,0.0,0.0,0.0,-0.2320113818246489,-0.013953630076470548,8.045344051135533,4.265331664580726,34.1304347826087,-0.008223187795058222,-0.17134355275022542,0.24145296341987302,0.49275603122639094,-0.014231827913141029,0.4801903193338827,12.900911251980991,4.015942238267149,-0.0491824280458775,4.1797157843799955,5.140886814469078,3218.0,-0.03452057695653159,0.0,0.0,0.0,0.0,0.0,0.9286516131260458,0.7886959215954862,-0.027066041140382534,9.223374485596702,8.375693527080571,5.278184568381956,1.837802279833554,0.0,1.8483470038325165,0.0,269.19673469387754,9.822222222222232,0.0,0.0880802671468772,0.0,32.202666666666666,5.292503553550452,0.0,4.920000000000002,0.0,16.07,0.57,0.36,91.12,57.66,25.61,33.96,19.82,25.37,0.29,14.14,0,1,1.390704126484172
Junin,2022,Agosto,3.4776494767300465,-0.1753719873860131,1.445676998368679,-0.00035311079747629026,20.729429206820157,100.3999999999996,0.0,0.6410897674666092,0.14506221809197853,0.0,0.0,-0.2146540992352838,-0.07171800262011385,6.100256646167255,3.5989987484355517,3.8985507246376723,0.020432685463066872,0.028476104598716624,0.19002621783871065,0.4534426760681615,-0.014231827913141029,0.44066245768139733,9.613351822503954,3.9370397111913324,1.7021268123782738,3.208624374753475,3.6734422403733955,1997.0,-0.03452057695653159,0.0,0.0,0.0,0.0,0.0,0.07228277352834449,0.9298762291473016,-0.027066041140382534,0.49382716049382713,0.6605019815059445,2.434927514527045,1.1430107570024841,0.0,0.10169418675454081,0.0,0.5387755102040742,0.0,0.0,-0.0010205897546850422,0.0,8.295111111111083,1.1157530436932168,0.0,3.86,0.0,15.76,0.57,0.09,91.17,50.63,25.04,34.55,14.73,24.81,0.32,19.82,0,1,1.567610645013439
Junin,2022,Septiembre,2.8502663673977287,-0.11337219230637847,0.019032082653606168,-0.0009376449791447328,1.375833951074936,100.7999999999993,0.0,0.0,0.032941212025053034,0.0,0.0,-0.2320113818246489,-0.05392560095055298,6.958713863735419,0.0,1.705314009661801,0.01523909317145118,1.4420018034264686,0.41347584213433036,0.5188465206077385,-0.014231827913141029,0.6707710808726475,14.32569334389857,4.042166064981961,-0.0491824280458775,2.9149922472715306,2.342585764294048,1810.470000000001,-0.03452057695653159,0.0,0.0,0.0,0.0,0.0,0.02134271782165509,1.4279862368116354,-0.027066041140382534,0.0,1.1899603698811139,-0.016632420775175228,0.9201040499569755,0.0,0.2950822020846022,0.0,4.669387755102063,1.5333333333334045,0.0,0.028358909910229057,0.0,8.632888888888862,1.1769359124899714,0.0,4.740000000000002,0.0,15.99,0.56,0.31,91.01,52.52,26.46,35.09,17.86,26.39,0.29,17.23,0,1,1.639874859328567
Junin,2022,Octubre,0.0,-0.17912316852423196,0.0,-0.0011353870257314557,0.0,0.0,0.0,1.9769062948970353,-0.07313553495470598,0.0,0.0,-0.21451182642717423,-0.03564573622155197,3.288189433925712,0.0,1.3574879227053098,-0.02667410777842951,0.29321911632102043,0.8104465073564431,0.5699302106941997,-0.014231827913141029,0.8186868488817421,12.119849445324881,3.8550180505415144,-0.0491824280458775,2.798019105150267,0.7962567094515767,1206.400000000002,-0.03452057695653159,0.0,0.0,0.0,0.0,0.0,0.028219282542224562,1.9572623648549483,-0.027066041140382534,0.0,0.0,-0.016632420775175228,0.6607902312587713,0.0,0.3456570794082889,0.0,0.0,0.0,0.0,0.0520684664935557,0.0,17.164444444444445,1.5304369322044333,0.0,5.579999999999998,0.0,17.69,0.56,0.2,90.93,61.16,26.05,35.01,20.1,26.06,0.26,14.91,0,1,1.309404221281397
Junin,2022,Noviembre,0.0,-0.2108801329705482,0.0,-0.000970239821988698,0.0,0.0,0.0,1.2230085670196351,-0.06104701678037444,0.0,0.0,-0.2146540992352838,0.018218931846571338,3.455542104498568,9.733667083854813,1.3285024154589375,-0.054236593185688006,0.001785392245266022,1.3736708571476954,0.5711759086711995,0.8788255683555917,0.98683711749866,13.887975435816164,3.6701805054151655,1.7805133088076166,2.71496841197158,0.3096238039673273,1178.57,-0.03452057695653159,0.0,0.0,0.0,0.0,0.0,0.06977690672339316,2.032248911501394,-0.027066041140382534,0.0,0.0,-0.016632420775175228,0.411537719675184,0.0,0.12072065618396136,0.0,0.0,0.0,0.0,0.09939563463726489,0.0,14.666666666666666,1.2483777269637226,0.0,4.859999999999999,0.0,18.21,0.56,0.49,90.95,56.8,25.98,35.44,16.11,26.0,0.26,19.33,0,1,1.450378566921966
Junin,2022,Diciembre,0.0,-0.1616764762804678,9.891187621239002e-15,-0.0011440789838231841,0.0,1.818989403545856e-12,0.0,1.3336880753472038,0.07192668313727253,0.0,0.0,-0.2320113818246489,0.15312433354659857,10.03304440462933,5.7657071339174015,0.3381642512077295,-0.035922346683674784,0.6521009918845913,1.5891522898816939,0.5446754469906835,1.403038026302375,1.17668588159941,16.159191759112517,3.5072924187725567,0.5995429560701169,2.5611975705510774,0.33749824970828307,1744.740000000005,-0.03452057695653159,2.529747167815215e-15,0.0,0.0,0.0,0.0,0.4366207237755774,1.9493436394175132,-0.027066041140382534,0.0,0.0,-0.016632420775175228,0.33352276002287323,0.0,0.08662201368243876,0.0,0.0,0.0,0.0,0.11444703489330538,0.0,19.137777777777778,1.5926086150423333,0.0,6.759999999999991,0.0,14.88,0.59,2.58,90.83,73.28,24.33,32.84,18.83,24.29,0.25,14.01000000000001,0,1,0.8132056558949086
La Libertad,2022,Enero,0.0,0.09085372101230661,0.0,0.02688748586198691,0.0,0.0,0.8972751580894933,0.0,0.42944460814312796,1700.0,0.7207207207207207,0.1805797616930464,0.5997623617585233,0.7023582393104449,1.4518147684605758,0.3043478260869566,1.138057300357059,0.5788818755635708,0.12020136315832924,-0.0417947956014438,2.016309511672953,-0.23766911101525423,0.7733161648177496,1.15927797833935,0.05818827093702664,-0.03270991407718469,-0.021120186697782962,0.0,2.696834605290028,8.521584334668425,1.3186813186813184,257980612248338.28,0.0,0.0,0.7033429925757266,-0.05927302969522038,0.014965928630564462,0.0,0.0,-0.016632420775175228,-0.03053269870988585,0.0,-0.3337368816934696,0.0,0.0,0.0,7.757794585418918,0.33206374113234316,15611.0,0.0,0.5249366541004883,0.0,0.0,7.5225225225225225,21.34,0.38,0.24,94.11,79.14,20.35,26.77,16.18,22.46,2.4,10.59,0,0,0.4984177180343177
La Libertad,2022,Febrero,0.0,0.15587142385500755,0.0,0.06137282959090212,0.0,0.0,0.7784060523881334,0.0,1.2297045112838763,2700.0,12.612612612612613,0.5305708696425396,0.9805928769460442,1.2191370877923584,0.5331664580725908,0.0,0.5926845519102966,0.8241478809738503,0.1503697794442836,-0.03785724838411819,2.2771332449791006,-0.2093198959517927,0.8621632329635499,1.0908303249097475,0.1758078338022073,-0.0327424451952323,-0.017246207701283548,0.0,2.17874458252339,9.781041388518,1.8949938949938947,303817052987064.06,0.0,0.0,1.2323191343070046,-0.018635748414134977,0.223002950729191,0.0,0.0,-0.016632420775175228,-0.030113852714763058,0.23562676720075398,-0.32628675812170843,0.0,0.0,0.0,7.799925174891524,0.4431958514650835,14145.0,0.0,0.5256782646313577,0.0,0.0,4.1504504504504505,19.17,0.38,0.52,94.08,78.94,20.51,26.16,16.44,22.65,2.35,9.719999999999999,0,0,0.5081882783971163
La Libertad,2022,Abril,0.0,0.3631359646626213,0.407830342577487,2.110210769118777,0.0,0.0,2.8541217320779104,0.0,1.8261217767099587,1600.0,16.936936936936938,0.7919260181397832,2.927764067879232,0.882301099220377,13.44180225281602,8.212560386473431,0.35733281701129266,7.341731289449955,7.1421794028088526,0.008911390917485097,3.2501580181465997,-0.0002823418689464751,1.6009508716323304,2.234685920577618,-0.0491824280458775,-0.007108049293402452,0.17719953325554258,0.0,0.746464363782137,14.530485091232718,2.1514041514041518,2232615534803810.8,0.0,0.0,6.638157718262582,0.17783213476183488,0.6059608975311526,8.91358024691358,6.57331571994716,0.013110585275265074,-0.02482582416512398,0.0,-0.27041083133349963,25.0,0.0,0.0,12.32226867508705,1.5043560410416241,32330.5,0.4266666666666667,1.1869476546566957,0.0,0.0,2.4884684684684695,18.78,0.39,0.44,94.04,78.99,19.39,25.98,15.4,20.74,2.49,10.58,0,0,0.4730100152475296
La Libertad,2022,Mayo,0.0,0.28789603706781725,4.711799891245233,3.3603403336190816,0.0,0.0,0.0,0.0,0.6884411100281812,0.0,11.891891891891891,0.43738218033078435,1.5320354629375748,2.2666408406372573,5.50413016270338,8.5024154589372,0.4785166371489912,10.559044183949503,12.553686896793993,-0.038403206581045915,0.3666408400448567,-0.1336418179679227,0.3486529318541997,1.202252707581228,-0.0491824280458775,-0.009847169433010996,0.23754959159859979,0.0,0.698610554341167,4.914107699154414,0.9343101343101334,1486187877032262.8,71.1,0.0,3.4562279317248987,-0.05186308562855698,0.3502664147578915,12.510288065843621,8.274768824306474,0.01009674713951956,-0.026923968589290498,0.0,-0.35952577098033517,0.0,0.0,0.0,7.150040845326448,0.3097553654020105,16089.5,0.8888888888888888,0.7458129905444654,0.0,0.0,0.43243243243243246,18.41,0.38,0.25,94.14,71.23,19.24,26.52,13.81,20.31,2.3,12.71,0,0,0.6416969559214114
La Libertad,2022,Junio,58.668433435192945,0.5211523355229453,26.51821642196841,1.081185061566226,108.37064492216632,395.3,1.6842822927095091,0.0,1.364642595404852,500.0,1.3693693693693694,1.1628312288813802,2.404594339335223,-0.11929688634932932,3.623279098873592,6.678743961352659,2.080694301285299,11.910892696122634,12.666908347599044,-0.04188713170486024,0.1451055153430512,-0.3183038573650706,-0.1648969889064979,0.5532880866425982,0.4369080285652457,-0.00029790996950542175,0.23369894982497086,0.0,0.7446279053936519,4.223408989764124,0.3996743996743993,820147713390673.4,99.5,0.0,2.8663791090238027,-0.05950785186634703,0.9427473623877559,36.098765432098766,12.919418758256274,0.004741807943449351,-0.027252782267704653,1.2959472196041468,3.3557935456140986,0.0,0.0,110.65555555555555,8.118969376668726,0.40307717312023295,16245.0,6.222222222222222,7.943884803164204,0.0,0.0,1.3063063063063063,17.67,0.38,0.08,94.19,72.95,17.82,25.32,12.6,18.52,2.38,12.72,0,0,0.5520034038266302
La Libertad,2022,Julio,646.4574488223045,1.4833559125217726,66.35889070146806,0.05949319365356679,684.0000000000111,587.0999999999999,0.0,0.0,1.4512266068285014,147.0,2.0324324324324325,1.7832829450471284,1.3103616366572224,12.049799041208656,6.172715894868586,6.425120772946858,1.549854499689637,8.618557258791704,3.9938296030928218,-0.0625230756316629,0.20638189417881492,-0.3179587728585807,0.3190570522979394,0.25045487364620883,-0.0491824280458775,-0.005694071735494713,1.3883547257876314,0.0,0.7788970660535053,1.6652425456163733,0.0,1106108697542655.2,222.8,0.0,0.6490057904891383,0.000554441237382385,0.8973188698070351,47.440329218106996,16.428005284015853,0.01379350626010902,-0.03053269870988585,1.4137606032045238,3.300777248468786,0.0,260.7959183673469,489.0777777777778,9.78596541808218,0.4617019327165631,12528.0,10.275555555555556,5.643161732896607,0.0,0.0,4.854684684684686,18.46,0.38,0.04,94.13,71.02,18.17,25.98,12.95,19.18,2.53,13.03,0,0,0.6045478335258747
La Libertad,2022,Agosto,792.5985018524027,2.336515670715741,25.292822185970586,0.013404085872199966,782.9710896960838,422.7000000000001,1.6832938373610775,7.218304687915709,1.1558134439432748,0.0,0.9369369369369369,0.9586697492441755,0.8237516375712147,0.8239988378286763,0.9762202753441802,1.4009661835748795,0.5664888013166212,0.6492155094679892,1.9182401249314955,-0.041630303030303066,0.13242940156998637,-0.2313948472608918,0.31259904912836767,1.5728519855595668,0.061442977710452366,-0.016445606250228978,0.8534655775962661,0.0,0.6623352066015686,1.204272363150862,0.0,188500273465916.88,117.8,0.0,0.20093212417546993,-0.051080345058134906,0.8321480883945062,17.152263374485596,9.442536327608982,-0.005280357035883315,-0.03053269870988585,0.9425070688030159,0.6922310971023332,0.0,189.45632653061224,413.61111111111103,8.37287825587337,0.35777028231734564,14735.2,2.311111111111111,0.8891910265125759,0.0,0.0,18.64864864864865,19.7,0.38,0.05,94.14,69.29,18.3,26.33,13.26,19.72,2.66,13.07,0,0,0.6458854160284346
La Libertad,2022,Septiembre,436.61808053219397,3.066081125695875,22.57694399129958,-0.0013179181456576604,329.58042994811507,88.20000000000027,0.0,0.0,1.6845350075931,0.0,0.9369369369369369,1.1523030410812736,0.8885842244767391,0.8085032201830418,0.0,3.152173913043479,1.2330225909875228,0.9576014427412083,2.9239894282225936,-0.04230187190464192,0.16692833112448005,-0.21343999581715745,-0.12143423137876387,1.1846931407942243,-0.0491824280458775,-0.016548579750818124,1.3448074679113184,0.0,0.6273608096149328,1.3402759234534893,0.016280016280016504,0.0,0.0,0.0,0.2621973109581006,0.08318575412161833,0.7318445241683831,5.366255144032922,7.006605019815059,-0.016500629006170272,-0.03053269870988585,1.1781338360037699,0.4384970808410053,14.5,75.17959183673467,190.95555555555578,7.654545903901538,0.5443574435097066,14428.7,0.0,0.5135652926271552,0.0,0.0,33.95463963963964,19.43,0.38,0.18,94.16,68.14,18.28,27.61,13.44,20.06,2.77,14.17,0,0,0.6692317450485705
La Libertad,2022,Octubre,26.271667703291058,0.7571636744498462,0.13050570962479585,-0.0013179181456576604,0.3113417346182408,0.0,0.0,46.17719363592825,0.754776853509825,0.0,0.5405405405405406,1.2195980793170909,0.5717332358407217,0.004668054815747414,0.0,0.16908212560386476,0.8494029077283158,0.001785392245266022,0.7616402760173445,-0.042738302694535386,-0.013073707819349183,-0.23601688822660544,0.20740887480190093,1.532187725631768,-0.0491824280458775,-0.018020863081841965,0.062427071178529754,0.0,1.0272065108046993,0.7165109034267855,0.0,0.0,139.5000000000001,0.0,0.4931518448158851,-0.01323483847822185,0.3746258517842357,0.0,0.17437252311756934,-0.016632420775175228,-0.03053269870988585,2.4151743638077283,0.03280919803718013,41.5,0.0,0.0722222222221818,10.338396133765603,0.6838821769277549,13375.60000000001,0.0,0.5164081329954875,0.0,0.0,37.879819819819815,22.32,0.38,0.07,94.17,68.87,17.81,26.07,11.68,19.89,2.67,14.39,0,0,0.6348631820885873
La Libertad,2022,Noviembre,0.0,0.45915254044331033,0.0,-0.0013179181456576604,0.0,0.0,3.3720267136394164,26.04416538072686,0.3272966295700264,0.0,20.864864864864863,1.150880313000177,1.4034670810102676,-0.03213403709263474,3.9774718397997497,0.16908212560386476,1.4940689403818883,0.034247069431920664,0.6632372576860164,-0.042036212540921686,0.01655622387603291,-0.3557298406598433,0.3110935023771795,1.461429602888088,0.04205323523046968,-0.019105650749044852,-0.021120186697782962,0.0,2.65814493499028,0.9862038273253237,0.0,0.0,0.0,0.0,0.7094928216428712,-0.029568025047698118,0.19476935487294883,0.0,0.0,-0.016632420775175228,-0.03053269870988585,0.8718190386427898,-0.11195243382642535,0.0,2.7673469387755554,0.0,9.713087930984065,0.71825919507312,14056.5,0.0,0.511958469810272,0.0,0.0,20.9009009009009,23.68,0.38,0.05,94.12,73.19,18.73,25.44,13.79,21.09,2.38,11.65,0,0,0.5792515854389444
La Libertad,2022,Diciembre,0.0,0.4740320358838335,0.0,-0.0013179181456576604,0.0,0.0,3.223652976137673,0.8628744745383791,0.33470084695180535,3.0,12.49009009009009,1.1138893828916951,1.0707735429424492,-0.03794489370974771,0.7509386733416771,0.45893719806763295,2.2020147949043567,0.420180342651037,-0.1131662642648109,-0.019400100730294637,0.010643286777448876,-0.36636471772348794,0.2965530903328051,0.9057039711191348,-0.0491824280458775,-0.014386136238445807,-0.020466744457409737,0.0,2.222813532913293,0.9532710280373736,0.0,23749451159961.98,0.0,0.0,1.5042828126075263,0.09581396865776302,0.052327679538072124,0.0,0.0,-0.01663242077517521,-0.03053269870988585,0.14726672950047123,-0.075991260431961,0.0,0.0,0.0,9.665578486260424,0.6798960536996927,14946.0,0.0,0.5160373277300536,0.0,0.0,10.43261261261262,20.74,0.38,0.15,94.08,79.87,19.66,26.51,15.09,21.77,2.34,11.42,0,0,0.4608648980855099
Piura,2022,Enero,0.0,1.0758603809241907,0.0,0.8990602906808084,0.0,0.0,0.0,0.0,-0.07313553495470598,180.0,1.6216216216216217,-0.21493864485150288,-0.07171800262011385,-0.11929688634932932,0.0,1.6425120772946864,0.018883719341006022,0.9107123534715961,-0.11215056107021275,1.1468747250902374,301.284575389948,0.053435812974654606,-0.3114104595879556,-0.3927797833935018,75.00643323955853,-0.025351625414185487,-0.021120186697782962,0.0,6.50048785653236,0.0,0.0,0.0,0.0,0.0,-0.08208342085441657,-0.19827470932602775,1.6711953637463648,0.0,0.0,-0.016632420775175228,-0.03053269870988585,0.0,-0.35952577098033517,0.0,0.0,0.0,0.414127196323529,-0.6086300793821149,0.0,0.0,0.0,108.0,0.0,0.6648648648648648,15.4,0.53,0.97,91.5,62.34,23.58,35.26,16.43,25.87,2.08,18.83,0,1,1.095688297746682
Piura,2022,Febrero,0.0,-0.11882535092612619,0.0,0.2390147230905126,0.0,0.0,0.0,0.0,-0.07313553495470598,300.0,2.5225225225225225,-0.2320113818246489,-0.07171800262011385,0.09764176068955496,0.0,0.0,0.05532998103655445,0.47788999098286744,0.03614210534111762,1.1853201208763535,61.30088694056478,-0.24250029410611343,-0.3114104595879556,-0.06931407942238267,147.7802917117507,-0.00783486954239688,-0.021120186697782962,0.0,0.6310821338617815,0.0,0.0,0.0,0.0,0.0,-0.037999361878104314,-0.19879653637297587,-0.016451907359840364,0.0,0.0,-0.016632420775175228,-0.03053269870988585,1.2959472196041468,-0.35952577098033517,0.0,0.0,0.0,0.537539718660692,-0.5883408776523286,0.0,0.0,0.0,0.0,0.0,0.13513513513513514,14.14,0.54,1.42,91.48,65.32,22.96,34.22,16.95,24.8,1.94,17.27,0,1,0.9719264089605169
Piura,2022,Abril,0.0,-0.2561219959243616,1.1745513866231625,-0.0013179181456576604,0.0,0.0,0.0,0.0,-0.07313553495470598,690.0,4.864864864864865,0.14927974390894538,-0.07171800262011385,0.1170112827465982,0.14017521902377972,0.0,-0.09045506574563926,0.22541027953110912,0.219815099697617,1.9763215478888607,21.36205525537771,0.1485954799158203,-0.3114104595879556,0.7220216606498195,-0.0491824280458775,0.03996085005062632,-0.021120186697782962,0.0,0.44955412182042337,0.0,0.0,0.0,0.0,0.0,-0.07183370574250572,-0.054772271415292784,-0.027066041140382534,0.0,0.0,0.0067306655484334725,0.08337775416930367,0.4241281809613572,-0.35952577098033517,0.0,4.816326530612245,13.555555555555555,0.27310393421748835,-0.543410409773376,0.0,0.0,0.0,0.0,0.0,0.08468468468468468,15.14,0.56,1.75,91.44,68.36,23.3,34.06,16.98,24.55,1.38,17.08,0,1,0.905134166801699
Piura,2022,Mayo,6.354958219530004,-0.16390783137330794,2.169657422512231,0.07445422651894683,0.0,0.0,0.0,0.0,-0.07313553495470598,380.0,2.3423423423423424,-0.05274764360661577,-0.07171800262011385,-0.10380126870369473,0.4555694618272841,0.0,-0.05400880405009083,0.04506762849413888,-0.06779818823942672,1.2476721732561067,25.68869405647874,0.08271571049501328,-0.3114104595879556,-0.2252707581227437,-0.0491824280458775,-0.00745951048800141,-0.021120186697782962,0.0,0.11675276641126683,0.0,0.0,0.0,0.0,0.0,-0.07947814209687401,-0.06560018263946642,-0.0037149468231897596,3.0123456790123457,1.1466314398943196,0.11396124123884263,0.06067395256451675,0.0,-0.35952577098033517,0.0,0.0,6.111111111111111,0.6428810047401778,-0.5937349856650814,0.0,0.0,0.0,558.0,0.0,0.018018018018018018,15.27,0.53,0.47,91.52,57.88,24.13,35.58,16.52,25.63,1.39,19.06,0,1,1.266624867045478
Piura,2022,Junio,23.905459855593715,2.6507872357381115,8.06960304513321,3.8146255232830395,1.0674573758339683,0.0,0.0,0.0,-0.07313553495470598,950.0,2.3063063063063063,0.005584207718299777,-0.07171800262011385,-0.11929688634932932,0.0,0.0,-0.12690132744118768,-0.17134355275022542,-0.03241786029425772,1.4641751531939897,-0.014231827913141029,-0.08146085774414072,-0.3114104595879556,0.046209386281588445,258.65499415710883,-0.0003276884544874766,-0.021120186697782962,0.0,0.32853544712618465,0.0,0.0,0.0,0.0,0.0,-0.06610894847264245,-0.20036201751382024,0.007960600335406628,5.843621399176954,2.129458388375165,0.5512702929371593,0.0669370702485959,0.0,1.1247680790859282,0.0,0.0,16.88888888888889,0.5650670676446896,-0.6040941249168454,0.0,0.0,0.0,0.0,0.0,0.0,15.75,0.53,1.08,91.55,58.98,22.82,34.11,15.29,24.18,1.37,18.82,0,1,1.139906756341784
Piura,2022,Julio,23.25644284593959,0.3135566206354808,18.597063621533408,3.0104238307415,2.935507783543413,0.0,0.0,0.0,-0.07313553495470598,1882.0,3.5675675675675675,-0.2320113818246489,-0.07171800262011385,0.07439833422110308,0.0,0.531400966183575,-0.12690132744118768,0.6943011722272318,0.014304486657257325,1.116084831696466,0.6137628708329085,-0.19544331594839412,-0.3114104595879556,-0.10974729241877257,-0.0491824280458775,-0.0037059199440467082,-0.021120186697782962,0.0,0.5100634591675427,0.0,0.0,0.0,0.0,0.0,-0.05054583589469085,-0.10747680315705362,0.9658861740293375,7.7366255144032925,1.453104359313078,0.6585008686275685,0.0896408718533828,0.0,1.9041656219778658,0.0,9.877551020408163,107.83333333333333,0.988526614393022,-0.5934897989372291,0.0,0.0,0.0,10.0,0.0,0.14414414414414414,14.78,0.53,0.81,91.52,57.49,23.35,35.11,15.47,24.94,1.35,19.64,0,1,1.219769339332635
Piura,2022,Agosto,63.603666946104546,-0.10357016814854447,8.25992387166937,0.1638292855970995,3.3802816901408996,0.0,0.0,0.0,-0.07313553495470598,2000.0,4.684684684684685,-0.16087497776987386,-0.07171800262011385,-0.034070989298339065,0.0,0.0,0.21250448459860705,0.04506762849413888,-0.05882614335380971,0.8953176026189876,1.4130288510551532,-0.24354600473184052,-0.3114104595879556,-0.09241877256317689,85.9921073360744,-0.005582715216024059,-0.021120186697782962,0.0,0.6159547995250017,0.0,0.0,0.0,0.0,0.0,-0.012255094155545595,-0.19018639009833177,1.0619440847432442,0.9876543209876543,0.2536327608982827,0.3847334211945127,0.0301412538546309,25.91894439208294,1.9758014255524923,0.0,5.3061224489795915,100.22222222222223,0.7660997511456127,-0.5923251619799301,0.0,0.0,0.0,46.0,0.0,1.3333333333333333,15.99,0.52,0.53,91.5,52.76,23.95,36.14,15.77,25.93,1.43,20.37,0,1,1.405331766788865
Piura,2022,Septiembre,183.59068660591146,1.3761825612768814,34.94834148994012,0.012263266372661183,1.6604892512972842,0.0,0.0,0.0,-0.07313553495470598,3300.0,4.684684684684685,0.7567846345367244,-0.07171800262011385,0.15962423127209333,0.0,0.024154589371980683,0.4302708982295089,0.2614788097385032,-0.08083304590343636,0.9160680433140267,3.759853196044449,0.2845378612603427,-0.3114104595879556,0.15018050541516245,-0.0491824280458775,-0.013340135673530443,-0.021120186697782962,0.0,0.8731194832502589,0.0,0.0,0.0,0.0,0.0,-0.004302137948310411,0.182398121422631,3.2802980448765577,4.954732510288066,0.45970937912813736,0.8280330078476008,0.23056101974516366,1.449104618284637,4.219434793509797,0.0,4.244897959183674,455.72222222222223,0.24898801587817077,-0.579452858767679,0.0,0.0,0.0,2230.0,0.0,1.8018018018018018,18.35,0.52,0.26,91.53,51.63,24.13,36.48,16.81,26.44,1.75,19.67,0,1,1.454573713651229
Piura,2022,Octubre,0.0,0.801153246280126,1.7074497009244123,-0.0013179181456576604,0.0,0.0,0.0,0.0,-0.07313553495470598,4602.0,7.207207207207207,-0.20497954828383438,-0.07171800262011385,0.4734104885961938,0.0,1.1594202898550727,0.2831191166337321,2.533796212804328,-0.0958993099566423,0.8051639889196676,24.404159445407277,-0.14524920591349355,-0.3114104595879556,-0.25415162454873647,-0.0491824280458775,-0.018219803380671556,-0.021120186697782962,0.0,13.906528201133035,0.0,0.0,0.0,0.0,0.0,-0.05126571555138024,-0.041465681718115543,4.749294160103594,0.0,0.0,0.09119720841071108,-0.0011743345657648403,1.755419415645617,0.15625201475697642,0.0,0.0,26.0,0.42174311884519106,-0.5895668112915906,0.0,0.0,0.0,3377.0,0.0,1.537837837837838,19.12,0.51,0.48,91.53,50.41,23.91,37.24,15.14,26.43,1.97,22.1,0,1,1.471701840463138
Piura,2022,Noviembre,0.0,-0.2113810494199615,1.1419249592169636,0.036926697457928204,0.0,0.0,0.0,0.0,-0.07313553495470598,1900.0,8.288288288288289,0.17346612128756891,-0.07171800262011385,0.7562055106290251,6.518147684605757,4.637681159420291,0.08904277310493675,1.2172948602344456,-0.08506514254759533,0.9799646268782003,48.30873687429911,-0.1358378102819497,-0.3114104595879556,-0.09819494584837545,142.00734213373732,-0.013840614412724403,-0.021120186697782962,0.0,26.523632678067628,0.0,0.0,0.0,0.0,0.0,-0.07694142330663521,-0.07981996966880288,1.0821109389262742,0.0,0.0,0.1732675372910801,0.0,0.28275212064090477,-0.14461836025645533,0.0,0.8163265306122449,0.4444444444444444,0.5597652896251235,-0.5860729004196938,0.0,0.0,0.0,8738.0,0.0,0.990990990990991,19.49,0.51,0.36,91.51,51.98,23.97,35.14,15.69,26.57,2.02,19.45,0,1,1.430252235430354
Piura,2022,Diciembre,0.13521187701127668,4.311552954837827,1.5225666122892847,2.221802473079376,0.0,0.0,0.0,0.0,-0.07313553495470598,940.0,0.0,1.2533167348390541,-0.07171800262011385,0.71359256210353,0.0,0.2898550724637682,0.2038484974459143,0.40214607754733994,-0.08625012960795984,1.3451119449341056,259.9511061270262,-0.23727174097747794,-0.3114104595879556,-0.2657039711191336,72.1429837697468,-0.03285880650209489,-0.021120186697782962,0.0,29.763689415656266,0.0,0.0,0.0,0.0,0.0,-0.06497770901213056,-0.10173670564062422,0.8815038104740273,0.0,0.0,0.16727700233630863,0.012917680223413244,3.1456173421300657,-0.050059099537948216,0.0,0.40816326530612246,5.666666666666667,0.803842691489072,-0.5914670084324467,0.0,0.0,0.0,0.0,0.0,0.6261261261261262,16.4,0.52,0.72,91.47,61.28,23.37,34.19,15.75,25.78,2.18,18.44,0,1,1.112361284423028
Puno,2022,Enero,0.0,-0.2561219959243616,0.0,-0.0013179181456576604,0.0,0.0,0.0,0.0,-0.07313553495470598,0.0,0.0,-0.2320113818246489,-0.07171800262011385,-0.11929688634932932,0.0,0.0,-0.12690132744118768,-0.17134355275022542,-0.008464193288317944,-0.045936489549231935,-0.014231827913141029,-0.012234814321006886,-0.2683042789223455,-0.007509025270758106,-0.0491824280458775,-0.03285880650209489,-0.021120186697782962,0.0,-0.03452057695653159,0.0,0.0,0.0,0.0,0.0,-0.10607940941072963,-0.20036201751382024,-0.027066041140382534,0.0,0.0,-0.016632420775175228,-0.03053269870988585,0.0,-0.35952577098033517,0.0,0.0,0.0,0.0,1.7335774351099154,0.0,0.0,0.0,0.0,0.0,0.0,22.17,0.51,3.21,63.72,73.62,9.71,18.42,3.31,14.47,3.89,15.11,0,0,0.3176846010727474
Puno,2022,Febrero,0.0,-0.2561219959243616,0.0,-0.0013179181456576604,0.0,0.0,0.0,0.0,-0.07313553495470598,0.0,0.0,-0.2320113818246489,-0.07171800262011385,-0.11929688634932932,0.0,0.0,-0.12690132744118768,-0.17134355275022542,-0.010698740316433888,-0.04995898598170067,-0.014231827913141029,0.022796491640850812,-0.3114104595879556,0.11148014440433211,-0.0491824280458775,-0.03285880650209489,-0.021120186697782962,0.0,-0.03452057695653159,0.0,0.0,0.0,0.0,0.0,0.39684223074594005,-0.20036201751382024,-0.027066041140382534,0.0,0.0,-0.016632420775175228,-0.03053269870988585,0.0,-0.35952577098033517,0.0,0.0,0.0,0.0,8.495030532413633,0.0,0.0,0.0,0.0,0.0,0.0,22.66,0.55,4.24,63.73,76.05,9.37,16.7,3.73,13.97,3.91,12.97,0,0,0.2819000916546078
Puno,2022,Abril,26.273831093323228,0.06041166224569952,21.3175638934203,0.00048783614789801297,419.16501111935446,30955.30000000001,0.0,0.0,-0.07313553495470598,0.0,0.0,-0.2320113818246489,1.0002132650885052,-0.11929688634932932,0.4565707133917397,1.1739130434782612,2.028302800097949,-0.17134355275022542,0.029303037164156744,-0.008911390917485097,-0.014231827913141029,0.41922538985399255,-0.3114104595879556,0.7387725631768953,-0.0491824280458775,-0.019721239598253434,0.027887981330221703,0.0,-0.03452057695653159,0.0,6.650386650386649,0.0,0.0,0.0,19.250253907553905,0.19196060205795545,1.2485405566051755,315.14370370370386,63.09564068692211,0.061244533636853775,-0.028575474433611116,0.0,0.8319209140728546,0.0,816.2906122448979,86.48555555555555,0.0,63.912576097723594,0.0,3901.767111111111,1763.4636919844259,0.0,6.0,0.0,22.72,0.55,1.5,63.81,65.08,9.97,17.45,3.64,13.66,2.77,13.81,0,0,0.4279292654445719
Puno,2022,Mayo,19.303090943508487,-0.10663258916882022,12.488852637302857,-0.0013179181456576604,386.2713120830307,13834.9,0.0,0.0,-0.07313553495470598,0.0,0.0,-0.2320113818246489,-0.012003777838710553,-0.11929688634932932,0.24180225281602002,3.1763285024154597,0.47468977967095854,-0.17134355275022542,-0.1131662642648109,-0.04173603626290607,-0.014231827913141029,0.0259336235180321,-0.3114104595879556,0.15249097472924175,-0.0491824280458775,0.7960716172563816,0.6855309218203034,0.0,-0.03452057695653159,0.0,9.645909645909644,0.0,0.0,0.0,11.982033517768214,1.9132984361495686,1.2851593181480458,187.8090534979424,43.13870541611624,0.962760138980411,-0.000822034196035386,0.0,-0.35952577098033517,0.0,0.0,30.272222222222208,0.0,24.049333285950997,0.0,2535.105777777778,1232.671651937457,0.0,8.0,0.0,21.87,0.5,0.21,63.84,56.42,8.81,16.31,1.55,11.63,2.48,14.76,1,0,0.4939227782076779
Puno,2022,Junio,0.10005678898835212,-0.25374264278964925,0.2283849918434026,-0.0012005767114193855,39.98813936249167,11.30000000000291,0.0,0.0,-0.07313553495470598,0.0,0.0,-0.2320113818246489,-0.07171800262011385,-0.11929688634932932,0.0,0.0,-0.11993097989191397,-0.17134355275022542,-0.09234434877554876,-0.045573860488541944,-0.014231827913141029,0.02143706782740558,-0.3114104595879556,0.13111913357400748,0.08516078770828825,1.0331358840440805,0.9450408401400233,0.0,-0.03452057695653159,0.0,9.686609686609685,0.0,0.0,0.0,0.9773771818888211,1.381165305024216,-0.027066041140382534,0.5794238683125894,0.0,2.213763553585335,0.054880568706743536,0.0,0.3064006590493938,0.0,0.0,0.0,0.0,7.581005059320861,0.0,311.9111111111111,658.6633706198628,0.0,7.100000000000001,0.0,19.92,0.46,0.09,63.8,57.54,7.17,14.78,0.48,9.23,2.71,14.3,1,0,0.4303662739911505
Puno,2022,Julio,0.0,-0.2561219959243616,0.0,-0.0013179181456576604,0.0,0.0,0.0,0.0,-0.07313553495470598,0.0,0.0,-0.2320113818246489,-0.07171800262011385,-0.11929688634932932,0.0,0.0,-0.12690132744118768,-0.17134355275022542,-0.1131662642648109,-0.04669532443549064,-0.014231827913141029,0.009725108819261821,-0.3114104595879556,0.0901083032490976,-0.0491824280458775,0.880152045440967,1.134492415402567,0.0,-0.03452057695653159,0.0,5.478225478225478,0.0,0.0,0.0,-0.10607940941072963,0.6299952709423875,-0.027066041140382534,0.0,0.0,0.9818100401365842,0.07457024492606736,0.0,-0.35952577098033517,0.0,199.88571428571447,0.0,0.0,-0.6193569987256574,0.0,0.0,0.0,0.0,1.0,0.0,20.2,0.43,0.09,63.87,62.41,8.42,16.07,1.49,10.81,2.82,14.58,1,0,0.4149216299665139
Puno,2022,Agosto,0.0,-0.2561219959243616,0.0,-0.0013179181456576604,0.0,0.0,0.0,0.0,-0.07313553495470598,0.0,0.0,-0.2320113818246489,-0.07171800262011385,-0.11929688634932932,0.0,0.0,-0.12690132744118768,-0.17134355275022542,-0.1131662642648109,-0.045701452195081,-0.014231827913141029,0.027293047331477218,-0.3114104595879556,0.05198555956678701,0.013834235014066231,0.6105566606056605,0.7797199533255542,0.0,-0.03452057695653159,0.0,3.8258038258038254,0.0,0.0,0.0,-0.10607940941072963,-0.20036201751382024,-0.027066041140382534,0.0,0.0,0.44302132630443913,0.022077489836379,0.0,-0.35952577098033517,0.0,0.0,0.0,0.0,-0.6193569987256574,0.0,0.0,0.0,0.0,0.0,0.0,23.09,0.4,0.11,63.83,55.01,8.08,16.32,0.24,11.29,2.89,16.08,1,0,0.4852588254964258
Puno,2022,Septiembre,0.0,-0.2561219959243616,0.0,-0.0013179181456576604,0.0,0.0,0.0,0.0,-0.07313553495470598,0.0,0.0,-0.2320113818246489,-0.07171800262011357,-0.11929688634932932,0.0,0.0,-0.12690132744118768,-0.17134355275022542,-0.1131662642648109,-0.045839116931083695,-0.014231827913141029,0.02206449420284174,0.151743264659271,0.028303249097472793,-0.0491824280458775,-0.03235832776290093,-0.021120186697782962,0.0,-0.03452057695653159,0.0,0.6674806674806665,0.0,0.0,0.0,-0.10607940941072963,-0.20036201751382024,-0.027066041140382534,1.197688496161881e-13,1.922313768608567e-14,-0.015194692386029749,-0.021138022183767126,0.0,-0.35952577098033517,0.0,1.4848893090170253e-13,0.0,0.0,-0.6193569987256432,0.0,0.0,0.0,0.0,0.0,0.0,26.54,0.39,1.11,63.78,51.76,9.84,17.52,3.13,13.64,2.95,14.39,0,0,0.5860286585278408
Puno,2022,Octubre,0.0,-0.2561219959243616,0.0,-0.0013179181456576604,0.0,0.0,0.0,0.0,-0.07313553495470598,0.0,0.0,-0.2320113818246489,-0.07171800262011385,-0.11929688634932932,0.0,0.0,-0.12690132744118768,-0.17134355275022542,-0.1131662642648109,-0.031736875682028036,-0.014231827913141029,0.044024417343110744,1.3169572107765453,0.017328519855595668,-0.0491824280458775,-0.03285880650209489,-0.021120186697782962,0.0,-0.03452057695653159,0.0,0.0,0.0,0.0,0.0,-0.10607940941072963,-0.20036201751382024,-0.027066041140382534,0.0,0.0,-0.016632420775175228,-0.03053269870988585,0.0,-0.35952577098033517,0.0,0.0,0.0,0.0,-0.6193569987256574,0.0,0.0,0.0,0.0,0.0,0.0,29.31,0.37,0.39,63.75,51.89,10.55,19.14,2.71,15.55,2.95,16.43,0,0,0.6128821683486982
Puno,2022,Noviembre,0.0,-0.2561219959243616,0.0,-0.0013179181456576604,0.0,0.0,0.0,0.0,-0.07313553495470598,0.0,0.0,-0.2320113818246489,-0.07171800262011385,-0.11929688634932932,0.0,0.0,-0.12690132744118768,-0.17134355275022542,-0.09776143248007224,-0.04446246957105683,-0.014231827913141029,0.036913585088166306,2.2040412044374005,-0.34714801444043336,-0.0491824280458775,-0.03285880650209489,-0.021120186697782962,0.0,-0.03452057695653159,0.0,0.0,0.0,0.0,0.0,0.21906623552731222,-0.20036201751382024,-0.027066041140382534,0.0,0.0,-0.016632420775175228,-0.03053269870988585,0.0,-0.35952577098033517,0.0,0.0,0.0,0.0,-0.6193569987256574,0.0,0.0,0.0,0.0,0.0,0.0,28.5,0.35,0.28,63.76,54.89,10.54,19.31,3.14,16.11,3.57,16.17,0,0,0.5742813495588427
Puno,2022,Diciembre,6.148724287926448e-15,-0.2561219959243616,0.0,-0.0013179181456576604,9.873980726464207,386.5000000000073,0.0,0.0,-0.07313553495470598,0.0,0.0,-0.2320113818246489,-0.07171800262011385,-0.11929688634932932,0.0,0.0,-0.12690132744118726,-0.17134355275022542,-0.08083304590343636,-0.05339388902879208,-0.014231827913141029,0.0314758898343856,4.152931854199683,0.5129241877256319,-0.0491824280458775,-0.03285880650209489,-0.021120186697782962,0.0,-0.03452057695653159,0.0,0.0,0.0,0.0,0.0,0.7845745558363941,-0.20036201751382024,-0.027066041140382534,1.1950617283950977,1.3157199471598224,-0.016632420775175228,-0.03053269870988585,0.0,-0.35952577098033517,0.0,0.3755102040810684,2.5263741715914678e-14,0.0,5.878079030026595,0.0,135.0222222222222,28.512452876830846,0.0,0.0,0.0,24.43,0.37,2.12,63.67,64.78,10.05,20.82,3.24,15.18,3.64,17.58,0,0,0.4339254219249209
San Martin,2022,Enero,0.0,4.936446225480708,0.0,1.3031744117445736,0.0,0.0,0.0,0.0,0.07192668313727253,0.0,0.0,-0.06270674017428428,-0.07171800262011385,-0.11929688634932932,0.0,0.0,-0.12690132744118768,-0.17134355275022542,-0.10427886131207706,1.1750792075883487,0.18762361096951774,2.1479941963060267,0.1634310618066561,-0.3927797833935018,1.176526293010171,0.532869848314278,-0.009918319719953326,0.0,-0.014401222288614395,0.0,0.0,0.0,0.0,48260.25,-0.10607940941072963,0.9879164424441075,-0.027066041140382534,0.0,0.0,0.9846854969148745,1.840417131466658,0.0,0.15705147032486924,0.0,0.0,0.0,0.0,-0.6193569987256574,0.0,0.0,0.0,0.0,0.0,0.0,18.26,0.53,0.58,90.19,61.8,24.72,33.72,17.71,24.7,0.01,16.01,0,1,1.190016031346741
San Martin,2022,Febrero,0.0,2.0034665695192335,0.0,1.508659906496261,0.0,0.0,0.0,0.0,-0.07313553495470598,0.0,0.0,-0.09044993775564654,-0.07171800262011385,-0.11929688634932932,0.0,0.0,-0.12690132744118768,-0.17134355275022542,-0.10571777417109111,1.2872256022832198,0.40782954429605456,1.4536423408232353,0.27753565768621236,-0.3927797833935018,2.7533278511144776,0.5656512057314823,0.0003500583430571762,0.0,-0.008350288553902458,0.0,0.0,0.0,0.0,40352.48999999999,-0.10607940941072963,0.8698530730720937,-0.027066041140382534,0.0,0.0,2.6605376505121905,2.0089341416539126,0.0,-0.19450553386582542,0.0,0.0,0.0,0.0,-0.6193569987256574,0.0,0.0,0.0,0.0,0.0,0.0,14.5,0.54,2.1,90.21,70.95,23.54,31.36,17.83,23.52,0.02,13.53,0,0,0.8431534726314229
San Martin,2022,Abril,0.0,0.15986634638372474,0.0,3.3177926120529206,0.0,0.0,0.0,0.0,0.09610371948593562,0.0,0.0,0.40850080028454583,-0.07171800262011385,-0.11929688634932932,0.0,0.0,-0.12690132744118768,-0.17134355275022542,-0.10021604853368445,2.5027044908923024,0.06528698134366394,3.257493170202475,0.8444928684627575,-0.3927797833935018,-0.0491824280458775,1.5353913227621794,0.0514585764294049,0.0,0.014643259638002901,0.0,0.0,0.0,0.0,71058.95999999999,-0.10607940941072963,2.259856823703994,-0.027066041140382534,0.0,0.0,15.85714700772779,4.269489036265704,0.0,0.9499222751531229,0.0,0.0,0.0,0.0,-0.6193569987256574,0.0,0.0,0.0,0.0,0.0,0.0,14.18,0.61,4.79,90.33,84.0,21.76,29.1,17.14,21.64,0.06,11.96,0,0,0.4168665032531411
San Martin,2022,Mayo,0.0,0.5551008094354439,0.0,1.8711680144634186,0.0,0.0,0.0,0.0,-0.027803591800962698,0.0,0.0,0.1419797261248444,-0.07171800262011385,-0.11929688634932932,0.0,0.0,-0.12690132744118768,-0.17134355275022542,-0.10961130308371737,1.128306774112314,-0.014231827913141029,1.6282760153196603,-0.14857369255150554,-0.3927797833935018,-0.0491824280458775,1.063690111071872,0.03512252042007001,0.0,0.008894872590026562,0.0,0.0,0.0,0.0,35575.55000000002,-0.10607940941072963,0.9528692334034534,-0.027066041140382534,0.0,0.0,9.089879290720662,2.621075606301597,0.0,-0.35952577098033517,0.0,0.0,0.0,0.0,-0.6193569987256574,0.0,0.0,0.0,0.0,0.0,0.0,14.47,0.59,1.98,90.49,80.09,21.94,29.7,16.24,21.82,0.06,13.46,0,0,0.5244674790896013
San Martin,2022,Junio,0.0,3.6120117487676313,0.0,1.934507399572573,0.0,0.0,0.0,0.0,0.04774964678860945,0.0,0.0,0.06021696603236703,-0.07171800262011385,-0.11929688634932932,0.0,0.0,-0.12690132744118768,-0.17134355275022542,-0.11215056107021275,1.376909141274238,-0.014231827913141029,3.257493170202475,0.6897781299524565,-0.3927797833935018,8.194228089158193,1.0472994323632696,0.0045507584597432905,0.0,0.015399626354841893,0.0,0.0,0.0,0.0,33867.54000000001,-0.10607940941072963,0.8642890921840088,-0.027066041140382534,0.0,0.0,8.224905948601211,2.843259706144306,0.0,0.16393137290017584,0.0,0.0,0.0,0.0,-0.6193569987256574,0.0,0.0,0.0,0.0,0.0,0.0,15.91,0.59,2.17,90.5,78.21,21.0,28.63,14.26,20.8,0.08,14.37,0,0,0.5419007315182334
San Martin,2022,Julio,0.0,2.8518254989241676,0.0,1.5707204872711706,0.0,0.0,0.0,0.0,0.08703733085518696,0.0,0.0,0.02208785345900746,-0.07171800262011385,-0.11929688634932932,0.0,0.0,-0.12690132744118768,-0.17134355275022542,-0.1119812772044464,1.0715452530848653,-0.014231827913141029,2.4177875377436173,0.23700475435816204,-0.3927797833935018,-0.0491824280458775,1.9286424920838336,0.005484247374562427,0.0,-0.01606522906566018,0.0,0.0,0.0,0.0,38400.68999999997,-0.10607940941072963,0.8326859416532129,-0.027066041140382534,0.0,0.0,3.3132064338345413,1.8062439956029022,0.0,0.2208961639027197,0.0,0.0,0.0,0.0,-0.6193569987256574,0.0,0.0,0.0,7.0,0.0,0.0,16.81,0.56,0.53,90.48,72.55,22.67,30.08,16.33,22.53,0.06,13.75,0,0,0.7559065309077655
San Martin,2022,Agosto,0.0,0.5648459112694802,0.0,1.5099397973252677,0.0,0.0,0.0,0.0,0.13539140355251314,0.0,0.0,0.016254668326516036,-0.07171800262011385,-0.11929688634932932,0.0,0.0,-0.12690132744118768,-0.17134355275022542,-0.10893416762065193,1.132638176781667,-0.014231827913141029,2.2619766545102804,0.2931854199683043,-0.3927797833935018,1.5999844189569363,1.6950440405650526,-0.012485414235705952,0.0,-0.016216502409027975,0.0,0.0,0.0,0.0,47923.60999999999,-0.10607940941072963,0.6114704107757285,-0.027066041140382534,0.0,0.0,1.2566557838614987,1.974330416449374,0.0,0.7492245424263052,0.0,0.0,0.0,0.0,-0.6193569987256574,0.0,0.0,0.0,153.0,0.0,0.0,17.9,0.54,0.83,90.48,63.89,23.15,32.35,14.23,22.94,0.08,18.12,0,1,1.023695003793009
San Martin,2022,Septiembre,0.0,0.2542549437038224,0.0,1.3219542563975504,0.0,0.0,0.0,0.0,0.22907741940358262,0.0,0.0,0.13121109727903255,-0.06233433872589333,-0.11929688634932932,0.0,0.0,-0.12690132744118768,-0.17134355275022542,-0.10791846442605378,1.2438779988248132,0.06324803751656638,1.833235297962171,0.3173534072900158,-0.3927797833935018,-0.0491824280458775,0.25491646853443223,-0.01738623103850642,0.0,-0.010165568674316039,0.0,0.0,0.0,0.0,47077.59999999998,-0.10607940941072963,1.0585587789247108,-0.027066041140382534,0.0,0.0,0.13582669382375848,1.598543355404625,0.0,2.872332103585373,0.0,0.0,0.0,0.0,-0.6193569987256574,0.0,0.0,0.0,326.0,0.0,0.0,18.54,0.53,0.92,90.37,60.76,24.63,33.29,17.27,24.48,0.07,16.02,0,1,1.215862509467265
San Martin,2022,Octubre,0.0,-0.10846548799508189,0.0,1.37874772786783,0.0,0.0,0.0,0.0,-0.07313553495470598,0.0,0.0,0.1820024897741419,-0.07171800262011385,-0.11929688634932932,0.0,0.0,-0.12690132744118768,-0.17134355275022542,-0.09674572928547409,1.1004044824981112,0.19985727393210312,1.7694469497928182,0.28486529318542,-0.3927797833935018,-0.0491824280458775,0.2107241958636059,-0.015519253208868145,0.0,0.008441052559923166,0.0,0.0,0.0,0.0,63540.26000000001,-0.10607940941072963,0.9266539471323972,-0.027066041140382534,0.0,0.0,0.17236895704786437,1.7373105565925036,0.0,0.5145743042372593,0.0,0.0,0.0,0.0,-0.6193569987256574,0.0,0.0,0.0,93.0,0.0,0.0,18.34,0.56,2.18,90.28,71.02,23.69,32.64,16.94,23.61,0.04,15.7,0,1,0.848751424574532
San Martin,2022,Noviembre,0.0,-0.03162035086920388,0.0,1.8028066332678176,0.0,0.0,0.0,0.0,-0.07313553495470598,0.0,0.0,0.16066156855770908,-0.07171800262011385,-0.11929688634932932,0.0,0.0,-0.12690132744118768,-0.17134355275022542,-0.08811225213138979,1.1718558381599933,0.7870730961362014,1.4201796007999683,0.23236925515055468,-0.3927797833935018,3.262308591214025,0.7297331603762215,-0.015519253208868145,0.0,0.06925293659377812,0.0,0.0,0.0,0.0,65713.03999999998,-0.10607940941072963,1.2234300344079696,-0.027066041140382534,0.0,0.0,0.16248457437249147,2.1136456404346102,0.0,0.19521616103728737,0.0,0.0,0.0,0.0,-0.6193569987256574,0.0,0.0,0.0,0.0,0.0,0.0,18.18,0.56,2.33,90.24,69.35,23.65,32.02,15.35,23.55,0.04,16.67,0,1,0.8955034934932162
San Martin,2022,Diciembre,0.0,0.35607759651179993,0.0,1.5359201687109092,0.0,0.0,0.0,0.0,-0.07313553495470598,0.0,0.0,0.16137293259825713,-0.07171800262011385,-0.11929688634932932,0.0,0.0,-0.12690132744118768,-0.17134355275022542,-0.09522217449357687,1.2941424158482329,1.2376796819247629,1.1723461825026467,0.4429477020602219,-0.3927797833935018,0.6433083748106471,1.0534302969183957,-0.00898483080513419,0.0,-0.01939324261975174,0.0,0.0,0.0,0.0,90514.3,-0.10607940941072963,1.1320581184873537,-0.027066041140382534,0.0,0.0,-0.016632420775175228,2.2454451231989494,0.0,-0.15321465668541054,0.0,0.0,0.0,0.0,-0.6193569987256574,0.0,0.0,0.0,162.5,0.0,0.0,18.47,0.55,0.88,90.18,67.82,23.6,33.41,16.9,23.57,0.02,16.51,0,1,0.9373801069841554
Ica,2023,Enero,0.0,0.5452737394551395,0.0,-0.0013179181456576604,0.0,0.0,1.0384357060485865,0.0,1.9078703808638757,0.0,0.0,16.54764360661569,0.8834658623526188,-0.05285942569367101,0.0,0.0,0.672547422850667,-0.06822362488728582,-0.10636105286100327,-0.07099650801645262,2.043409114078907,-0.39810203521430526,-0.3114104595879556,-0.3004765342960289,-0.0491824280458775,-0.03285880650209489,-0.021120186697782962,0.0,50.45997685517846,0.0,0.0,2474692810867997.0,0.0,0.0,-0.10194867138067859,-0.1513102751006963,2.2155306005476896,0.0,0.0,-0.016632420775175228,-0.03053269870988585,5.461003770028274,-0.33087144955048453,71.07,0.0,0.0,0.0,0.04187237641581357,0.0,0.0,0.0,1343.09,0.0,0.9369369369369369,24.09,0.33,0.31,95.82,77.62,21.16,25.44,17.06,22.79,2.67,8.380000000000003,0,0,0.5620670867079278
Ica,2023,Febrero,0.0,0.8486674483999134,0.20880913539967333,-0.0013179181456576604,0.0,5.5,1.1204217409486639,0.0,2.5736455193151855,0.0,0.0,12.58681131068825,2.2422691405416937,-0.07126047164786209,0.0,0.0,0.039648976942044833,-0.10461677186654642,0.22540146726790683,-0.07079941240661462,7.1495973085941475,-0.3565873233729396,-0.3114104595879556,-0.3927797833935018,0.17830080069249082,-0.03285880650209489,-0.021120186697782962,0.0,32.64052159048793,14.908767245215806,34.619454619454615,3190958665666394.0,0.0,0.0,-0.0996844784604722,-0.1468747452016372,5.381471968072686,0.0,0.0,-0.016632420775175228,-0.03053269870988585,1.0311027332704998,-0.3555714746230158,30.0,0.0,0.0,0.0,0.04393500976387187,0.0,0.0,0.0,1301.59,0.0,0.40540540540540543,23.42,0.33,0.41,95.7,79.95,22.44,27.3,19.28,23.9,2.54,8.02,0,0,0.5444748045442354
Ica,2023,Marzo,0.0,0.699098350391056,0.3828167482327345,-0.0013179181456576604,0.14114158636026913,0.0,1.7088618823738135,0.0,2.0084166307788776,0.0,0.0,3.3341988262493323,1.895963196539013,-0.023417752166965282,0.0,0.0,0.6058507639478135,-0.17134355275022542,1.783554495650465,-0.07038876857214808,4.956713222550718,-0.3677764270682195,-0.3114104595879556,-0.3927797833935018,0.7284847435619995,-0.03285880650209489,6.279929988331388,0.0,14.615507030428631,31.793502447707976,8.555148555148554,1036971406388099.5,2436.65,0.0,-0.0972612264161211,-0.1840549222966913,1.6303734052263985,0.0,0.03270805812417438,-0.016632420775175228,-0.03053269870988585,6.620523091423184,-0.35952577098033517,4.5,0.0,0.0,0.0,-0.004638932890966788,0.0,0.0,0.0,2965.589999999999,0.0,0.07207207207207207,21.69,0.33,0.22,95.78,79.26,22.82,28.21,19.77,24.35,2.54,8.440000000000001,0,0,0.5763448592522815
Ica,2023,Abril,0.47297114578544575,1.788573412721001,0.23822729744426274,-0.0013179181456576604,1.3275018532246323,7.59,0.9712004663481639,0.0,1.486283309534063,0.0,0.0,2.7286857549350887,0.5836760807970026,-0.05863154326666989,0.0,0.0,2.28082983582098,-0.17134355275022542,3.9609546763609944,-0.07061541173507933,0.10272199000917454,-0.3916395435473118,-0.3114104595879556,-0.3927797833935018,-0.0491824280458775,-0.03285880650209489,15.19507584597433,0.0,2.385852916928243,35.66978193146409,1.4448514448514447,0.0,2969.1,0.0,-0.10607940941072963,-0.16121194331653702,0.980385080773558,0.0,0.04945838837516512,-0.016632420775175228,-0.03053269870988585,7.250000000000001,-0.35952577098033517,0.0,0.0,0.0,0.0,-0.06705121446579601,0.0,0.0,0.0,5446.989999999999,0.0,0.08108108108108109,21.03,0.33,0.06,95.73,77.3,22.69,28.74,18.48,24.21,3.46,10.26,0,0,0.6258615320895213
Ica,2023,Mayo,0.6065604802725871,3.4764842495930046,0.14056552474170714,-0.0013179181456576604,1.8677538917717127,2.35,0.8713766141602567,0.0,1.014831100735133,0.0,0.5621621621621622,3.3262315489951995,1.2569478719190814,0.11530676480557835,0.0,0.0,2.2026298255704693,-0.17134355275022542,6.245020620890906,-0.07072957273566692,-0.014231827913141029,-0.3628720442335594,-0.3114104595879556,-0.3927797833935018,-0.0491824280458775,0.013823347896221751,18.97360560093349,0.0,-0.03452057695653159,26.626613262127208,0.0,0.0,0.0,0.0,-0.1048305896062918,-0.06788969880795132,1.6049950113571243,0.0,0.0,-0.016632420775175228,-0.03053269870988585,7.428133836003769,-0.35952577098033517,0.0,0.0,0.0,0.0,-0.05156951150237587,0.0,0.0,0.0,5291.32,0.0,0.13513513513513514,13.64,0.33,0.05,95.82,71.65,21.03,27.01,17.01,22.07,3.46,10.0,0,0,0.7063431963223341
Ica,2023,Junio,0.6617269260931881,2.472441626156947,0.05127786840674275,-0.0013179181456576604,1.2833209785026154,8.840000000000002,0.7450652000354834,0.0,2.297120666077352,0.0,0.1981981981981982,15.169589187266586,2.2142400146238925,0.06149823253111237,0.0,0.0,4.738191695947061,0.28304779080252485,3.988864507309894,-0.07136921010660623,-0.014231827913141029,-0.3916186293347972,-0.3114104595879556,-0.3927797833935018,-0.0491824280458775,0.21438644903765736,19.570571761960327,1026.45,0.8720242642442776,0.8509123275478344,0.0,1.0,0.0,0.0,-0.09584957668933686,-0.015738303735955497,2.8035429978559447,0.0,0.0,-0.016632420775175228,-0.03053269870988585,4.173185673892557,-0.3519323758014247,0.0,0.0,0.0,0.0,-0.11547436728300683,0.0,0.0,0.0,3458.190000000002,0.0,0.1583783783783784,11.79,0.33,0.0,95.86,69.87,19.97,26.56,15.55,20.72,3.26,11.01,0,0,0.7031938215191353
Ica,2023,Julio,0.0,2.4967884424913773,0.0,-0.0013179181456576604,0.0,0.0,1.0173283826082549,3.1117969456712586,0.46782565334663057,0.0,0.22342342342342342,6.096567668504355,3.6170368339274312,0.022333058931770858,0.0,0.0,2.691579205129811,1.6805590622182147,2.03767835642295,-0.07112712163183077,-0.014231827913141029,-0.38323203011646595,-0.3114104595879556,-0.3927797833935018,-0.0491824280458775,1.8840623483901318,22.110767794632434,16313.55,-0.03452057695653159,0.15220293724966905,0.0,0.0,8.100000000000364,0.0,0.9232189213168962,-0.027149356685093672,4.93955250811981,0.0,0.0,-0.016632420775175228,-0.03053269870988585,3.870169651272384,-0.33531286937211136,0.0,0.0,0.0,0.0,-0.13068942967988725,0.0,0.0,0.0,843.7000000000007,0.0,0.5132432432432433,11.85,0.32,0.0,95.89,71.6,19.51,25.51,15.25,20.54,3.47,10.26,0,0,0.6441730440520226
Ica,2023,Agosto,0.0,2.394815514748575,0.06579662860250118,-0.0013179181456576604,0.8005930318754763,0.0,1.5200517038182266,59.0092055552599,0.3529847306904809,0.0,0.0,4.092370620665127,11.793376595679861,-0.015088857682436655,0.0,0.0,1.891087180596922,2.7754553651938685,1.1340749377352797,-0.07141453873919247,-0.014231827913141029,-0.34874449367998633,-0.3114104595879556,-0.3927797833935018,-0.0491824280458775,0.9737578352292613,12.782315052508741,5658.400000000001,-0.03452057695653159,9.50155763239873,0.0,0.0,0.0,0.0,1.9899801321784747,-0.12269458441367834,3.493960557878872,0.0,0.0,-0.016632420775175228,-0.03053269870988585,2.34036286522149,-0.18006375586518059,250.85,0.0,0.0,0.0,-0.1556341144047708,0.0,0.0,0.0,0.0,0.0,2.2522522522522523,14.39,0.32,0.01,95.89,70.11,19.57,25.62,14.89,20.97,3.41,10.73,0,0,0.680501284032724
Ica,2023,Septiembre,0.0,1.2681565136215107,0.0,-0.0013179181456576604,0.0,0.0,3.124834813904272,51.4702282764859,7.343774790906411,0.0,0.0,4.667579583852042,6.414221734759165,0.0030797540070698678,0.0,0.2053140096618358,6.486113404821157,1.8526780883678993,0.3947699749671489,-0.07116103416435828,-0.014231827913141029,-0.31678757695776627,-0.3114104595879556,-0.3927797833935018,-0.0491824280458775,0.4293082852065675,6.334305717619603,1505.349999999998,-0.03452057695653159,0.0,0.0,0.0,0.4500000000007276,0.0,0.8935417110699581,-0.08741255320189811,4.963911945146157,0.0,0.0,-0.016632420775175228,-0.03053269870988585,5.681314797360979,-0.11501844621941963,997.68,0.0,0.0,0.0,-0.14865426122963193,0.0,0.0,0.0,0.0,0.0,5.405405405405405,18.27,0.32,0.05,95.82,70.11,19.56,25.59,15.2,21.16,3.64,10.39,0,0,0.6800787377437194
Ica,2023,Octubre,0.05083966575623992,0.9180557611083902,0.0,-0.0013179181456576604,0.1435137138621225,0.0,2.5695682477728075,21.522907465545668,0.4134273215621386,0.0,0.0,13.838570158278504,3.779934801815801,-0.10031475473342703,0.0,0.0,3.7321473112339922,0.5319927862939585,-0.1131662642648109,-0.07088469738940653,-0.014231827913141029,-0.3380155026600263,-0.3114104595879556,-0.3927797833935018,-0.0491824280458775,-0.013302599768090983,1.8500583430571762,0.0,1.5992315314156913,0.0,0.3785103785103766,0.0,0.0,0.0,0.25142139809713554,-0.02054041713549563,1.9070414163500127,0.0,0.0,-0.016632420775175228,-0.03053269870988585,4.655042412818094,0.5113077115942558,971.67,0.0,0.0,0.0,-0.1312355831161787,0.0,0.0,0.0,29.47000000000116,0.0,7.4774774774774775,21.24,0.32,0.05,95.86,73.91,19.85,25.55,15.54,21.66,3.53,10.01,0,0,0.6043960933654802
Ica,2023,Noviembre,0.0,0.8363255501542607,0.0,-0.0013179181456576604,0.0,0.0,1.6037307853151017,50.72952695152448,0.5312903737618712,0.0,0.15495495495495495,18.82009603414548,2.3144014867623346,-0.11929688634932932,0.0,0.0,6.0096149794135565,-0.17134355275022542,-0.1131662642648109,-0.07065368924704105,-0.014231827913141029,-0.4139968367253571,-0.3114104595879556,-0.3927797833935018,-0.0491824280458775,-0.03285880650209489,-0.021120186697782962,0.0,14.18517369961652,0.0,0.0,0.0,0.0,0.0,-0.060277580453622345,-0.18209807087063581,0.3997813488441224,0.0,0.0,-0.016632420775175228,-0.03053269870988585,5.3016022620169645,-0.3479207708012456,645.1299999999997,0.0,0.0,0.0,-0.20812246316977387,0.0,0.0,0.0,108.9900000000016,0.0,4.504504504504505,23.18,0.32,0.09,95.78,70.76,20.21,25.98,15.34,22.05,3.49,10.64,0,0,0.6926294391721199
Junin,2023,Enero,0.0,0.05171393116952606,0.0,-0.0006269074773655977,0.0,0.0,0.0,1.3281540999308246,0.3366652311551333,0.0,0.0,-0.2320113818246489,0.4092861712823327,16.25221054670476,10.251314142678348,1.207729468599034,-0.006400874710280698,9.868331830477908,1.257796051030623,0.5719565684546294,1.1230910388418798,0.9618446335437826,16.67444532488114,3.4246931407942243,0.7515100627569791,2.6511461119527144,0.41819836639439906,2894.099999999999,-0.03452057695653159,0.062305295950155604,0.0,95877413942067.14,0.0,0.0,0.8088979182365825,1.2909544542830584,-0.027066041140382534,0.0,0.08348745046235138,-0.016632420775175228,0.179071929264349,0.0,0.47804004441419923,0.0,0.0,0.0,0.0,0.1557609985364345,0.0,16.19911111111111,1.7565045423645012,0.0,6.18,0.0,15.17,0.61,2.3,90.94,74.73,23.77,31.94,17.03,23.71,0.25,14.91,0,0,0.7436645424844284
Junin,2023,Febrero,0.0,0.17825225697013852,0.0543773790103316,-0.0003400728603387037,0.0,0.0,0.0,1.714255307827381,0.4774964678860958,0.0,0.0,-0.1984349991107951,0.41818237211711334,18.99377269865866,16.208260325406755,1.4009661835748795,0.03578567320231656,35.89394048692516,0.994458069444475,0.5562460001678838,0.6557651136711183,0.9164607923872264,17.086529318542,3.5176895306859204,1.0126483445141747,2.686955365742044,0.7244714119019837,5068.160000000001,-0.03452057695653159,3.044058744993317,6.520146520146518,373833953443839.75,0.0,0.0,0.9959363650379472,0.9949480619017333,-0.027066041140382534,0.0,1.2676354029062087,2.0351940933325343,0.35014350857699733,0.0,0.5591317740606766,0.0,0.0,0.0,0.0,0.1936944501692992,0.0,14.627555555555556,4.0779927074964455,0.0,6.76,0.0,14.67,0.66,3.58,90.97,79.31,23.37,31.39,16.85,23.19,0.24,14.54,0,0,0.5943893330245982
Junin,2023,Marzo,0.0,0.261950841881169,0.41326808047852015,0.00017057967755008518,0.0,0.0,0.0,2.068429734475602,0.6618463700446519,0.0,0.0,-0.1950204517161659,0.7502665813606315,18.58817490678418,23.955444305381725,0.8695652173913045,0.03141212179885079,75.4066546438233,0.978824704440952,0.5537596407286158,-0.014231827913140796,0.8438884749617662,16.07892234548336,3.713501805054152,3.241949361610041,3.294236267879992,1.350319719953325,6106.690000000001,-0.03452057695653159,3.996439697374267,9.898249898249896,577903311559065.4,0.0,0.0,1.2969180494997825,0.7684098951453777,-0.027066041140382534,0.0,6.310700132100396,3.889034625292038,1.1424220239401808,0.0,0.945105483720765,0.0,0.0,0.0,0.0,0.24699191513621505,0.0,22.08,15.860330016686232,0.0,6.819999999999999,0.0,15.43,0.64,1.4,91.0,77.08,23.79,32.98,18.58,23.68,0.23,14.4,0,1,0.675318536851
Junin,2023,Abril,0.0,0.025165359350630148,1.5464926590538306,0.0007507678801726659,0.0,0.0,0.0,1.9998935773958377,0.2529522427978874,0.0,0.0,-0.21422728081095513,0.6442433659324254,18.67921166045228,21.78873591989987,0.9951690821256038,-0.060933593772245026,154.78988277727683,0.7117878703878092,0.5201106858054223,-0.014231827913141029,0.7889886671110937,15.135400158478609,4.054584837545128,-0.0491824280458775,3.0399680444325035,2.8337222870478413,6470.349999999999,-0.03452057695653159,3.008455718736085,8.310948310948309,341288409261670.1,0.0,0.0,1.7462600752085702,0.8644652088123546,-0.027066041140382534,0.23045267489711935,17.050990752972265,7.616128616785479,1.5301070513604034,0.0,0.5264658476306467,0.0,0.0,0.0,0.0,0.2196045576351017,0.0,26.940444444444445,35.37754156109016,0.0,6.789999999999999,0.0,15.17,0.61,0.95,90.99,70.53,24.64,33.47,18.59,24.49,0.24,14.88,0,1,0.9136818858424265
Junin,2023,Mayo,0.05408475080451067,-0.06617220141395051,10.641109298531791,0.0005139120221731855,2.885100074129031,41.8,0.0,1.8789974990688014,0.09761478425772707,0.0,0.0,-0.2320113818246489,0.5681991286597814,10.826420028085805,21.839299123904883,14.229468599033817,-0.08152573163022993,78.95507664562669,0.5489283273272832,0.5375303114244943,-0.014231827913141029,0.7099852293374115,14.548732171156894,3.7787725631768967,-0.0491824280458775,3.311765535720263,4.331551925320888,5659.0,-0.03452057695653159,0.7031597685803281,2.303622303622304,0.0,0.0,0.0,3.756846248360023,0.9180959835624481,-0.027066041140382534,9.981893004115227,30.840158520475565,9.175291739052298,1.7386492979974764,0.0,0.1591174468999615,0.0,53.27346938775509,38.72222222222222,0.0,0.19454034438038995,0.0,59.681777777777775,41.15295717199184,0.0,6.839999999999996,0.0,13.89,0.58,0.6,91.16,64.94,25.02,33.4,16.59,24.94,0.23,16.81,0,1,1.111910237838766
Junin,2023,Junio,46.999648449119775,-0.21097120868862343,38.49891245241973,0.0008333414820440445,192.55744996293862,2055.87,0.0,1.0182514766136295,0.03082572134454522,0.0,0.0,-0.2320113818246489,0.14386253541723817,5.103888431552919,12.607759699624536,41.43236714975846,-0.10981714227139926,0.3913255184850691,0.2067209926805893,0.5372351716612105,-0.014231827913141029,0.6659608119943008,13.896929477020608,4.127075812274363,-0.0491824280458775,4.141765732783762,5.714515752625438,5127.300000000003,-0.03452057695653159,0.2670226969292396,0.0,0.0,0.0,0.0,2.66655765631865,0.7244329207638245,-0.027066041140382534,44.51687242798354,33.47054161162481,8.70854459953274,2.0288782570291533,0.0,1.109581288728107,0.0,138.0538775510204,64.23333333333338,0.0,0.1367504455923979,0.0,90.09777777777778,26.163154316791292,0.0,6.820000000000015,0.0,15.59,0.57,0.01,91.26,55.74,24.89,33.35,14.1,24.57,0.32,19.25,0,1,1.392852463434064
Junin,2023,Julio,83.73941967062385,-0.23150878311456174,10.753017944535058,-0.0007246920058974931,293.02001482580164,2779.099999999999,0.0,0.8926728037035052,-0.07313553495470598,0.0,0.0,-0.2320113818246489,-0.0010358590013099464,4.064132487530877,9.016270337922403,35.40096618357489,-0.10999937357987714,-0.03788999098286743,0.28055245789592903,0.5171713758079409,-0.014231827913141029,0.5790099734650932,13.05606180665609,2.3693862815884468,-0.0491824280458775,4.235624264335355,5.360676779463244,3475.100000000002,-0.03452057695653159,0.0,0.0,0.0,0.0,0.0,1.367294855937082,0.7293772320336582,-0.027066041140382534,12.732510288065845,6.188110964332883,5.345321691727071,1.9565040177410646,0.0,1.4938357391024037,0.0,30.408163265306122,6.888888888888889,0.0,0.04332449481151933,0.0,31.235555555555557,7.3638217662690755,0.0,29.65000000000001,0.0,15.01,0.56,0.0,91.21,51.64,26.19,34.33,19.0,25.96,0.32,15.33,0,1,1.643886092489597
Junin,2023,Agosto,3.439790151166873,-0.18462755723539634,0.7373572593800987,-0.000598658613567494,18.526315789473962,335.0,0.0,0.7096259245463723,0.0,0.0,0.0,-0.21479637204339336,-0.07171800262011385,4.464694203670519,4.456570713391743,3.7584541062801917,-0.1011611551187066,0.16084761045989476,0.1899077191326747,0.46424902207672325,-0.014231827913141029,0.47940603636458734,12.00764659270998,3.7932129963898906,-0.0491824280458775,3.3650677726412668,3.9415402567094517,2066.400000000001,-0.03452057695653159,0.0,0.0,0.0,0.0,0.0,0.10028266417519822,0.8782936255564799,-0.027066041140382534,0.40329218106995884,0.0,2.462794884083146,1.2390126077537598,0.0,0.05596188975249916,0.0,1.902040816326546,0.0,0.0,-0.008464458812284322,0.0,15.912888888888896,1.5336505778382086,0.0,5.019999999999996,0.0,16.21,0.56,0.08,91.1,47.94,27.05,35.9,18.23,26.74,0.34,17.67,0,1,1.861506762590955
Junin,2023,Septiembre,2.4594897151705785e-14,-0.14958617470599667,0.16748232735180746,-0.0009593748743740429,1.8383988139363867,1.900000000000546,0.0,1.016123024530411,0.1444577921832618,0.0,0.0,-0.2320113818246489,-0.05343813789111284,7.488276596774969,5.877346683354193,3.137681159420281,-0.10981714227139935,1.2353291253381424,0.4608719388715972,0.5133567195500713,-0.014231827913141029,0.6088127262983154,12.033736133122037,5.298483754512636,-0.0491824280458775,3.091730058033636,2.438716452742126,1771.099999999998,-0.03452057695653159,0.5696484201157102,0.0,0.0,0.0,0.0,0.0232144049290507,1.3199680380933732,-0.027066041140382534,0.0,0.8993394980185173,0.6396965794045415,1.0165043915709007,0.0,0.3238797951216027,0.0,3.6244897959183384,0.0,0.0,0.06491808993347983,0.0,14.631111111111078,1.5068289969717457,0.0,0.0,0.0,17.26,0.56,0.56,90.98,52.43,27.56,36.56,20.85,27.4,0.28,15.71,0,1,1.752499489010113
Junin,2023,Octubre,0.0,-0.16797208529241003,0.0,-0.0011223490885938691,0.0,0.0,0.0,0.985473314532006,-0.05470054473885031,0.0,0.0,-0.2320113818246489,-0.036376930810711895,4.313224541184449,3.930913642052569,1.6038647342995085,-0.11815422463425604,0.5630117222723383,0.9811269650153744,0.5686099722991687,-0.014231827913141029,0.6860698273270329,12.20360538827259,3.6765342960288807,-0.0491824280458775,2.8469771866150713,0.8812042007001181,1195.0,-0.03452057695653159,0.0,0.0,0.0,0.0,0.0,-0.013074385764826208,1.8627333953002938,-0.027066041140382534,0.0,0.0,-0.016632420775175228,0.712028405587366,0.0,0.5009635015580802,0.0,0.0,0.0,0.0,0.07291853286330484,0.0,7.797333333333307,1.3765527470490042,0.0,5.549999999999997,0.0,16.69,0.57,0.73,90.86,54.19,28.25,37.07,21.05,28.2,0.28,16.02,0,1,1.756894592197659
Junin,2023,Noviembre,0.0,-0.17817825794920233,0.0,-0.0011549439314378343,0.0,0.0,0.0,1.1114776778587763,-0.07313553495470598,0.0,0.0,-0.2320113818246489,0.0010358590013099464,5.678001065323712,8.616770963704635,1.3260869565217308,-0.12690132744118768,-0.12445446348061315,1.5387649472363372,0.5732811718290947,0.8637373840350695,0.8309739487340355,14.015491283676694,3.440000000000001,-0.0491824280458775,2.7711358896744667,0.3792294049008184,1221.540000000001,-0.03452057695653159,0.0,0.0,0.0,0.0,0.0,0.10864012418952515,2.020064249955154,-0.027066041140382534,0.0,0.0,-0.016632420775175228,0.44247869536909995,0.0,0.22187041083133466,0.0,0.0,0.0,0.0,0.10617504766238381,0.0,8.851555555555583,0.7957480996230181,0.0,5.410000000000004,0.0,16.13,0.57,1.73,90.82,61.35,27.17,35.91,20.28,27.18,0.27,15.63,0,1,1.391761675201177
La Libertad,2023,Enero,0.0,0.0858217875886565,0.0,0.022976104720711085,0.0,0.0,1.1381024191811029,0.0,1.1575360577831169,1200.0,0.05405405405405406,0.5768095322781435,1.0275111964171468,0.5508885768243666,1.0713391739674594,0.4347826086956523,2.473812791498909,0.6185572587917042,0.1407595343847274,-0.05848147401997818,1.1034560097869301,-0.25321882801981616,0.6804675118858954,-0.3263537906137184,0.007290196927072072,-0.03285880650209489,-0.021120186697782962,0.0,2.462448359062407,7.01379617267466,0.9768009768009767,190259492070358.9,0.0,0.0,0.8409428469543561,0.02021427523115308,0.12153183178720785,0.0,0.0,-0.016632420775175228,-0.03053269870988585,0.0,-0.14289910097066433,0.0,0.0,0.0,8.178800982215687,0.35385281137308455,13995.0,0.0,0.4928001977628081,0.0,0.0,7.207207207207207,20.22,0.39,1.16,94.12,77.38,20.47,26.02,16.15,22.21,2.02,9.870000000000001,0,0,0.5444871054040816
La Libertad,2023,Febrero,0.0,0.034455082594291836,0.0,0.07065149485381755,0.0,0.0,1.4622346694377208,0.0,0.9942806198387693,2200.0,10.09009009009009,0.8179619420238309,0.7679371172653325,0.3513824996368214,0.10012515644555695,0.0,1.152362458072562,0.4418214607754734,0.021234968121732065,-0.04241327961050953,2.5114690590274233,-0.19190881403343654,0.7557448494453248,-0.05712635379061368,0.3411400129842026,-0.03285880650209489,-0.01705950991831972,0.0,2.287004863437989,10.31232754784154,1.408221408221408,216032044625428.3,0.0,0.0,1.0473974764961431,-0.041074311432904444,0.14276009934829217,0.0,0.06340819022457067,-0.011181033966333196,-0.0301412538546309,1.1781338360037699,-0.33545614097926063,0.0,0.0,0.0,8.454131722399241,0.46757415484862813,13252.0,0.0,0.5045423645015757,0.0,0.0,5.36936936936937,18.71,0.39,0.54,93.99,80.0,21.95,28.3,18.35,23.81,2.13,9.95,0,0,0.5271596017460225
La Libertad,2023,Marzo,0.0,0.07214904541262991,0.0,1.4832250641303533,0.0,0.0,1.3816071270165122,0.0,1.0133200359633419,2250.0,2.4504504504504503,0.1948070425040014,0.7057855771867291,0.8259357900343807,0.24981226533166448,0.0,0.5745980945438802,0.32640216411181244,3.0484706260752215,-0.040167665575421806,3.2669364868997857,-0.13120531220997877,0.9295166402535654,0.07404476534296023,0.818608959099762,-0.03112715006448379,-0.015239206534422404,0.0,1.1318271550778676,9.675033377837092,1.5563695563695563,652925188945477.4,0.0,0.0,1.7017612284300696,0.10177584266914536,0.12047041840915364,0.0,0.0,-0.014829269753789018,-0.028121789846370628,1.9674835061262956,-0.2271428059744252,0.0,0.0,0.0,8.706136740364045,0.49797534760850315,17626.0,0.0,0.5026883381744018,0.0,0.0,2.3873873873873874,17.73,0.39,0.81,94.06,78.01,23.06,28.91,19.57,24.88,2.13,9.34,0,0,0.6200205954923614
La Libertad,2023,Abril,0.0,0.0850704129145368,0.0,3.591253065273346,0.0,0.0,0.994223872463915,0.0,0.8531471701534485,25.0,9.72972972972973,0.007718299839943029,1.0067940163909457,0.45985182315626355,6.212765957446808,3.623188405797102,0.7897221542018553,5.091055004508566,6.021711840771604,-0.043871518509191645,1.252767866245285,-0.18707763094257737,0.5201664025356577,0.8317689530685921,-0.0491824280458775,-0.021510451090871845,0.3219369894982497,0.0,0.4799903185060238,6.939029817534472,0.6560846560846562,552394641794661.9,0.0,0.0,2.2226969999958004,-0.038204262674689744,0.2764981849831235,1.1851851851851851,0.940554821664465,-0.00696968789312886,-0.02588624827800963,0.5655042412818095,-0.329438733478992,0.0,0.0,0.0,5.474691336635285,0.42802614861285543,19277.0,0.0,0.35597305481737834,0.0,0.0,0.40540540540540543,17.82,0.39,0.23,93.98,81.83,23.09,30.25,19.55,24.59,2.5,10.7,0,0,0.5132434293888504
La Libertad,2023,Mayo,0.0,0.11139129543824508,5.083741163675901,1.434158960702571,0.0,0.0,1.182293976758627,0.0,0.7405728446549861,0.0,10.81081081081081,0.6998755112929043,0.794747585534534,1.9629267347828188,6.758448060075094,5.652173913043479,0.785257487144151,2.91702434625789,14.133836670694233,-0.044207957693276255,0.5066775410337454,-0.08241245441355247,0.3453645007923934,1.029891696750903,-0.0491824280458775,-0.017974693918151312,0.426049008168028,0.0,0.6330486873255629,7.8762794837561,0.997150997150997,676067709686906.5,70.6,0.0,2.542704075384426,-0.021375340410612644,0.4274311673424333,7.407407407407407,5.101717305151915,0.0002183549991014174,-0.027240647477191748,0.35344015080113095,0.24149862101078207,0.0,0.45714285714285713,0.0,7.702335441925979,0.3236961310775603,26311.0,0.0,0.5020703293986775,0.0,0.0,0.6306306306306306,17.01,0.38,0.13,94.07,80.86,22.06,29.1,18.42,23.72,2.59,10.68,0,0,0.5078854253358394
La Libertad,2023,Junio,78.89613023607994,0.5857136351734424,21.514410005437696,0.008308425440926737,147.36842105263398,64.5,1.4153261269024586,0.0,2.4944657252733133,1000.0,3.6036036036036037,1.4055486395162728,3.399018980592878,7.959343373202265,7.444305381727159,7.442028985507249,0.8997670856088523,14.300793507664563,13.89713211970911,-0.04712342818769412,0.291342644510143,-0.29539338326601555,-0.06624405705229751,0.5978339350180505,-0.0491824280458775,-0.008528032596180514,0.4295215869311551,0.0,0.4867976189575748,4.216911437472182,0.6878306878306879,775463560837856.5,99.0,0.0,5.270941706287899,-0.01721376971120132,1.2576687116564418,38.05761316872428,22.087186261558784,-0.015639190079674112,-0.029033856359114655,0.2120640904806786,2.7311866470862145,0.0,26.097959183673467,117.30888888888889,7.8472075635340754,0.4110554879478701,21123.5,0.0,5.9352326803040585,0.0,0.0,1.3693693693693694,18.28,0.38,0.0,94.09,77.59,21.48,28.71,17.57,23.0,2.67,11.14,0,0,0.5739647701167587
La Libertad,2023,Julio,622.0571134968495,3.318167328863033,53.1805328983142,0.013588789981649103,674.15567086732,461.9000000000001,1.1396839477385916,0.0,1.347114244052072,300.0,0.7351351351351352,1.8949670994131251,2.1060232154282064,2.799690087647087,2.6357947434292868,8.321256038647341,0.2437115961754204,12.112155094679892,4.2882142456605195,-0.04595394946696886,0.29289428076256513,-0.278390128491693,0.3131141045958792,0.1362599277978342,-0.0491824280458775,-0.0019742635064356052,0.7577269544924154,0.0,0.676464136872121,2.655985758789493,0.0,676067709686906.5,223.0,0.0,1.9386736234465478,0.04805374818583579,1.1204279618740314,35.39917695473251,13.963011889035666,0.0007101779188881532,-0.03053269870988585,0.2120640904806786,3.0073569970271152,0.0,112.57795918367346,492.3888888888889,10.514060766051596,0.34004395615711924,13514.0,3.4133333333333336,8.053148754712314,0.0,0.0,3.4234234234234235,18.12,0.38,0.02,94.09,77.42,21.21,28.92,16.83,22.84,2.77,12.09,0,0,0.5688318646660107
La Libertad,2023,Agosto,876.8787690310714,1.0332255604002776,36.21832517672642,0.0038885647512845447,734.1556708673211,296.05,1.3431891624741796,5.874527749694032,0.9661748150834487,0.0,0.954954954954955,1.279637204339321,1.358498613776925,1.569725437024841,1.2525657071339162,0.8454106280193239,1.0712695257999667,5.365175834084761,1.2513988137433119,-0.0494372030554856,0.16947701090835016,-0.2130875913362874,0.30740887480190177,-0.1679133574007223,-0.0491824280458775,-0.007712502490663945,1.0249008168028,0.0,0.39756752463864514,1.247886070315972,0.0,191490945093467.94,139.5,0.0,0.1794728544093957,0.00866885181742565,1.022671789755238,8.595884773662549,5.659180977542933,-0.002842209309291323,-0.03053269870988585,0.28275212064090477,0.35631648698019414,0.0,195.1306122448979,440.6277777777779,10.93158971185,0.47103680441272444,13777.10000000001,2.1333333333333333,0.9993201903467027,0.0,0.0,9.54954954954955,19.38,0.38,0.02,94.09,75.63,20.91,30.37,16.56,22.74,2.62,13.81,0,0,0.6027210125787992
La Libertad,2023,Septiembre,273.35785175369807,1.6117043682191279,14.879825992387127,-0.0005573718126318051,450.2594514455225,285.8,1.300051957268315,19.234821476081507,3.208897149376308,0.0,1.8018018018018018,1.4297350168948963,2.53316272126253,1.30048908043194,2.1576971214017524,0.8574879227053142,1.2576010387184582,1.1992605951307485,1.2359753607333412,-0.04108632586250318,-0.011540422061372839,-0.20610956433081049,-0.12721870047543593,-0.3927797833935018,-0.0491824280458775,-0.012417002639087195,0.7055542590431747,0.0,0.9452012313650149,1.3173119715175616,0.0,249809041830707.4,117.8,0.0,0.49705976295219895,0.09914061608205733,1.5472753518585358,4.329218106995885,3.6665785997357974,-0.004771161564727733,-0.03053269870988585,0.5831762488218661,0.39356710483899865,0.0,157.20000000000007,98.60888888888884,9.669944921080047,0.5573462104176857,16066.0,0.35555555555555557,0.560533959582226,0.0,0.0,16.126126126126128,21.85,0.37,0.03,94.03,72.99,21.09,27.88,16.95,23.3,2.85,10.93,0,0,0.6754405374981995
La Libertad,2023,Octubre,0.6111576840911279,0.3247133960996823,0.9081022294725377,-0.0009919697172180082,0.6345441067455753,0.0,0.808211782894654,31.361464375033243,1.7189872843899454,0.0,9.00900900900901,0.5263026853992532,1.0110593181610459,0.058902716575468486,1.6020025031289111,0.0,0.5405208398585429,-0.17134355275022542,0.9265633894015605,-0.045910333249391394,-0.013110408808236999,-0.2252251545691018,0.20309033280507055,0.3431046931407943,-0.0491824280458775,-0.016046599575406596,0.5305484247374567,0.0,2.0379242271823066,0.47174009790831706,0.0,0.0,0.0,0.0,0.44757660655071624,0.059729628361300136,0.9088352049589233,0.0,0.190224570673712,-0.0002183549991014174,-0.03053269870988585,0.0,0.12043411296966311,78.0,11.681632653061257,6.644444444444364,10.923848231226753,0.6629971714492855,11602.0,0.0,0.5007107100920837,0.0,0.0,19.81981981981982,19.81,0.38,0.25,94.08,76.66,20.31,26.8,15.98,22.59,2.78,10.82,0,0,0.5562978876997537
La Libertad,2023,Noviembre,0.0,1.059449674973532,0.0,0.013893008514859445,0.0,0.0,1.1936181267503898,56.20390570957268,1.512273623608877,0.0,20.54054054054054,0.22468433220700695,1.0975840112116506,0.17473245847658564,0.5006257822277848,0.0,1.177874841259446,-0.17134355275022542,0.8299412373380927,-0.04509270544783012,0.0009786930370068675,-0.3635412990340247,0.300237717908082,0.26137184115523465,-0.0491824280458775,-0.017943288877266893,-0.021120186697782962,0.0,3.557592030920271,0.42723631508677734,0.0,0.0,0.0,0.0,0.9950382294662699,0.07833276258500077,0.2584541575562018,0.0,1.0039630118890357,-0.016632420775175228,-0.03053269870988585,1.796654099905749,-0.08859916186109681,30.0,2.0408163265306123,0.0,9.149625618814788,0.6398962909178525,15833.0,0.0,0.4957666398862868,0.0,0.0,19.81981981981982,20.75,0.38,0.19,94.03,76.34,20.17,27.1,15.82,22.43,2.62,11.28,0,0,0.5590678815532044
Piura,2023,Enero,0.0,-0.15252336661391863,0.0,1.6297280177663624,0.0,0.0,0.0,0.0,-0.07313553495470598,200.0,1.981981981981982,-0.13384314422905932,-0.07171800262011385,0.11313737833518955,0.14017521902377972,0.0,0.008860997374730206,0.6221641118124437,-0.08472657481606262,1.016193956182322,339.0743602813742,-0.2728259022521992,-0.3114104595879556,-0.09241877256317689,81.66473230902402,-0.010462382923165172,-0.021120186697782962,0.0,14.336447042984318,0.0,0.0,2.3784635532050416e+16,0.0,0.0,-0.09277877575380182,-0.17035696231430295,1.0778652854140574,0.0,0.0,0.1732675372910801,0.007828897105098936,0.7068803016022619,-0.35092947455137996,0.0,0.0,0.0,1.1621454733693113,-0.5865632738753987,0.0,0.0,0.0,0.0,0.0,0.036036036036036036,16.19,0.53,1.35,91.53,62.94,23.31,35.17,16.86,25.26,1.87,18.31,0,1,1.060825532319249
Piura,2023,Febrero,0.0,-0.18644907159689883,0.0,0.25944082460606416,0.0,0.0,0.0,0.0,-0.07313553495470598,200.0,1.8018018018018018,-0.2320113818246489,-0.07171800262011385,0.05502881216405984,0.5206508135168961,0.0,0.11136610839346016,1.2172948602344456,0.0645817947898659,1.1807201040879711,77.46563360179425,-0.3324314079186436,-0.3114104595879556,-0.09819494584837545,78.76665829906946,-0.0018291246720693573,-0.021120186697782962,0.0,0.11675276641126683,0.0,0.0,0.0,0.0,0.0,-0.07721566317585021,-0.0901260538460284,0.8008363937419067,0.1646090534979424,0.05812417437252312,0.17805996525489726,0.046581937775338665,0.0,-0.35952577098033517,0.0,0.0,0.7777777777777778,1.0010507772356647,-0.5823705808291226,0.0,0.0,0.0,0.0,0.0,0.0012360360360360362,13.47,0.53,1.22,91.43,67.58,24.2,33.71,18.33,26.09,1.75,15.38,0,1,0.9790278919960036
Piura,2023,Marzo,0.0,-0.19806122565147596,0.0,-0.0013179181456576604,0.0,0.0,0.0,0.0,-0.07313553495470598,200.0,2.3423423423423424,-0.018602169660323742,-0.07171800262011385,0.058902716575468486,0.37546933667083854,0.0,-0.05856458676203438,0.1280252479711452,-0.02852433138163147,0.6718978091160916,19.661576103578344,-0.34916277793027717,-0.3114104595879556,-0.06931407942238267,242.5407331746375,-0.0025798427808602976,-0.021120186697782962,0.0,0.2628828161045601,0.0,0.0,0.0,0.0,0.0,-0.0633665497804924,-0.1468747452016372,0.6904494024242681,0.0,0.05812417437252312,0.18045617923680585,0.041101709801769415,0.0,-0.35952577098033517,0.0,4.979591836734694,4.555555555555555,0.07835871001475686,-0.5876053174687714,0.0,0.0,0.0,0.0,0.0,0.24324324324324326,15.76,0.56,3.67,91.51,74.24,23.73,35.67,17.43,25.17,1.69,18.24,0,1,0.7562632607853352
Piura,2023,Abril,0.0,-0.2528432700736574,0.0,-0.0013179181456576604,0.0,0.0,0.0,0.0,-0.07313553495470598,110.0,0.0,-0.2320113818246489,-0.07171800262011385,0.18131809597598172,0.2127659574468085,0.0,-0.12690132744118768,-0.17134355275022542,-0.048364400449448695,0.8617408377402838,0.07548170047915176,-0.3658941479419107,-0.3114104595879556,0.13126353790613715,-0.0491824280458775,-0.0030052497091751645,-0.021120186697782962,0.0,0.8126101459031396,0.0,0.0,0.0,0.0,0.0,-0.06640375633204859,-0.18092396001500252,0.023881801006219883,1.8518518518518519,0.5083223249669749,0.246887018510753,0.031073988655732347,0.0,-0.25474264837565735,0.0,4.775510204081633,1.0,0.3950085214813331,-0.592876832117598,0.0,0.0,0.0,0.0,0.0,0.0,14.4,0.61,4.18,91.45,80.77,23.19,33.07,18.59,23.88,1.19,14.48,0,1,0.5464767960564827
Piura,2023,Mayo,0.0,-0.1389758535502453,0.0,0.10094296880347592,0.0,0.0,0.0,0.0,-0.07313553495470598,380.0,2.1621621621621623,-0.13526587231015483,0.012369375133290793,0.8298096944457893,0.05006257822277847,0.0,-0.12690132744118768,-0.17134355275022542,0.042405608374472895,0.8617408377402838,0.0020797227036394774,-0.2696887703750179,-0.3114104595879556,0.08086642599277995,-0.0491824280458775,0.0019244658718853302,-0.021120186697782962,0.0,0.23777144110550558,0.0,0.0,0.0,0.0,0.0,-0.05088863573120961,-0.16318184041876618,0.0015921200670813256,4.559670781893004,1.1889035667107002,0.19004103516444018,0.012526235368158297,0.0,-0.22198502811705206,0.0,5.387755102040816,5.555555555555555,1.1758037868426157,-0.5912218217045944,0.0,0.0,0.0,0.0,0.0,0.2072072072072073,14.64,0.56,0.55,91.46,69.17,24.87,36.3,18.02,26.07,1.35,18.28,0,1,0.9690571276373277
Piura,2023,Junio,14.034992833770518,2.337509534489236,3.964110929853174,3.0049261672484846,1.3046701260192946,0.0,0.0,0.0,-0.07313553495470598,1580.0,5.297297297297297,-0.18932953939178387,-0.07171800262011385,0.4904556680063919,0.0,0.0,-0.09318853537280539,-0.17134355275022542,0.019078291671868614,1.1844471249895072,0.0020797227036394774,-0.2696887703750179,-0.3114104595879556,0.018916967509025138,-0.0491824280458775,0.007479779876938314,-0.021120186697782962,0.0,0.23777144110550558,0.0,0.0,0.0,0.0,0.0,-0.025398039887674775,-0.0987362001206725,0.032373108030653616,8.551440329218106,0.4745046235138706,0.8065311807344396,0.016682283685371117,0.0,0.30935778502095435,0.0,5.428571428571429,20.77777777777778,1.061129882007786,-0.5909153382947788,0.0,0.0,0.0,45.0,0.0,0.3153153153153153,15.13,0.53,0.28,91.47,59.51,25.37,36.51,18.15,26.81,1.28,18.36,0,1,1.311131533863175
Piura,2023,Julio,77.314151275048,1.1544131877639772,25.970636215334373,2.49762003322501,6.523350630096473,0.0,0.0,0.0,-0.07313553495470598,2500.0,7.927927927927928,-0.20355682020273888,-0.07171800262011385,0.38043678272238624,0.0,1.0386473429951693,0.039384741544752015,0.15327321911632102,0.0038088869797430745,0.9960478972550995,0.6382301967580792,-0.24040887285465923,-0.3114104595879556,0.4043321299638989,-0.0491824280458775,-0.0008281671936814368,-0.021120186697782962,0.0,0.14700743508482653,0.0,0.0,0.0,0.0,0.0,0.00838145600288363,-0.12169659018639009,0.6352559067654489,4.197530864197531,1.0039630118890357,0.7076232552566945,0.07907186076149925,2.66258246936852,5.918636054299941,0.0,12.0,80.44444444444444,1.3427053829175637,-0.5912218217045944,0.0,0.0,0.0,0.0,0.0,0.1981981981981982,15.24,0.52,0.08,91.48,55.51,25.86,37.09,18.13,27.64,1.52,18.96,0,1,1.483123878620847
Piura,2023,Agosto,192.75805186727604,0.17307232550461638,41.17998912452412,0.3289764893398566,4.062268346923713,0.0,0.0,0.0,-0.07313553495470598,2100.0,5.045045045045045,-0.05701582784990227,-0.07171800262011385,0.6826013268122607,0.0,0.0,0.0384735850023633,0.2145897204688909,-0.05425547897811802,0.7173607487618568,1.0256295239066162,-0.2696887703750179,-0.3114104595879556,-0.08086642599277978,-0.0491824280458775,-0.0075846301727999,-0.021120186697782962,0.0,0.7521008085560202,0.0,0.0,0.0,0.0,0.0,-0.001148379452337839,-0.16800874060303636,1.3071305750737683,2.962962962962963,1.986789960369881,0.4949592643623076,0.03248992298616058,0.7186616399622996,2.614792793438162,0.0,9.224489795918368,194.22222222222223,1.5212277554691611,-0.5904862615210371,0.0,0.0,0.0,2320.0,0.0,0.2702702702702703,16.84,0.51,0.18,91.48,54.27,25.85,38.89,17.79,27.98,1.57,21.1,0,1,1.52355877260193
Piura,2023,Septiembre,22.228832580653886,-0.2561219959243616,0.0,-0.0013179181456576604,0.1779095626389947,0.0,0.0,0.0,-0.07313553495470598,2800.0,4.324324324324325,-0.16798861817535135,-0.07171800262011385,0.41917582683647275,0.5256570713391739,0.024154589371980683,0.09223182100329723,1.1812263300270514,-0.07846307178270734,0.7203490808360614,0.6728922418187377,-0.19230618407121283,-0.3114104595879556,0.24259927797833936,-0.0491824280458775,-0.010962861662359132,-0.021120186697782962,0.0,3.5960396638706302,0.0,0.0,0.0,0.0,0.0,0.05630487314820598,-0.10643314906315737,2.1721824781879553,0.49382716049382713,0.9511228533685601,0.8034718145330378,0.04462471349906393,55.85532516493873,0.3940828826247368,0.0,0.0,59.55555555555556,1.5293715873676732,-0.5807400890889042,0.0,0.0,0.0,564.0,0.0,0.801801801801802,18.33,0.51,0.19,91.42,52.39,26.3,39.05,18.53,28.78,1.73,20.52,0,1,1.628929794037456
Piura,2023,Octubre,0.162254252413532,0.5977128610298386,0.2990755845568238,0.0028976815288285092,0.0,0.0,0.0,0.0,-0.07313553495470598,5200.0,6.486486486486487,-0.11107949493153131,-0.07171800262011385,0.44629315771633327,0.15018773466833543,0.2415458937198068,0.13460060022437229,2.173110910730388,-0.08574227801066077,1.0407385713086543,14.044285859924559,-0.16616341842803545,-0.3114104595879556,-0.04043321299638989,-0.0491824280458775,-0.03098201123011754,-0.021120186697782962,0.0,17.482327491661053,0.0,0.0,0.0,0.0,0.0,-0.04129024030868439,-0.1652691486065587,2.05011993971172,0.0,0.0,0.47758671299347033,0.0,10.367577756833175,-0.050059099537948216,0.0,1.469387755102041,13.777777777777779,1.5884069689012195,-0.5817208360003138,0.0,0.0,0.0,2622.0,0.0,1.0810810810810811,16.95,0.52,0.52,91.48,56.49,25.52,37.88,18.53,27.87,1.95,19.35,0,1,1.421525878594289
Piura,2023,Noviembre,0.0,0.5009449105750292,0.0,0.39538304916062844,0.2372127501853263,0.0,0.0,0.0,-0.07313553495470598,1700.0,6.486486486486487,0.5021163080206297,-0.07171800262011385,0.8065662679773374,0.21026282853566958,3.478260869565218,0.19519251029322154,-0.17134355275022542,-0.08455729095029625,1.0009165281625116,18.181302885105513,-0.06577519835823428,-0.3114104595879556,-0.046209386281588445,-0.0491824280458775,-0.03235832776290093,-0.021120186697782962,0.0,24.169214361891214,0.0,0.0,0.0,0.0,0.0,-0.0397133610606981,-0.1312199337931934,0.061031269238117476,0.0,0.0,-0.016632420775175228,0.05715094886722223,16.78840716305372,-0.31940972097854425,0.0,1.6326530612244898,4.222222222222222,1.5799014687159842,-0.5880343942425131,0.0,0.0,0.0,4240.0,0.0,1.4864864864864864,17.39,0.51,0.54,91.41,57.04,25.18,37.09,16.99,27.63,2.03,20.1,0,1,1.375491651111068
Puno,2023,Enero,0.0,-0.2561219959243616,0.0,-0.0013179181456576604,0.0,0.0,0.0,0.0,-0.07313553495470598,0.0,0.0,-0.2320113818246489,-0.07171800262011385,-0.11929688634932932,0.0,0.0,-0.12690132744118768,-0.17134355275022542,-0.008125625556785226,-0.045862620666498786,-0.014231827913141029,-0.012966811759015961,-0.26743264659271,0.017328519855595668,-0.0491824280458775,-0.03285880650209489,-0.021120186697782962,0.0,-0.03452057695653159,0.0,0.0,0.0,0.0,0.0,-0.10607940941072963,-0.20036201751382024,-0.027066041140382534,0.0,0.0,-0.016632420775175228,-0.03053269870988585,0.0,-0.35952577098033517,0.0,0.0,0.0,0.0,1.7929126232501966,0.0,0.0,0.0,0.0,0.0,0.0,23.97,0.42,3.66,63.72,69.01,10.16,18.43,2.42,15.22,3.81,16.01,0,0,0.3846323842165454
Puno,2023,Febrero,0.0,-0.2561219959243616,0.0,-0.0013179181456576604,0.0,0.0,0.0,0.0,-0.07313553495470598,0.0,0.0,-0.2320113818246489,-0.07171800262011385,-0.11929688634932932,0.0,0.0,-0.12690132744118768,-0.17134355275022542,0.002979396037487901,-0.05010672374716696,-0.014231827913141029,0.02269192057827802,-0.3114104595879556,0.01790613718411549,-0.0491824280458775,-0.03285880650209489,-0.021120186697782962,0.0,-0.03452057695653159,0.0,0.0,0.0,0.0,0.0,0.019217358835241564,-0.20036201751382024,-0.027066041140382534,0.0,0.0,-0.016632420775175228,-0.03053269870988585,0.0,-0.35952577098033517,0.0,0.0,0.0,0.0,5.910026860665763,0.0,0.0,0.0,0.0,0.0,0.0,22.48,0.47,3.18,63.76,72.87,10.11,18.06,2.62,14.89,3.78,15.44,0,0,0.3355989093322819
Puno,2023,Marzo,0.0,-0.24641104748460246,0.0,-0.0013179181456576604,0.0,0.0,0.0,0.0,-0.07313553495470598,0.0,0.0,-0.2320113818246489,0.4169868689638365,-0.11929688634932932,0.0,0.0,-0.11178524040295897,0.31918845807033364,-0.01657289045852655,-0.042743339209267185,-0.014231827913141029,0.011711959008143518,-0.3114104595879556,0.1738628158844765,-0.0491824280458775,-0.03285880650209489,-0.021120186697782962,0.0,-0.03452057695653159,0.0,6.414326414326414,0.0,0.0,0.0,1.7272698555450055,-0.20036201751382024,-0.027066041140382534,2.2103703703703705,1.8006605019815058,-0.016632420775175228,-0.03053269870988585,0.0,-0.35952577098033517,0.0,0.0,0.0,0.0,29.014585193017204,0.0,7.911111111111111,0.27315987887027987,0.0,0.0,0.0,20.59,0.47,3.31,63.81,74.95,9.69,17.26,3.86,14.06,3.88,13.4,0,0,0.3012628941080771
Puno,2023,Abril,3.404905486897969,-0.0806431084142579,8.608428493746585,-0.0007312109744662864,35.54128984432971,1023.445,0.0,0.0,-0.07313553495470598,0.0,0.0,-0.2320113818246489,0.46770740029857133,-0.11929688634932932,0.4160200250312891,0.0,1.235013468032642,0.24200180342651037,-0.05056509070441136,-0.03355337866196592,-0.014231827913141029,-0.003555416127472101,-0.3114104595879556,0.172707581227437,-0.0491824280458775,-0.0176943007045179,0.022707117852975498,0.0,-0.03452057695653159,0.0,2.7187627187627195,0.0,0.0,0.0,5.603585720569969,0.1705265561045611,1.0440061986541278,215.89646090534978,22.140137384412153,0.0486644102318337,-0.028575474433611116,0.0,0.5764676385257361,0.0,318.9722448979592,20.764444444444443,0.0,25.252191789288002,0.0,360.44977777777774,230.31742166738763,0.0,6.0,0.0,23.22,0.49,1.18,63.81,67.03,10.08,17.11,3.58,13.73,3.0,13.53,0,0,0.4070214506756596
Puno,2023,Mayo,17.970199302306714,0.01864206104350004,22.475339858618774,-0.0010788892981352489,399.7022683469301,12021.63,0.0,0.0,-0.07313553495470598,0.0,0.0,-0.2320113818246489,0.07232733144441399,-0.11929688634932932,0.2888610763454319,3.647342995169083,1.033319855809477,-0.17134355275022542,-0.1131662642648109,-0.04170581717451524,-0.014231827913141029,0.026979334143759196,-0.3114104595879556,0.15075812274368244,-0.0491824280458775,0.7968098233966927,0.6887981330221704,0.0,-0.03452057695653159,0.0,9.588929588929588,0.0,0.0,0.0,9.555973908476044,1.9753958547363957,1.3847198930095315,123.1403950617284,30.398272126816373,0.8567875756305038,-0.00046973382630593726,0.0,0.5671549840610346,0.0,325.74734693877554,25.91888888888889,0.0,20.483792889115982,0.0,2086.1290666666664,1125.2554539274456,0.0,8.0,0.0,19.02,0.48,1.14,63.93,63.68,8.82,16.08,2.35,11.74,2.45,13.73,0,0,0.4119186925087043
Puno,2023,Junio,2.5500960004326805,-0.2441933537494735,0.6279499728113072,-0.0013179181456576604,0.0,20477.225,0.0,0.0,-0.07313553495470598,0.0,0.0,-0.2320113818246489,-0.07171800262011371,-0.11929688634932932,0.0,0.0,-0.12690132744118768,-0.17134355275022542,-0.10791846442605378,-0.045604079576932764,-0.014231827913141029,0.02368534567271893,-0.3114104595879556,0.15480144404332102,-0.0491824280458775,1.0336238508147948,0.9506417736289382,0.0,-0.03452057695653159,0.0,13.687423687423685,0.0,0.0,0.0,2.167864006505656,1.8954258597915952,-0.027066041140382534,9.051176954732636,1.1543461030383138,2.21651919966453,0.05480227973569255,0.0,-0.35952577098033517,0.0,4.097959183673603,5.972222222222234,0.0,16.615185882111437,0.0,673.0808888888887,195.9249267659603,0.0,0.0,0.0,20.88,0.45,0.14,63.92,51.25,8.17,14.89,1.37,9.86,2.25,13.52,1,0,0.5290435731789486
Puno,2023,Julio,0.0,-0.2561219959243616,0.0,-0.0013179181456576604,0.0,0.0,0.0,0.0,-0.07313553495470598,0.0,0.0,-0.2320113818246489,-0.07171800262011385,-0.11929688634932932,0.0,0.0,-0.12690132744118768,-0.17134355275022542,-0.1131662642648109,-0.04667685721480735,-0.014231827913141029,0.010247964132125845,-0.3114104595879556,0.1328519855595668,-0.0491824280458775,0.880965323392157,1.1335122520420076,0.0,-0.03452057695653159,0.0,6.178266178266176,0.0,0.0,0.0,-0.10607940941072963,0.4997994227288293,-0.027066041140382534,0.0,0.0,0.9839067273707542,0.08224256408906434,0.0,-0.35952577098033517,0.0,0.0,0.0,0.0,-0.6193569987256574,0.0,0.0,0.0,0.0,1.0,0.0,20.97,0.43,5.46,63.93,55.6,8.98,17.11,2.22,11.18,2.52,14.89,0,0,0.5090338789859736
Puno,2023,Agosto,0.0,-0.2561219959243616,0.0,-0.0013179181456576604,0.0,0.0,0.0,0.0,-0.07313553495470598,0.0,0.0,-0.2320113818246489,-0.07171800262011385,-0.11929688634932932,0.0,0.0,-0.12690132744118768,-0.17134355275022542,-0.1131662642648109,-0.04563429866532362,-0.014231827913141029,0.030848463458949437,-0.3114104595879556,0.02194945848375425,-0.0491824280458775,0.610256373362144,0.7797199533255542,0.0,-0.03452057695653159,0.0,0.9116809116809108,0.0,0.0,0.0,-0.10607940941072963,-0.20036201751382024,-0.027066041140382534,0.0,0.0,0.5123917210806928,0.02340840234424582,0.0,-0.35952577098033517,0.0,0.0,0.0,0.0,-0.6193569987256574,0.0,0.0,0.0,0.0,0.0,0.0,23.37,0.45,0.12,63.92,57.59,8.9,17.72,2.72,11.88,2.55,15.0,0,0,0.4835971412625892
Puno,2023,Septiembre,0.0,-0.25612199592436147,0.0,-0.0013179181456576604,0.0,0.0,0.0,0.0,-0.07313553495470598,0.0,0.0,-0.2320113818246489,-0.07171800262011385,-0.11929688634932932,0.0,0.0,-0.12690132744118768,-0.17134355275022542,-0.11281076814670149,-0.04590962813732898,-0.014231827913141029,0.027083905206331988,0.10657686212361331,-0.3581227436823098,-0.0491824280458775,-0.03285880650209489,-0.021120186697782962,0.0,-0.03452057695653159,0.0,0.0,0.0,0.0,0.0,-0.10607940941072963,-0.20036201751382024,-0.027066041140382534,0.0,0.0,-0.016632420775175228,-0.03053269870988585,0.0,-0.35952577098033517,0.0,0.0,0.0,0.0,-0.6193569987256574,0.0,0.0,0.0,0.0,7.199999999999999,0.0,25.14,0.41,0.12,63.9,62.35,9.87,17.95,3.76,13.84,3.46,14.19,0,0,0.4583008129484049
Puno,2023,Octubre,0.0,-0.2561219959243616,0.0,-0.0013179181456576604,0.0,0.0,0.0,0.0,-0.07313553495470598,0.0,0.0,-0.2320113818246489,-0.07171800262011385,-0.11929688634932932,0.0,0.0,-0.12690132744118768,-0.17134355275022542,-0.1131662642648109,-0.04499298245614033,-0.014231827913141029,0.040678143340783755,1.312202852614897,0.15537906137184102,-0.0491824280458775,-0.03285880650209489,-0.021120186697782962,0.0,-0.03452057695653159,0.0,0.0,0.0,0.0,0.0,-0.10607940941072963,-0.20036201751382024,-0.027066041140382534,0.0,0.0,-0.016632420775175228,-0.03053269870988585,0.0,-0.35952577098033517,0.0,0.0,0.0,0.0,-0.6193569987256574,0.0,0.0,0.0,0.0,0.0,0.0,24.19,0.38,0.68,63.87,64.87,11.45,19.74,5.68,15.91,4.24,14.06,0,0,0.4751178187127617
Puno,2023,Noviembre,0.0,-0.2561219959243616,0.0,-0.0013179181456576604,0.0,0.0,0.0,0.0,-0.07313553495470598,0.0,0.0,-0.2320113818246489,-0.07171800262011385,-0.11929688634932932,0.0,0.0,-0.12690132744118768,-0.17134355275022542,-0.10273837813360322,-0.04372713842021321,-0.014231827913141029,0.03900500633962049,2.22107765451664,-0.2535740072202165,-0.0491824280458775,-0.03285880650209489,-0.021120186697782962,0.0,-0.03452057695653159,0.0,0.0,0.0,0.0,0.0,-0.10607940941072963,-0.20036201751382024,-0.027066041140382534,0.0,0.0,-0.016632420775175228,-0.03053269870988585,0.0,-0.35952577098033517,0.0,0.0,0.0,0.0,1.2344329758863293,0.0,0.0,0.0,0.0,0.0,0.0,24.06,0.38,1.92,63.79,68.67,11.21,19.85,2.89,15.98,4.12,16.96,0,0,0.4170360069010457
San Martin,2023,Enero,0.0,5.461156206240963,0.0,1.3389168299125045,0.0,0.0,0.0,0.0,0.2895200102752403,0.0,0.0,0.4352480882091411,-0.022971696676111156,-0.11929688634932932,0.0,0.0,-0.12690132744118768,-0.17134355275022542,-0.10300923231882937,1.1213899605473012,0.2793760831889081,1.7150699972550092,0.286053882725832,-0.3927797833935018,0.8233559835533435,0.29220213460438227,-0.009451575262543758,0.0,-0.01213212213809742,0.0,0.0,0.0,0.0,52782.57,-0.10607940941072963,1.0876375911158944,-0.027066041140382534,0.0,0.0,1.0412960522374648,2.1008845381532995,0.0,-0.044328235251978085,0.0,0.0,0.0,0.0,-0.6193569987256574,0.0,0.0,0.0,0.0,0.0,0.0,16.55,0.55,2.03,90.29,71.61,22.82,30.98,16.84,22.8,0.01,14.14,0,0,0.7889310778289431
San Martin,2023,Febrero,0.0,5.070896754289096,0.0,1.5242358953966302,0.0,0.0,0.0,0.0,-0.07313553495470598,0.0,0.0,0.024791036813089043,-0.02175303902751109,-0.11929688634932932,0.0,0.0,-0.12690132744118768,-0.17134355275022542,-0.10893416762065193,1.197508486527323,0.31811601590376176,1.6816072572317422,0.2004754358161648,-0.3927797833935018,1.3513802207314434,0.4516046130376586,-0.015985997666277712,0.0,-0.007593921837063466,0.0,0.0,0.0,0.0,40157.35,-0.10607940941072963,1.1323842603916965,-0.027066041140382534,0.0,0.0,2.6362759839453664,1.7977104977583431,0.0,-0.20662631183065214,0.0,0.0,0.0,0.0,-0.6193569987256574,0.0,0.0,0.0,0.0,0.0,0.0,15.2,0.54,0.94,90.29,72.67,23.03,30.92,18.02,23.0,0.02,12.9,0,0,0.7691884464990557
San Martin,2023,Marzo,0.0,-0.22219629094138135,0.0,1.499457295866648,0.0,0.0,0.0,0.0,-0.07313553495470598,0.0,0.0,-0.02386626356037708,-0.07171800262011385,-0.11929688634932932,0.0,0.0,-0.12690132744118768,-0.17134355275022542,-0.09606859382240866,1.133286208343826,0.020430217147517547,1.7621269754127287,0.4301901743264659,-0.3927797833935018,4.95440986799394,0.6052515859702045,0.0008168028004667445,0.0,-0.012283395481465217,0.0,0.0,0.0,0.0,45663.37999999999,-0.10607940941072963,1.672736167506482,-0.027066041140382534,0.0,0.0,4.243536512310549,1.5324674638375904,0.0,1.4127010279737824,0.0,0.0,0.0,0.0,-0.6193569987256574,0.0,0.0,0.0,0.0,0.0,0.0,14.09,0.59,4.26,90.3,81.53,21.97,31.16,17.26,21.9,0.03,13.9,0,0,0.4874259010107571
San Martin,2023,Abril,0.0,0.2891027903323121,0.0,1.1945347140508764,0.0,0.0,0.0,0.0,-0.07313553495470598,0.0,0.0,0.2574070780722035,-0.07171800262011385,-0.11929688634932932,0.0,0.0,-0.12690132744118768,-0.17134355275022542,-0.10707204509722199,1.2147669436749766,0.007177082271383386,1.2037175012744596,0.2753565768621236,-0.3927797833935018,-0.0491824280458775,0.8886476720387845,0.006884480746791132,0.0,0.0008773853915332454,0.0,0.0,0.0,0.0,39016.48000000001,-0.10607940941072963,1.0794188151264614,-0.027066041140382534,0.0,0.0,11.91321841490445,2.081468873332653,0.0,0.09917260646871365,0.0,0.0,0.0,0.0,-0.6193569987256574,0.0,0.0,0.0,0.0,0.0,0.0,14.46,0.6,2.57,90.32,81.76,22.07,29.14,16.36,22.0,0.04,12.78,0,0,0.4842986154433571
San Martin,2023,Mayo,0.0,1.2272737622240688,0.0,1.8531330706189006,0.0,0.0,0.0,0.0,-0.07313553495470598,0.0,0.0,0.19409567846345366,-0.07171800262011385,-0.11929688634932932,0.0,0.0,-0.12690132744118768,-0.17134355275022542,-0.1119812772044464,1.3525659867371778,-0.014231827913141029,1.2544344666222238,0.2480190174326466,-0.3927797833935018,-0.0491824280458775,1.1820533328912435,0.039089848308051345,0.0,0.006474499096141787,0.0,0.0,0.0,0.0,38856.84,-0.10607940941072963,1.2156156743799227,-0.027066041140382534,0.0,0.0,7.872303061163363,1.7552778754487066,0.0,-0.16444715068591187,0.0,0.0,0.0,0.0,-0.6193569987256574,0.0,0.0,0.0,0.0,0.0,0.0,14.5,0.56,1.16,90.44,75.83,23.28,31.16,17.31,23.2,0.04,13.85,0,0,0.6906037690682041
San Martin,2023,Junio,0.0,5.182976809845285,0.0,2.2273129572105765,0.0,0.0,0.0,0.0,0.0779709422244383,0.0,0.0,0.12224791036813086,-0.04978216494531264,-0.11929688634932932,0.0,0.0,-0.12690132744118768,-0.17134355275022542,-0.1091034514864183,1.1628572651725004,-0.014231827913141029,2.8674431068062685,0.08874801901743225,-0.3927797833935018,-0.0491824280458775,0.7959339856031032,0.011085180863477246,0.0,0.01676108644515208,0.0,0.0,0.0,0.0,40468.37,-0.10607940941072963,1.0542406601112144,-0.027066041140382534,0.0,0.0,12.420616725573593,4.075802121885557,0.0,-0.1636878111680212,0.0,0.0,0.0,0.0,-0.6193569987256574,0.0,0.0,0.0,0.0,0.0,0.0,15.71,0.54,0.14,90.56,70.16,23.12,30.38,16.04,23.02,0.05,14.34,0,0,0.8444125757107521
San Martin,2023,Julio,0.0,4.981005020548959,0.0,1.495393805458767,0.0,0.0,0.0,0.0,1.0601630438888763,0.0,0.0,0.17133202916592566,-0.07171800262011385,-0.11929688634932932,0.0,0.0,-0.12690132744118768,-0.17134355275022542,-0.11011915468101645,1.180854411147486,-0.014231827913141029,2.039240291230409,0.13015055467511885,-0.3927797833935018,-0.0491824280458775,2.3899587699358666,0.008751458576429404,0.0,-0.02741072981824506,0.0,0.0,0.0,0.0,38811.01000000001,-0.10607940941072963,1.0579456321445453,-0.027066041140382534,0.0,0.0,6.528925597555863,2.8524586602427973,0.0,0.3140800171925938,0.0,0.0,0.0,0.0,-0.6193569987256574,0.0,0.0,0.0,107.5,0.0,0.0,16.85,0.53,0.26,90.54,65.86,24.07,31.65,18.25,23.95,0.06,13.4,0,0,1.022963939074433
San Martin,2023,Agosto,0.0,0.38118034130625345,0.0,1.5046072810359945,0.0,0.0,0.0,0.0,0.6823968509410154,0.0,0.0,0.024079672772541576,-0.07171800262011385,-0.11929688634932932,0.0,0.0,-0.12690132744118768,-0.17134355275022542,-0.1091034514864183,1.2676839251238141,-0.014231827913141029,2.412558984614982,0.16125198098256735,-0.3927797833935018,-0.0491824280458775,1.7754959978904818,-0.01131855309218203,0.0,-0.013947402258511,0.0,0.0,0.0,0.0,56049.92999999999,-0.10607940941072963,1.241967940250803,-0.027066041140382534,0.0,0.0,2.7911313125262085,1.8114893566633161,0.0,0.9136430387907887,0.0,0.0,0.0,0.0,-0.6193569987256574,0.0,0.0,0.0,84.4,0.0,0.0,19.39,0.52,0.3,90.44,58.73,25.3,33.88,17.08,25.23,0.04,16.8,0,1,1.330842768220637
San Martin,2023,Septiembre,0.0,1.4503865025785798,0.0,1.4891336399421558,0.0,0.0,0.0,0.0,-0.07313553495470598,0.0,0.0,-0.16087497776987386,-0.07171800262011385,-0.11929688634932932,0.0,0.0,-0.12690132744118768,-0.17134355275022542,-0.09336005197014692,1.1508703601108032,0.03674176776429805,1.9325778074062452,0.18700475435816163,-0.3927797833935018,-0.0491824280458775,0.39942970447668824,-0.0008168028004667445,0.0,0.006625772439509585,0.0,0.0,0.0,0.0,74613.56999999995,-0.10607940941072963,2.049103925117819,-0.027066041140382534,0.0,0.0,2.2987093392439943,1.5043225787447632,0.0,2.6651670905118388,0.0,0.0,0.0,0.0,-0.6193569987256574,0.0,0.0,0.0,713.3,0.0,0.0,18.87,0.52,0.4,90.33,54.41,26.44,35.01,19.27,26.34,0.05,15.74,0,1,1.572743449397049
San Martin,2023,Octubre,0.0,0.28221518915288324,0.0,1.8458535557170812,0.0,0.0,0.0,0.0,0.30463065799315475,0.0,0.0,0.031193313178018798,-0.07171800262011385,-0.11929688634932932,0.0,0.0,-0.12690132744118768,-0.17134355275022542,-0.09183649717824968,1.1555543188113824,0.6545417473748597,1.755852711658366,0.10736925515055468,-0.3927797833935018,-0.0491824280458775,0.22613894103077953,-0.0045507584597432905,0.0,0.0029952121986824235,0.0,0.0,0.0,0.0,65736.56,-0.10607940941072963,1.0395642744157982,-0.027066041140382534,0.0,0.0,0.2634250883603906,1.4688968193441878,0.0,1.2081521544467932,0.0,0.0,0.0,0.0,-0.6193569987256574,0.0,0.0,0.0,0.0,0.0,0.0,18.05,0.53,1.58,90.24,56.5,26.55,34.27,18.27,26.5,0.03,16.0,0,1,1.510396483612183
San Martin,2023,Noviembre,0.0,0.7394494472842358,0.0,2.024327704203975,0.0,0.0,0.0,0.0,0.5312903737618712,0.0,0.0,0.30890983460786037,-0.07171800262011385,-0.11929688634932932,0.0,0.0,-0.12690132744118768,-0.17134355275022542,-0.09361397776879646,1.2812825148996894,0.6708532979916403,1.8447381148451691,0.17393026941362916,-0.3927797833935018,-0.0491824280458775,0.6246451371139704,-0.01738623103850642,0.0,0.059571442618239025,0.0,0.0,0.0,0.0,60170.96999999997,-0.10607940941072963,1.3783213476183487,-0.027066041140382534,0.0,0.0,0.05705115916851375,1.4006679810732494,0.0,0.4539131057702652,0.0,0.0,0.0,0.0,-0.6193569987256574,0.0,0.0,0.0,0.0,0.0,0.0,17.14,0.55,1.84,90.21,71.23,24.27,33.22,18.39,24.25,0.02,14.83,0,1,0.8724556259660301
Ica,2024,Enero,0.0,0.16989833672969862,0.08727569331158222,-0.0013179181456576604,0.0,0.0,0.8056570059940946,0.0,1.0646962382042506,0.0,0.36396396396396397,13.236115952338613,1.1113792157938036,-0.07908575855890754,0.0,0.0,0.389587758611853,-0.17134355275022542,-0.109442019217951,-0.07068659447662218,1.4760322153124676,-0.3972654667137236,-0.3114104595879556,-0.28592057761732853,0.020066652239774954,-0.03285880650209489,0.03115519253208868,0.0,59.812239526211876,0.0,1.0582010582010581,114789013939814.33,0.0,0.0,-0.10381521649052322,-0.20036201751382024,2.8818965334239075,0.0,0.0,-0.016632420775175228,-0.03053269870988585,5.780631479736098,-0.35952577098033517,79.3,0.0,0.0,0.0,-0.041413877234729266,0.0,0.0,0.0,1144.92,0.0,2.1621621621621623,24.02,0.33,0.2,95.77,78.74,22.7,28.82,18.69,24.57,3.33,10.13,0,0,0.5865147763803567
Ica,2024,Febrero,0.0,0.5589089128974598,0.19113648722131557,-0.0013179181456576604,0.0,4.2,0.9838020047902067,0.0,0.8544164645617536,0.0,0.09117117117117117,13.950368130890988,1.6029978978155566,-0.006566267977337659,0.0,0.8695652173913045,1.4694904926509527,0.21657348963029757,0.8517517706034347,-0.07100590951061866,5.787297379957184,-0.4066768623452674,-0.3114104595879556,-0.3927797833935018,0.2977554641852413,-0.03285880650209489,0.23465577596266043,0.0,12.672440265938535,3.195371606586552,31.85836385836385,824193916180889.1,0.0,0.0,-0.10160724274350591,-0.15652854557017756,2.746884751735411,0.0,0.0,-0.016632420775175228,-0.03053269870988585,6.381950989632422,-0.3440524374082158,43.7,0.0,0.0,0.0,-0.015491510432534342,0.0,0.0,0.0,2229.889999999999,0.0,1.1711711711711712,24.57,0.33,0.47,95.78,78.91,23.67,28.76,20.24,25.57,3.23,8.520000000000003,0,0,0.6169302848905511
Ica,2024,Marzo,0.0,1.789999886155352,0.3308863512778678,-0.0013179181456576604,0.0,2.180000000000001,1.0750643129601702,0.0,12.111486358862768,0.0,0.07207207207207211,5.872431086608574,1.6691344484050823,-0.040772843930076026,0.0,0.0,0.9596984071844686,-0.062416591523895386,2.76465945376329,-0.07086052211869386,6.201182587419714,-0.35607492516633327,-0.3114104595879556,-0.3927797833935018,0.12671023587967972,-0.03285880650209489,5.011785297549592,0.0,3.8380770132591078,5.028927458833989,8.473748473748472,4235318790193148.0,1669.55,0.0,-0.09878462888961045,-0.14858372878039233,2.2512259324516526,0.0,0.045653896961690886,-0.016632420775175228,-0.03053269870988585,1.5289820923656925,-0.35952577098033517,19.40000000000001,0.0,0.0,0.0,-0.1134840640196649,0.0,0.0,0.0,1551.13,0.0,0.06306306306306306,22.78,0.34,0.36,95.78,78.62,22.99,27.91,19.37,24.42,2.89,8.54,0,0,0.6002749006823973
Ica,2024,Abril,0.5968252251277752,1.5850954587370072,0.13920609026644895,-0.0013179181456576604,1.1267605633803,6.4,0.7697938183523211,0.0,0.5364279939859614,0.0,0.2882882882882883,5.258011737506669,0.21283855832800186,-0.016832114667570584,0.0,0.0,1.368470566796316,-0.17134355275022542,4.7387581758817126,-0.0707275581297742,3.4728718523804667,-0.4022325921859273,-0.3114104595879556,-0.3927797833935018,0.9805513958017744,-0.03285880650209489,13.248144690781798,0.0,1.7807595434570493,52.48776145972395,2.173382173382177,0.0,3916.75,0.0,-0.09451848492413452,-0.16243823687686515,1.3799435328082874,0.0,0.058652575957727875,-0.016632420775175228,-0.03053269870988585,7.354500471253534,-0.35952577098033517,4.949999999999989,0.0,0.0,0.0,0.4803079275596427,0.0,0.0,0.0,5975.900000000001,0.0,0.23423423423423423,20.52,0.34,0.11,95.82,77.93,21.46,26.61,16.96,22.77,3.06,9.649999999999999,0,0,0.5645652242647297
Ica,2024,Mayo,0.9838016171340491,3.7853686858912323,0.20228384991843348,-0.0013179181456576604,0.965455893254278,2.120000000000001,0.788525807555347,0.0,2.299236156757859,0.0,0.1981981981981982,3.008963186910903,0.5783871066020781,0.1898794247251948,0.0,0.0,1.9695332031138775,-0.17134355275022542,6.99675609792226,-0.07107373457567365,-0.014231827913141029,-0.4089251401905807,-0.3114104595879556,-0.3927797833935018,0.07633152997186758,-0.027747667378076574,19.26914819136523,0.0,-0.03452057695653159,27.0048954161103,0.0,0.0,255.8000000000002,0.0,-0.10259313507333387,-0.057487076627040404,0.9804275373086812,0.0,0.0,-0.016632420775175228,-0.03053269870988585,12.872761545711592,-0.35952577098033517,81.1,0.0,0.0,0.0,-0.15128082405175158,0.0,0.0,0.0,3736.900000000001,0.0,0.018018018018018018,15.52,0.33,0.07,95.81,70.38,19.73,25.47,15.26,20.36,3.02,10.21,0,0,0.6810849190905282
Ica,2024,Junio,0.4272695313556343,1.7578706497114047,0.03463839042958141,-0.0013179181456576604,2.513862120088995,8.309999999999999,0.7484735968369435,0.0,2.0121338501174852,0.0,0.3963963963963964,1.4141845989685224,3.5394936477470074,-0.028298871725340145,0.0,0.0,5.371349821470265,0.15118124436429223,4.6782205726449995,-0.0717016200789054,-0.014231827913141029,-0.4139968367253571,-0.3114104595879556,-0.3927797833935018,0.5921333044795499,0.34551563229701887,20.083150525087515,126.2,-0.03452057695653159,0.0,2.3768823768823806,1.0,0.0,0.0,0.12358928226027126,0.08500432138023267,5.186723841467299,0.0,0.0,-0.016632420775175228,-0.03053269870988585,10.90362865221489,-0.20765786740212674,0.0,0.0,0.0,0.0,-0.1489104813602377,0.0,0.0,0.0,0.0,0.0,0.5405405405405406,11.91,0.33,0.04,95.94,69.63,18.37,24.96,14.12,18.81,2.66,10.84,0,0,0.6415447153497311
Ica,2024,Julio,0.0,1.7269595509967095,0.051169113648722016,-0.0013179181456576604,0.0,0.0,0.8499398056037811,5.755334433033573,0.9815876757557211,0.0,0.5045045045045041,2.608152231904677,4.981689668829784,0.00966539150646454,0.0,0.0,2.7302259098752266,1.560306582506763,2.3047524329265614,-0.07145449508939813,-0.014231827913141029,-0.41321255375606175,-0.3114104595879556,-0.3927797833935018,0.056595542090456454,1.2383146503577325,20.7763593932322,13009.8,-0.03452057695653159,0.0,0.0,0.0,9.199999999999818,0.0,0.9518982412397285,-0.11897526213655564,3.8664529687732205,0.0,0.0,-0.016632420775175228,-0.03053269870988585,5.899505183788878,-0.30367849851355627,32.85000000000002,0.0,0.0,0.0,-0.17617279363014726,0.0,0.0,0.0,15.0,0.0,0.7747747747747747,13.25,0.33,0.01,95.91,67.55,17.99,23.59,13.35,18.57,3.21,10.24,0,0,0.6693215706414801
Ica,2024,Agosto,0.0,1.9018169605755981,0.0,-0.0013179181456576604,0.0,0.0,1.524601639822078,60.221571861863424,2.730342936149957,0.0,0.6306306306306306,3.5405370798506097,13.886177375620756,-0.01756815650573826,0.0,0.0,1.0797478374268943,6.719044183949504,0.5808975853772604,-0.07153205741626793,-0.014231827913141029,-0.3550187574343489,-0.3114104595879556,-0.3927797833935018,-0.04087253841159928,1.04894475621837,16.662954492415402,5883.359999999999,-0.03452057695653159,0.0,0.0,0.0,0.0,0.0,2.0907218053347707,-0.17529344617843223,2.3516462521493646,0.0,0.0,-0.016632420775175228,-0.03053269870988585,4.524151743638079,0.8538701242881201,95.8,0.0,0.0,0.0,-0.1805867676983098,0.0,0.0,0.0,0.0,0.0,2.1936036036036035,14.87,0.32,0.0,95.98,64.3,18.14,25.16,12.82,19.02,3.3,12.34,0,0,0.7433310773833486
Ica,2024,Septiembre,0.0,1.0149068181559442,0.0,-0.0013179181456576604,0.24907338769459278,0.0,2.2463382798342444,52.400574682062434,0.491851583218117,0.0,0.0,8.847568913391438,8.401608628096149,-0.008115829741901044,0.26292866082603256,0.0,2.693182840644416,40.463462578899914,4.809291991391922,-0.06948018131453036,-0.01423182791313732,-0.3648484373161836,-0.3114104595879556,-0.3927797833935018,0.09340142826228111,0.6792636331190551,9.43803033838975,1668.73,-0.03452057695653159,0.0489541611036947,0.0,0.0,0.5,0.0,0.6372796364813416,-0.058978197413694686,1.1956609421105144,0.0,0.0,-0.016632420775175228,-0.03053269870988585,8.747879359095187,4.462108241699203,406.74,0.0,0.0,0.0,-0.20741816429401747,0.0,0.0,0.0,0.0,0.0,4.054054054054054,16.29,0.32,0.07,95.81,64.27,18.81,24.54,13.54,20.12,3.37,11.0,0,0,0.775844827570614
Ica,2024,Octubre,0.0,0.7722264597729941,0.0,-0.0013179181456576604,0.0,0.0,2.0667222567195953,21.807694354280837,1.4741947913597344,0.0,0.27387387387387385,12.519900409034326,0.6064649788258236,-0.11929688634932932,0.0,0.0,6.612923616608105,31.49956717763751,-0.1131662642648109,-0.07089678502476288,-0.014231827913141029,-0.375901598630119,-0.3114104595879556,-0.3927797833935018,-0.0491824280458775,-0.013270068650043125,0.976779463243874,0.0,0.3763378236304089,0.0,1.1233211233211198,0.0,0.0,0.0,0.16916074972723869,-0.11342563149226231,2.5686097607574268,0.0,0.0,-0.016632420775175228,-0.03053269870988585,3.675777568331762,0.19141086715140318,1714.39,0.0,0.0,0.0,-0.18915481790311192,0.0,0.0,0.0,0.6399999999994179,0.0,10.63063063063063,20.8,0.32,0.08,95.88,65.85,19.36,25.44,14.67,20.95,3.02,10.77,0,0,0.767404846632985
Ica,2024,Noviembre,0.0,0.2320028688851176,0.0,-0.0013179181456576604,0.0,0.0,1.3622780094029983,51.25568030649707,1.990978943312405,0.0,0.07927927927927927,21.3468611061711,0.7235657922798042,-0.11929688634932932,0.0,0.0,6.594609370106092,2.984652840396754,-0.1131662642648109,-0.07127284479140435,-0.014231827913141029,-0.4041462426310079,-0.3114104595879556,-0.3927797833935018,-0.013796148019908989,-0.03285880650209489,-0.021120186697782962,0.0,18.608406259690945,0.0,0.7081807081807118,0.0,0.0,0.0,0.30188461923122506,-0.06152079969994944,0.9636572059354253,0.0,0.0,-0.016632420775175228,-0.03053269870988585,0.1672950047125332,0.02650524732261213,1060.09,0.0,0.0,0.0,-0.19251265014105048,0.0,0.0,0.0,34.79999999999927,0.0,9.27927927927928,22.93,0.33,0.33,95.89,74.98,19.44,24.46,14.93,21.11,2.93,9.530000000000001,0,0,0.5650435547888419
Ica,2024,Diciembre,0.0,0.9874463507098247,0.0407830342577487,-0.0013179181456576604,0.0,0.0,1.3714194472253551,0.0,0.9997204530172185,0.0,0.3927927927927928,92.55831406722393,0.8597507845108662,-0.11267250980582061,0.0,0.0,3.18907067727405,-0.17134355275022542,-0.1131662642648109,-0.0634914295307647,-0.0009786930370068675,-0.13517901258774162,-0.3114104595879556,-0.2642021660649819,1.3483332611988752,-0.005826698601381202,0.07698949824970013,25.00000000000364,31.242755897769467,0.16021361815754398,0.0,1.0,0.0,0.0,0.21751780866575657,-0.08174159776918931,0.7951896745706586,0.0,0.0,-0.016632420775175228,-0.03053269870988585,6.564915174363802,-0.35952577098033517,435.9699999999998,0.0,0.0,0.0,-0.18817223209124348,0.0,0.0,0.0,869.100000000004,0.0,4.090081081081079,24.29,0.33,0.22,95.83,77.21,20.29,25.67,16.77,21.98,3.02,8.900000000000002,0,0,0.5425183782579148
Junin,2024,Enero,0.0,0.0737770238732226,0.023926046764545905,-0.0007920546811083548,0.0,0.0,0.0,1.3937104240940767,0.34603383274024024,0.0,0.0,-0.2320113818246489,0.4744843554824363,16.71397995254467,13.879349186483104,0.3381642512077295,-0.05788121935524285,12.284201983769162,1.463577518256209,0.5750456308234702,1.1363441737180138,0.7512907990536317,16.565055467511886,3.551768953068592,0.8304540142826229,2.695501040213779,0.5055029171528588,2917.725,-0.03452057695653159,0.062305295950155604,0.0,132821004635340.7,0.0,0.0,1.133834455274348,1.0407775222999525,-0.027066041140382534,0.21728395061728395,0.06340819022457067,-0.016632420775175228,0.25469516085105215,0.0,0.6840646154948256,0.0,0.0,0.0,0.0,0.13580157295560968,0.0,15.448888888888888,2.598479698411717,0.0,6.420000000000002,0.0,15.1,0.63,2.28,90.95,74.43,25.55,34.06,20.14,25.53,0.23,13.92,0,1,0.8368918251648236
Junin,2024,Febrero,0.0,0.2643871173396783,0.023926046764545905,-0.0003400728603387037,0.0,0.0,0.0,1.6154951311658587,0.6107723807581011,0.0,0.0,-0.19644317979726136,0.6184078237821042,21.57263086533339,18.217772215269086,0.3381642512077295,0.01933929761220038,39.23749323715059,1.0543337727660362,0.5597547720977083,0.7289631970639208,0.6940904278263598,17.25528922345483,3.8908303249097473,0.9602960398182216,2.8865525429168337,1.025752625437573,5175.5,-0.03452057695653159,2.910547396528698,6.487586487586485,509293785985842.9,0.0,0.0,1.2775841387201237,0.9291234936320794,-0.027066041140382534,0.0,2.5326287978863937,2.0858686275684413,0.3797367396342713,0.0,0.8625810380027948,0.0,0.0,0.0,0.0,0.20093849204369832,0.0,16.106666666666666,5.681478276991532,0.0,5.85,0.0,15.24,0.63,3.96,91.03,75.77,24.97,35.41,18.36,24.92,0.22,17.05,0,1,0.7661569358461988
Junin,2024,Marzo,0.0,0.28293241043272355,0.47852093529091805,-0.000377013682228531,0.0,0.0,0.0,2.0726866386420473,0.7821271258792507,0.0,0.0,-0.17823226035923898,0.9225847728726809,24.410773328168133,29.216520650813518,1.2318840579710149,-0.08954390920325055,86.06057709648331,0.889857568787442,0.5557003777386046,-0.014231827913141029,0.6575428414571965,16.431834389857382,4.465559566787003,1.6692334992425886,3.3131543642215253,1.5223570595099187,6251.449999999999,-0.03452057695653159,4.0676457498887295,10.785510785510784,582301358070169.1,0.0,0.0,1.2570178625281812,0.6926536536046832,-0.027066041140382534,0.0,8.485072655217966,4.069084346732162,1.1488910416181244,0.0,1.0316415344389136,0.0,0.0,0.0,0.0,0.2936632087829197,0.0,17.953777777777777,18.395649218218896,0.0,9.879999999999995,0.0,15.26,0.65,3.65,91.05,78.44,24.77,32.77,19.4,24.58,0.23,13.37,0,1,0.673649774533744
Junin,2024,Abril,0.0,0.06601281890731905,1.5715062533985833,-2.7162369036637226e-05,0.0,38.0,0.0,1.902836162400893,0.32578556479823495,0.0,0.0,-0.1950204517161659,0.8137586448526952,24.1170112827466,32.613917396745926,2.7705314009661843,-0.042072653344798726,179.12203426510368,0.7886766022188895,0.5468797616049694,-0.014231827913141029,0.6501705815458216,15.37220681458003,4.35638989169675,1.7486968188703744,3.1347587176358385,2.7332788798133025,6293.5,-0.03452057695653159,3.560302625723178,8.807488807488806,315779739497267.1,0.0,0.0,2.4959633176750935,0.7194233811131223,-0.027066041140382534,0.22386831275720165,20.531571994715982,7.828608099203259,1.5987058050195568,0.0,0.7293384433539893,0.0,0.32653061224489793,0.4,0.0,0.2430260198132024,0.0,30.321777777777775,39.594586243124645,0.0,7.84,0.0,15.75,0.64,1.02,91.0,75.97,25.17,32.93,19.71,25.05,0.22,13.22,0,1,0.768934085275665
Junin,2024,Mayo,0.0,-0.03133573925021891,14.58183795541052,-0.00048131717932921965,8.702742772424159,339.2,0.0,1.8211036024051506,0.18918530942828837,0.0,0.0,-0.2320113818246489,0.9069859549706001,12.585560021306469,30.813016270337926,14.705314009661837,-0.10703811481711378,88.3667989179441,0.61511831884193,0.5390546965499877,-0.014231827913141029,0.7009398324248722,14.753617274167986,4.458628158844766,1.6700991127461595,3.3577782998049073,4.480816802800467,5696.450000000001,-0.03452057695653159,0.27592345349354575,1.652421652421653,0.0,0.0,0.0,4.228213163565141,0.6296039006571759,-0.027066041140382534,10.431275720164608,30.717569352708054,9.495935721559936,1.8394267759828626,0.0,0.5064078226297513,0.0,59.02040816326531,42.48888888888888,0.0,0.2216886448218471,0.0,53.53777777777778,43.89753414498485,0.0,7.449999999999999,0.0,14.65,0.59,0.59,91.1,66.12,25.8,34.98,17.92,25.65,0.24,17.06,0,1,1.125423724588156
Junin,2024,Junio,74.03391113875442,-0.20156764079736822,68.47852093529073,8.800607567870667e-05,255.82653817643111,2963.4,0.0,1.178736763688605,0.11030772834077533,0.0,0.0,-0.14664769695891883,0.5200621515400793,5.809713815311606,0.0,65.3985507246377,-0.10958935313580218,1.2840216411180723,0.4451657818057934,0.5611595903634695,-0.014231827913141029,0.6545102806425891,13.914663232963548,4.41559566787004,1.7367513525210985,4.298966104764591,5.963570595099184,5282.650000000001,-0.03452057695653159,0.9701824655095668,0.17908017908017818,0.0,0.0,0.0,3.4282863170502544,0.4707727932423397,-0.027066041140382534,56.37695473251029,41.48903566710702,9.00846851973882,2.1180689672989916,0.0,2.2371288369927314,0.0,186.86122448979594,117.46333333333334,0.0,0.17198623025206655,0.0,93.23555555555555,36.31555528088501,0.0,6.910000000000004,0.0,14.16,0.57,0.77,91.13,56.2,25.91,34.81,17.81,25.61,0.3,17.0,0,1,1.464447787768276
Junin,2024,Julio,111.56629438329863,-0.2136693268365986,22.235236541598656,-0.0008615903458421473,340.4536693847349,3314.7,0.0,1.025488213696589,-0.07313553495470598,0.0,0.0,-0.19729681664591867,0.06964628461749396,4.4650815941116715,37.43329161451815,47.91545893719808,-0.09296074623720821,0.02342651036970245,0.3104496814289257,0.5131782590447411,-0.014231827913141029,0.6080807288603065,13.196406497622814,3.9260649819494575,1.2192876000865611,4.305472328374112,5.531019836639439,3352.800000000003,-0.03452057695653159,0.0,0.0,0.0,0.0,0.0,1.312350898139856,0.5302088938897314,-0.027066041140382534,17.705349794238682,8.187054161162493,5.548419996405679,2.0665297718767044,0.0,2.36378093771267,0.0,63.60816326530611,20.244444444444444,0.0,0.1104259725565254,0.0,37.854222222222226,21.026759779988843,0.0,6.5,0.0,14.59,0.57,0.01,91.3,49.64,25.25,34.51,16.2,24.65,0.35,18.31,0,1,1.619150673714448
Junin,2024,Agosto,6.114281078449942,-0.18137160031421137,2.998368678629692,-0.0009267800315300777,19.55819125278011,279.8999999999996,0.0,0.7019634970467727,0.04351866542759348,0.0,0.0,-0.2320113818246489,-0.07171800262011385,5.932129194712112,5.823779724655815,9.794685990338166,-0.1184731294240921,0.5933092876465285,0.19099621438955242,0.4734289095945609,-0.014231827913141029,0.4999542501601244,12.197008716323296,3.8059205776173264,0.8332239774940486,3.4127120974156853,3.9988098016336076,2111.050000000003,-0.03452057695653159,0.0,0.0,0.0,0.0,0.0,0.11588005673680171,0.759343150204654,-0.027066041140382534,0.0,0.036988110964332896,2.3804250284550386,1.2895097769713586,0.0,0.04908485260933475,0.0,1.0775510204081487,0.0,0.0,0.036459266431652086,0.0,14.604444444444445,3.5835856869167384,0.0,4.795999999999999,0.0,15.86,0.56,0.03,91.19,45.48,26.36,34.86,17.71,26.0,0.32,17.15,0,1,1.871959914402936
Junin,2024,Septiembre,0.0,-0.11510263094980577,0.04241435562805469,-0.000676886236393011,10.022238695330142,0.0,0.0,0.8190283616240088,0.062255868597807185,0.0,0.0,-0.2320113818246489,-0.05404746671541288,8.407554113602254,5.702127659574468,5.043478260869593,-0.11801755115289775,0.9828494138864892,0.4048017368524648,0.49765286661630015,-0.014231827913140796,0.6477654471066472,12.192630744849449,3.8428880866426054,0.7355827742912806,3.025172641705082,2.581773628938155,1897.449999999997,-0.03452057695653159,0.0,0.0,0.0,0.0,0.0,0.004888325668756705,1.3083443406226047,-0.027066041140382534,0.5596707818929891,1.2824306472919265,-0.016632420775175228,1.0443556930222893,0.0,0.004957197607363318,0.0,7.424446545085128e-14,0.0,0.0,0.062372438731552786,0.0,16.62933333333336,2.006180087757253,0.0,5.709999999999994,0.0,15.09,0.56,0.45,91.02,48.72,27.61,36.24,20.38,27.43,0.29,15.86,0,1,1.894702758915927
Junin,2024,Octubre,0.0,-0.15443595669349594,0.0,-0.0009919697172180082,0.0,0.0,0.0,0.9441813441174909,0.0003022129543583573,0.0,0.0,-0.2320113818246489,-0.07171800262011385,5.604009491065814,3.982978723404248,1.7053140096618449,-0.12690132744118768,0.4328043282236249,0.8908902003686163,0.5711144631914719,-0.014231827913141029,0.7157366377789105,12.317452456418383,3.9240433212996413,0.6273464618048038,2.8836998141034282,0.9205414235705961,1153.150000000002,-0.03452057695653159,0.0,0.0,0.0,0.0,0.0,0.035270675179415796,1.7192570487419088,-0.027066041140382534,0.0,0.0,-0.016632420775175228,0.7319318106976598,0.0,0.5327697983452142,0.0,0.0,0.0,0.0,0.09666486745580936,0.0,8.31822222222225,1.0492552994252444,0.0,6.485799999999998,0.0,17.62,0.57,0.8,90.92,54.4,27.95,36.49,20.54,27.93,0.26,15.95,0,1,1.718580284101947
Junin,2024,Noviembre,0.0,-0.17544029417456927,0.0,-0.0009267800315300777,0.0,0.0,0.0,0.8871388282871281,-0.07313553495470598,0.0,0.0,-0.2320113818246489,-0.03393961551351176,4.719597113941205,4.394993742177729,0.676328502415459,-0.11824534028849493,0.06851217312894502,1.626731615243168,0.5740735834802313,0.9885207462534409,0.8267388206998417,14.186687797147389,3.892851985559571,0.5676191300584286,2.7990938832426906,0.3807547257876312,1350.834999999999,-0.03452057695653159,0.0,0.0,0.0,0.0,0.0,0.12109061425188683,1.843843256200774,-0.027066041140382534,0.0,0.0,-0.016632420775175228,0.49266779748561296,0.0,0.2525305347612757,0.0,0.0,0.0,0.0,0.13096649068235972,0.0,6.174222222222209,1.0068598974105503,0.0,6.799999999999997,0.0,14.87,0.63,5.2,90.85,75.73,24.68,34.47,19.4,24.64,0.23,15.07,0,1,0.7542617750162117
Junin,2024,Diciembre,4.9189794303411564e-14,-0.13197440772322133,0.0,-0.0007399029325580099,0.0,0.0,0.0,0.9727026020326712,-0.03445227679684517,0.0,0.0,-0.2320113818246489,0.1737196478079398,9.621635756137715,7.990988735919886,0.3454106280193061,-0.11018160488835482,0.9511091073038669,1.9803884641509686,0.5740165029799382,1.5194617188296462,0.7476830973948754,16.368185419968277,4.047942238267144,0.7528950443626937,2.6977219146189526,0.41945390898482754,1906.68,-0.03452057695653159,0.0,0.0,0.0,0.0,0.0,0.5587808735173992,1.5911224173637937,-0.027066041140382534,1.497110620202351e-14,0.13949801849406315,-0.016632420775175228,0.4858026376141528,0.0,0.3310433754790653,0.0,0.0,0.0,0.0,0.16014371129679675,0.0,7.708444444444417,1.177553921265696,0.0,7.890000000000015,0.0,13.71,0.65,2.68,90.88,76.67,24.71,32.93,18.84,24.59,0.25,14.09,0,1,0.7263483192993072
La Libertad,2024,Enero,0.0,0.04849212764261886,0.0,0.015957348561643908,0.0,0.0,1.1444690854253525,0.0,0.3313765044538633,0.0,2.7963963963963963,0.5945936332918372,1.2383389696249585,-0.01702580988814102,0.9011264080100125,0.0,0.9270790029669534,0.31558160504959426,-0.047099849972174035,-0.05596351884495929,2.483148129269038,0.4286995281230801,0.7648573692551506,-0.3690974729241877,0.05416836182644451,-0.03285880650209489,-0.021120186697782962,0.0,2.537353170311093,6.0649755229194335,1.0093610093610093,172579345095720.84,0.0,0.0,0.5263417249876312,0.0032418505291652577,0.07398051245037893,0.0,1.0277410832232496,-0.016632420775175228,-0.03053269870988585,0.0,-0.27843404133385785,0.0,0.0,0.0,6.911098386398941,0.2507395942714395,17125.5,0.0,0.5014523206229529,0.0,0.0,15.495495495495495,19.91,0.38,0.16,94.03,82.24,22.27,28.87,18.77,24.53,2.55,10.1,0,0,0.4773298659808836
La Libertad,2024,Febrero,0.0,-0.05678001798745431,0.0,0.0493344676338643,0.0,0.0,1.4612999455082307,0.0,0.5615116691977,0.0,9.00900900900901,1.4325804730570875,1.2048258842884567,0.6361144738753569,0.2853566958698373,0.0,1.0056662547479795,-0.13166816952209195,0.022260828348276192,-0.04589022076722908,2.9688245488836777,-0.20412375985255474,-0.16463946117274175,-0.23988447653429604,0.4760718459207963,-0.03266487099065723,-0.017152858809801632,0.0,2.113560898866206,9.529149977748085,1.4928774928774926,245842003877691.25,0.0,0.0,1.1177708549350789,-0.010743114329044555,0.0986902158914811,0.0,0.5072655217965654,-0.016632420775175228,-0.030129510508973254,0.0,-0.35293527705146954,0.0,0.0,0.0,8.21852098881022,0.48473777746843444,20329.0,0.0,0.504542364501576,0.0,0.0,7.027027027027027,20.1,0.38,0.17,94.05,80.87,23.38,29.6,19.54,25.59,2.45,10.06,0,0,0.5499046732850483
La Libertad,2024,Marzo,0.0,-0.02319584694725577,0.0,0.9764295826447672,0.0,0.0,1.4841733091710916,0.0,1.4494133291023523,0.0,1.6612612612612612,1.2547394629201498,0.958047710446943,1.3799041208658174,1.9924906132665832,5.2512077294686,1.1897198763104992,1.3255004508566277,1.1733911155595165,-0.02460114161000588,2.878211846263635,-0.1728455093264315,1.7478328050713157,-0.19552346570397114,0.48863709153862805,-0.026640358167609936,-0.015192532088681446,0.0,0.8209604344570427,10.041655540720937,1.564509564509565,657859797130936.0,0.0,0.0,2.662594890208496,0.18880354842391925,0.5728448001358609,0.0,0.4702774108322325,-0.014859222428562874,-0.028144885092830675,0.8482563619227144,-0.35952577098033517,0.0,0.0,0.0,6.228557376503824,0.6516388962815237,20457.0,0.0,0.7393856992769293,0.0,0.0,2.6126126126126126,21.25,0.38,0.26,94.06,77.16,22.9,28.84,19.13,24.71,2.4,9.71,0,0,0.6377837783637332
La Libertad,2024,Abril,0.0,0.06444745500290291,0.0271886895051658,4.065681867814874,0.0,0.0,1.2224708849209869,0.0,1.0550254236647854,0.0,9.00900900900901,-0.10396585452605381,1.0007007281479454,1.151343760592707,5.83729662077597,6.280193236714977,0.42389280243278793,3.79439134355275,3.187869118179187,-0.03872386468563754,1.412886124987257,-0.19047619047619044,0.519940174326466,0.017328519855595668,0.33144514174421125,-0.02141673644695777,0.3823337222870478,0.0,0.4980221010354663,5.6217178460169,0.6341066341066339,552130759003995.9,2.33,0.0,3.4885968062881823,-0.05143257831482478,0.4534357951047614,0.8065843621399177,2.0449141347424042,0.0056523692565746105,-0.026340324310105367,1.6965127238454287,-0.31940972097854425,0.0,0.0,0.0,5.173674129907392,0.4412742004855404,21371.0,0.0,0.49564303813114136,0.0,0.0,0.5855855855855856,19.19,0.38,0.23,94.09,79.59,21.11,27.39,17.04,22.65,2.48,10.35,0,0,0.5110208917706187
La Libertad,2024,Mayo,0.0,-0.04754721706758957,3.3741163675910757,1.997810713055647,0.0,10.0,1.2172700890877064,0.0,2.028755562607191,0.0,0.6918918918918919,0.6045527298595057,1.8793528927885939,4.633983826449081,7.09136420525657,4.347826086956522,0.5576050250283312,16.00034265103697,6.319620634856826,-0.039119768320322344,0.48846977265776365,-0.0891280080519719,0.3473454833597468,0.21227436823104692,0.38510279160354904,-0.018204789018495735,0.5005180863477245,0.0,0.6311426431991289,7.457943925233629,1.0085470085470092,940654187794922.9,72.0,0.0,4.0136718858798766,-0.06560018263946642,0.5664763198675357,23.061728395061728,15.38441215323646,0.013535314203558376,-0.026958807181408185,0.0,0.6754683190658701,0.0,7.404081632653061,0.0,7.670729942790847,0.36031458499227065,20043.0,0.0,0.8889438230022868,0.0,0.0,0.6306306306306306,17.79,0.38,0.07,94.06,75.09,19.97,27.57,15.81,21.09,2.62,11.76,0,0,0.5813660170607922
La Libertad,2024,Junio,136.95611022472215,0.37732100775282046,37.95867319195208,0.04524924733075399,117.50037064492406,1095.94,1.2588977455614554,0.0,0.6244626275905318,4800.0,3.963963963963964,3.3006224435354805,2.747646467416142,4.846273788194272,0.0,6.968599033816426,2.0808309747666582,25.646690712353468,12.07527207091303,-0.04036449257114074,0.4230808441227454,-0.4139968367253571,-0.3114104595879556,0.27615884476534297,0.36989569357281976,-0.014089852824842994,0.5288681446907818,0.0,0.6279356483197309,4.811570983533588,0.6634106634106638,1049461858479635.8,101.9,0.0,4.16120607952082,-0.003567992433507807,0.9704502515549706,43.66255144032922,20.52575957727873,0.004220631402384231,-0.028481527668349924,0.4241281809613572,2.9926000214907416,0.0,58.60408163265307,92.65555555555555,5.64247029050811,0.4809288629479312,20828.5,0.5333333333333333,0.9104505283975024,0.0,0.0,0.36036036036036034,17.36,0.38,0.02,94.15,71.66,19.31,28.14,14.26,20.25,2.31,13.88,0,0,0.6348666259428104
La Libertad,2024,Julio,728.9407501554937,3.036379057138628,60.57096247960837,0.0045491535662560804,843.4425500370781,1011.78,1.1759070345072296,0.0,1.3693268961974046,12000.0,1.6036036036036037,2.4128401209318877,2.495993662980228,4.441450777202071,6.226783479349186,5.132850241545897,2.821692359382919,19.1965554553652,9.874581815950362,-0.04081871904641988,0.2653889285350194,-0.27373567049658165,0.3328446909667195,-0.0882599277978341,0.2941198874702445,-0.006918993449671933,1.4928728121353558,0.0,0.6915914712089009,2.955941255006672,0.04721204721204707,673516842710466.0,230.0,0.0,1.3049532776677815,0.11032076056292094,0.9304349672023267,36.0,17.65653896961691,0.016183130653567364,-0.03053269870988585,0.14137606032045238,2.713363659156848,0.0,240.69387755102042,646.0222222222222,7.7693471629208135,0.4966593078467553,19602.5,0.0,8.025956368580431,0.0,0.0,1.8018018018018018,18.66,0.37,0.01,94.09,66.59,19.83,28.02,13.6,20.78,2.43,14.42,0,0,0.773011036635638
La Libertad,2024,Agosto,799.5267584304605,0.2754300481562858,26.405655247417023,0.0017242671864457606,727.1667902149859,1371.3,1.3873553750427698,4.210078220614056,1.2868227596575927,0.0,2.27027027027027,2.089880846523209,1.5472686835450755,1.1784610914725677,0.9261576971214017,0.6521739130434784,6.387230141058422,0.18212804328223625,3.3740813705221817,-0.0405850247628641,0.14908757263737454,-0.22042534279701453,0.32654516640253606,-0.1816606498194945,0.052984202553559685,-0.011308191992402962,0.9851808634772462,0.0,0.5850345281406233,1.1508678237650127,0.0,191139101372579.8,143.6,0.0,-0.0054333774088223125,0.023071278313194207,2.1183688199206063,5.407407407407407,3.0541611624834872,-0.014015156053435576,-0.03053269870988585,0.4241281809613572,0.4181525126258116,0.0,228.80816326530612,429.55555555555566,9.064044321370057,0.47685937623239855,15908.5,0.5333333333333333,5.788393795191891,0.0,0.0,8.558558558558559,19.05,0.37,0.0,94.17,66.45,19.46,27.59,14.49,20.89,2.54,13.1,0,0,0.7586249674064314
La Libertad,2024,Septiembre,146.48854755401715,4.280701055339883,2.7868406742794947,0.005070671051759524,252.1126760563421,539.9999999999991,1.3085486180633878,22.295961262172074,2.746118452367461,1700.0,3.4162162162162164,1.2490485505957678,2.656856472595437,0.526870369473634,0.7559449311639549,0.1207729468599034,3.0749027625127416,0.2145897204688909,1.105677569252973,-0.0405850247628641,-0.011581200937913826,-0.22086454125981983,0.19417591125198022,0.007509025270758188,0.029415278078339005,-0.009290136596288133,0.8423570595099183,0.0,0.5936026503089754,40.90787716955931,0.0,0.0,121.3,0.0,0.3560490502002079,0.0024591099587431857,2.334791007705861,1.6954732510288066,0.46499339498018494,-0.016632420775175228,-0.03053269870988585,0.35344015080113095,0.9817830151509732,1169.0,27.779591836734635,57.66000000000005,11.83517830841094,0.5827248756508694,21747.0,0.0,1.002039428959892,0.0,0.0,22.396396396396398,18.44,0.37,0.15,94.03,66.06,19.91,27.32,15.05,21.59,2.5,12.27,0,0,0.7891761585812629
La Libertad,2024,Octubre,4.732415695394684,0.3650827081364776,0.1631321370309948,-0.0013179181456576604,0.0,0.0,1.3460835624944567,32.46357686372584,1.3687224702886902,0.0,9.72972972972973,0.90048017072737,1.4339335222252694,0.8666117863541715,0.8010012515644556,0.0,0.9860763890866223,0.5933092876465285,0.9844906354281512,-0.04089292369680185,-0.013130798246508419,-0.2119561324392506,0.22438589540411968,0.2812996389891697,0.02044752218134608,-0.016338128440987063,-0.020901283547258277,0.0,0.6489626430478559,0.4574988874054271,0.0,0.0,0.0,0.0,0.4541549354135119,0.02895487826753436,0.947099157237778,0.0,0.06340819022457067,-0.016632420775175228,-0.03053269870988585,0.9189443920829405,0.6600236398151803,351.0,0.0,1.5333333333332524,10.137348341191185,0.6277735848293293,17363.0,0.0,0.42562264384154297,0.0,0.0,41.62162162162162,21.08,0.38,0.18,94.11,68.29,20.27,27.71,15.14,22.49,2.44,12.57,0,0,0.7539279758349366
La Libertad,2024,Noviembre,0.0,0.9152255831692071,0.019575856443711463,0.009481839783309484,0.0,0.0,1.2432943442612574,27.874208481881535,1.389424057662231,0.0,23.423423423423422,-0.12103859149919982,0.8910215397739393,0.7852597937145899,0.15018773466833543,0.0,0.8548698469826481,-0.11002705139765553,0.795507036918698,-0.0400702929572736,0.0013660923641545886,-0.3760804151471183,0.3228209191759109,0.26079422382671485,0.000708071845920776,-0.018092181302177098,-0.021120186697782962,0.0,2.323059352096269,0.3916332888295475,0.0,0.0,0.0,0.0,0.6042258478446917,0.09694894248487518,0.39229838452883903,0.0,0.06340819022457067,-0.016632420775175228,-0.03053269870988585,1.5551366635249764,-0.06524588989576961,0.0,0.09795918367345453,0.8333333333333334,9.073056534659589,0.6664763098208303,11793.0,0.0,0.5275322909585306,0.0,0.0,40.51495495495493,21.57,0.38,0.48,94.14,79.68,18.99,25.16,15.22,21.11,2.15,9.94,0,0,0.4462172244362794
La Libertad,2024,Diciembre,15.122096324941104,0.39478477669372203,0.0,-0.0013179181456576604,0.0,0.0,1.815919200111518,13.623370403873775,1.29437808351655,1000.0,2.1621621621621623,0.4971367597367954,2.137708314291808,0.4075541136022468,0.45056320400500627,0.0,0.46489484684027993,-0.17134355275022542,0.29771107053000606,-0.04037315537647938,0.0030991946171882593,-0.3478556396481183,0.29445324881141083,0.09975451263537896,-0.0491824280458775,-0.017560422641783487,-0.021120186697782962,0.0,3.7440455030216846,0.0,0.0,0.0,0.0,0.0,1.0356257301100906,0.13107643135528202,0.2563313308000934,0.0,0.06340819022457067,-0.016632420775175228,-0.03053269870988585,3.12205466540999,0.3152834986926486,14.5,0.0,0.0,9.36282542605459,0.6698709813646271,12833.0,0.0,0.6120758914776553,0.0,0.0,22.07207207207207,19.56,0.39,0.82,94.08,82.88,19.44,26.27,15.68,21.21,2.36,10.59,0,0,0.3866325203031564
Piura,2024,Enero,0.0,0.09611334373114447,0.0,1.0895228223657119,0.0,0.0,0.0,0.0,-0.07313553495470598,180.0,1.6216216216216217,-0.2320113818246489,-0.07171800262011385,0.09764176068955496,0.2503128911138924,0.0,-0.12690132744118768,-0.17134355275022542,-0.07998662657460456,1.0296246621338034,40.76464471403813,-0.11074075526449939,-0.3114104595879556,0.4389891696750903,83.04971391473707,-0.013840614412724403,-0.021120186697782962,0.0,0.17726210375838622,0.0,0.0,0.0,0.0,0.0,-0.05428235411274531,-0.15039707776853709,1.1404886747192562,0.0,0.0,0.1966306236146888,0.06302262169604643,0.2591894439208294,-0.35952577098033517,0.0,0.0,0.0,1.3864172122854297,-0.5866245705573618,0.0,0.0,0.0,0.0,0.0,0.7387387387387387,14.34,0.53,0.98,91.43,65.9,25.38,37.78,18.33,27.35,1.92,19.45,0,1,1.104869069310475
Piura,2024,Febrero,0.5408475080451067,-0.1304375049807033,0.0,0.01747844122769562,0.0,0.0,0.0,0.0,-0.07313553495470598,430.0,1.8738738738738738,-0.2320113818246489,-0.07171800262011385,0.2061110842089971,0.5106382978723404,0.0,-0.12690132744118768,-0.17134355275022542,0.050023382333959046,1.077068630907412,38.725700886940565,-0.106557912761591,-0.3114104595879556,-0.02888086642599278,84.46239515256438,-0.003956159313643688,-0.021120186697782962,0.0,0.007835959186451972,0.0,0.0,0.0,0.0,0.0,-0.04118740035772876,-0.06807886111247002,-0.022820387628165666,0.0,0.0,0.1966306236146888,0.04462471349906393,0.0,-0.35952577098033517,0.0,2.938775510204082,1.0,1.4418024315566582,-0.5857664170098784,0.0,0.0,0.0,0.0,0.0,0.43243243243243246,15.46,0.55,3.68,91.48,72.42,25.16,37.03,18.89,26.75,1.81,18.14,0,1,0.8820053917267554
Piura,2024,Marzo,0.0,-0.13180364075183004,0.0,-0.0013179181456576604,0.0,0.0,0.0,0.0,-0.07313553495470598,500.0,2.3783783783783785,-0.2320113818246489,-0.07171800262011385,0.05502881216405984,0.4355444305381727,0.0,0.08312025557941012,1.3615689810640217,0.051039085528557196,1.1719565684546294,9.161015394025895,-0.13688352090767678,-0.3114104595879556,0.034657039711191336,84.95406362259251,-0.00833534828159084,-0.021120186697782962,0.0,0.26802610977906527,0.0,0.0,0.0,0.0,0.0,-0.061515430663291105,-0.11086867896221644,1.6351073088925212,0.0,0.0,0.1966306236146888,0.0551937245909475,0.8836003770028275,-0.35952577098033517,0.0,6.204081632653061,0.0,0.248451148389436,-0.5865632738753987,0.0,0.0,0.0,0.0,0.0,0.24324324324324326,15.41,0.54,0.65,91.48,63.9,25.8,37.88,18.65,27.56,1.66,19.23,0,1,1.199167545974983
Piura,2024,Abril,0.0,-0.09389337310306355,0.0,0.011611369515781879,0.0,0.0,0.0,0.0,-0.07313553495470598,300.0,2.5225225225225225,0.02407967277254129,-0.01809706608171089,0.24097622391167492,0.41551939924906134,0.0,0.004305214662786653,0.7303697024346258,0.023107247677107985,1.1759186267103163,0.006157610357834604,-0.12433499339895164,-0.3114104595879556,0.09819494584837545,95.15099069465484,-0.00871070733598631,-0.021120186697782962,0.0,0.8731194832502589,0.0,0.0,0.0,0.0,0.0,-0.08619701889264167,-0.07877631557490664,1.1436729148534188,0.0,0.0,0.18345144671419158,0.06341406655130138,0.0,-0.35952577098033517,0.0,5.551020408163265,0.0,1.4407019460884007,-0.5870536473311035,0.0,0.0,0.0,0.0,0.0,0.0,14.53,0.53,0.7,91.49,62.44,25.28,37.33,18.93,27.0,1.67,18.4,0,1,1.209766705767556
Piura,2024,Mayo,14.305416587793072,0.15314951217568504,5.198477433387701,0.21598103414744385,0.56338028169015,0.0,0.0,0.0,-0.07313553495470598,200.0,1.0810810810810811,-0.12246131958029532,0.11351795996709638,0.4346714444821073,0.7359198998748435,0.0,-0.07861003069458601,-0.17134355275022542,0.03901993105914572,1.0296246621338034,0.0020797227036394774,-0.12538070402467874,-0.3114104595879556,0.06931407942238267,65.73744384332396,0.0005481493391019538,-0.021120186697782962,0.0,0.001785025451740036,0.0,0.0,0.0,0.0,0.0,-0.039164881322268086,-0.1279585147497676,-0.0015921200670813256,1.0864197530864197,0.6869220607661823,0.20501737255136884,0.10451577635307079,0.0,0.3854865861957816,0.0,2.7755102040816326,0.5555555555555556,1.6598514407572333,-0.5866858672393249,0.0,0.0,0.0,0.0,0.0,0.0,15.05,0.52,0.44,91.44,55.84,25.8,37.72,18.76,27.48,1.53,18.96,0,1,1.466904122721752
Piura,2024,Junio,118.39151951107385,1.1100137752023587,25.682436106579615,3.9100632231301695,4.655300222387028,0.0,0.0,0.0,-0.07313553495470598,850.0,2.7027027027027026,0.02407967277254129,0.0940194375894953,0.57025809888141,0.0,0.45893719806763295,-0.009817711744238362,-0.17134355275022542,0.036311389206883975,0.9252009233610342,-0.014231827913141029,-0.3073343529011934,-0.3114104595879556,0.05198555956678701,51.88762778619346,0.007554851687817397,-0.021120186697782962,0.0,0.17726210375838622,0.0,0.0,0.0,0.0,0.0,-0.0022110589455459884,-0.13709048807135985,0.33487592077610545,11.242798353909466,3.3130779392338177,0.4057002935362128,0.12526235368158298,0.5890669180018849,3.1105125541745773,0.0,5.795918367346939,44.666666666666664,1.618759962319581,-0.5691550161978782,0.0,0.0,0.0,0.0,0.0,0.0,15.59,0.52,0.63,91.53,55.39,24.72,39.06,17.72,26.35,1.41,21.34,0,1,1.389701967496809
Piura,2024,Julio,60.088158143811356,0.3144673778162319,10.744970092441523,2.9322179378112128,1.6901408450704498,0.0,0.0,0.0,-0.07313553495470598,1500.0,5.945945945945946,-0.2320113818246489,0.016025348079090996,0.8491792165028326,0.025031289111389236,0.4830917874396136,-0.07040962181308762,0.09917042380522996,0.008210267489668405,1.2243698984302862,0.6790090733000305,-0.22054037096584442,-0.3114104595879556,-0.02888086642599278,48.42517377191084,0.009556766644593238,-0.021120186697782962,0.0,0.2075167724319459,0.0,0.0,0.0,0.0,0.0,0.038307881730971195,-0.06481744206904423,0.24996285053176812,6.847736625514403,1.64332892998679,0.623755765889894,0.06223973198553654,4.535815268614514,3.9730076292130816,0.0,4.816326530612245,71.11111111111111,1.926054388216508,-0.5734457839352952,0.0,0.0,0.0,0.0,0.0,0.06306306306306306,16.33,0.51,0.18,91.48,49.79,25.47,37.48,16.95,27.24,1.27,20.53,0,1,1.635563205777341
Piura,2024,Agosto,182.94166959625733,0.055356959892530644,30.380641653072264,0.5636593578164062,5.455893254262505,0.0,0.0,0.0,-0.07313553495470598,2150.0,2.8828828828828827,-0.2320113818246489,-0.07171800262011385,0.18286765774054523,0.0,0.0,-0.12690132744118768,0.008999098286744832,-0.05053123393125812,1.2310852514060269,1.4130288510551532,-0.2822372978837431,-0.3114104595879556,-0.05776173285198556,37.55306816706341,-0.0005779278240844567,-0.021120186697782962,0.0,1.0243928266180573,0.0,0.0,0.0,0.0,0.0,0.053013994717625905,-0.06729612054204784,0.14806716623856328,8.839506172839506,3.8837516512549537,0.9700086862756845,0.021138022183767126,0.0,4.205107632794872,0.0,20.0,160.0,1.8275632092966307,-0.583743626505096,0.0,0.0,0.0,0.0,0.0,0.14414414414414414,17.48,0.51,0.26,91.56,49.95,25.18,37.9,17.13,27.37,1.49,20.77,0,1,1.602499002283727
Piura,2024,Septiembre,12.412450309635199,-0.0638383861382757,7.150625339858605,-0.0013179181456576604,1.3343217197924604,0.0,0.0,0.0,-0.07313553495470598,2000.0,2.5225225225225225,-0.2106704606082164,-0.07171800262011385,-0.04181879812115636,0.0,1.0869565217391306,0.30043109093911763,0.1893417493237151,-0.006855996563537534,-0.07840857886342652,14.682475277806097,-0.25504882161483855,-0.3114104595879556,-0.02888086642599278,58.075033109716514,-0.005832954585621039,-0.021120186697782962,0.0,1.7202502061099298,0.0,0.0,0.0,0.0,0.0,0.03865068156748995,-0.055815925509189034,1.3856751650497803,0.0,0.0,0.8400140777571438,0.03992737523600457,0.0,0.9499767183638392,0.0,0.0,58.44444444444444,1.6805122731370417,-0.5888312511080334,0.0,0.0,0.0,156.0,0.0,0.8828828828828829,15.79,0.51,0.56,91.44,51.34,25.41,38.31,17.43,27.71,1.49,20.88,0,1,1.579436884831103
Piura,2024,Octubre,1.298034019308256,0.19219822630039046,0.5655247417074486,-0.0013179181456576604,0.0,0.0,0.0,0.0,-0.07313553495470598,6200.0,4.684684684684685,0.92893473234928,-0.07171800262011385,0.0007941504043387662,0.32540675844806005,5.362318840579711,0.09633202544404643,-0.17134355275022542,-0.08218731682956723,0.7777989255435239,44.18191456825364,-0.2247232134687528,-0.3114104595879556,0.36389891696750903,61.97029387578446,-0.0088358270207848,-0.021120186697782962,0.0,16.817329874216213,0.0,0.0,0.0,0.0,0.0,-0.04797483712080017,0.027024118193826146,0.22555034283652112,0.14814814814814814,0.14795244385733158,0.47039807104774456,0.09786121381373669,7.716776625824693,0.583201404061751,0.0,0.0,14.777777777777779,1.9613193992242277,-0.5914057117504836,0.0,0.0,0.0,4931.0,0.0,2.2585585585585584,18.56,0.52,0.76,91.51,55.76,24.94,37.76,17.7,27.33,1.87,20.06,0,1,1.396378356008103
Piura,2024,Noviembre,0.0,-0.1336251551133323,0.0,0.6664852220415018,0.0,0.0,0.0,0.0,-0.07313553495470598,1850.0,4.684684684684685,-0.2064022763649299,-0.07171800262011385,0.6516100915209916,0.24030037546933666,3.5990338164251217,0.1373340698515384,0.12081154192966638,-0.01819801556988358,0.7712514563921766,122.32239779794065,-0.31256290602982884,-0.3114104595879556,0.38122743682310467,57.0813088076174,-0.011087981347157622,-0.021120186697782962,0.0,30.22014809660315,0.0,0.0,0.0,0.0,0.0,-0.05860163205288166,-0.09143062146339871,0.0313116946525994,0.0,0.0,0.1966306236146888,0.009003231670863776,1.060320452403393,-0.35952577098033517,0.0,0.40816326530612246,0.0,1.9680741664787784,-0.5996807638155022,0.0,0.0,0.0,1000.0,0.0,2.6126126126126126,19.58,0.51,0.15,91.52,51.64,24.05,35.57,15.74,26.71,2.18,19.83,0,1,1.447311436325265
Piura,2024,Diciembre,0.0,2.127215701453796,0.9461663947797698,1.8545889735992638,0.0,0.0,0.0,0.0,-0.07313553495470598,3117.0,1.2612612612612613,-0.06839765249866628,-0.07171800262011385,0.5663841944700013,0.04005006257822278,3.574879227053141,-0.12690132744118768,0.0558881875563571,-0.055948317635781605,0.7442221606648199,263.61101029666634,-0.19648902657412123,-0.3114104595879556,0.09241877256317689,56.783537762389095,-0.02872985690374472,-0.021120186697782962,0.0,27.19468122924718,0.0,0.0,0.0,0.0,0.0,-0.05527647363864971,-0.09169153498687278,1.4015963657205937,0.0,0.0,1.0059518960043132,0.09864410352424659,14.43213949104618,-0.35952577098033517,0.0,0.9795918367346939,1.7777777777777777,1.903832697724506,-0.5863793838295094,0.0,0.0,0.0,0.0,0.0,1.0990990990990992,15.03,0.52,1.03,91.47,61.85,24.04,36.49,17.84,26.42,2.29,18.65,0,1,1.141063099219499
Puno,2024,Enero,0.0,-0.2561219959243616,0.0,-0.0013179181456576604,0.0,0.0,0.0,0.0,-0.07313553495470598,0.0,0.0,-0.2320113818246489,-0.07171800262011385,-0.11929688634932932,0.0,0.0,-0.12690132744118768,-0.17134355275022542,-0.012780931865360095,-0.045946562578695546,-0.014231827913141029,-0.005019411003490011,-0.26561014263074484,0.03581227436823106,-0.0491824280458775,-0.03285880650209489,-0.021120186697782962,0.0,-0.03452057695653159,0.0,0.0,0.0,0.0,0.0,-0.10607940941072963,-0.20036201751382024,-0.027066041140382534,0.0,0.0,-0.016632420775175228,-0.03053269870988585,0.0,-0.35952577098033517,0.0,0.0,0.0,0.0,2.1237921124870125,0.0,0.0,0.0,0.0,0.0,0.0,23.82,0.45,2.95,63.9,72.22,11.22,18.86,3.22,15.83,4.0,15.64,0,0,0.3700271439751344
Puno,2024,Febrero,0.0,-0.2561219959243616,0.0,-0.0013179181456576604,0.0,0.0,0.0,0.0,-0.07313553495470598,0.0,0.0,-0.2320113818246489,-0.037961185753891985,-0.11929688634932932,0.0,0.0,-0.08225465686414087,-0.17134355275022542,0.01340728216869563,-0.049794459833795025,-0.014231827913141029,0.026665620956040935,-0.3114104595879556,0.09415162454873645,-0.0491824280458775,-0.03285880650209489,-0.021120186697782962,0.0,-0.03452057695653159,0.0,0.0,0.0,0.0,0.0,0.17871869476905441,-0.20036201751382024,-0.027066041140382534,0.0,0.0,-0.016632420775175228,-0.03053269870988585,0.0,-0.35952577098033517,0.0,0.0,0.0,0.0,8.792625923344486,0.0,0.0,0.0,0.0,0.0,0.0,21.01,0.5,4.52,63.92,75.18,10.36,16.92,3.68,14.77,4.08,13.24,0,0,0.3122009885548439
Puno,2024,Marzo,0.0,-0.2492457792096904,0.22294725394235956,-0.0013179181456576604,0.0,68.5,0.0,0.0,-0.07313553495470598,0.0,0.0,-0.2320113818246489,0.27511196417146533,-0.11929688634932932,0.0,0.0,0.07557542383016044,-0.17134355275022542,-0.02298874897107153,-0.041417056996558385,-0.014231827913141029,0.014326235572461137,-0.3114104595879556,-0.2270036101083033,-0.0491824280458775,-0.03285880650209489,-0.021120186697782962,0.0,-0.03452057695653159,0.0,1.237281237281237,0.0,0.0,0.0,2.747231107165484,-0.20036201751382024,-0.027066041140382534,16.049711934156377,4.124808454425363,-0.016632420775175228,-0.03053269870988585,0.0,-0.35952577098033517,0.0,0.0,0.0,0.0,34.755976851737145,0.0,212.09333333333333,68.36144861257031,0.0,0.0,0.0,21.06,0.54,3.47,63.94,75.98,10.45,18.12,5.18,14.33,3.84,12.94,0,0,0.3039597943797546
Puno,2024,Abril,41.46810351821304,-0.009466182447432242,13.805437737901007,-0.0013179181456576604,647.4220607857777,46190.65999999998,0.0,0.0,-0.07313553495470598,0.0,0.0,-0.2320113818246489,0.3464034366145693,-0.11929688634932932,0.5526908635794744,8.188405797101451,2.3215972574188073,-0.17134355275022542,-0.04995566878765249,-0.032186804331402676,-0.014231827913141029,-0.00010457106257267389,-0.3114104595879556,0.2535740072202166,-0.04121878381302747,-0.01803212385347382,-0.0010501750291715287,0.0,-0.03452057695653159,0.0,7.708587708587707,0.0,0.0,0.0,22.01725424701144,-0.0195489457462942,1.172967924087715,539.8592592592593,63.369981505944516,0.046447912298568254,-0.028575474433611116,0.0,1.8282316701887615,0.0,1075.4593469387755,55.765555555555565,0.0,52.6870290259864,0.0,5236.667555555556,3764.985374204313,0.0,7.0,0.0,20.54,0.52,1.05,63.92,69.77,11.18,17.88,4.7,14.54,3.14,13.18,0,0,0.4015934456084446
Puno,2024,Mayo,20.28608128938047,0.012585525791504931,21.654159869494254,-0.0011875387742817996,548.3157598220994,10588.92,0.0,0.0,-0.07313553495470598,0.0,0.0,-0.2320113818246489,0.19504615665844088,-0.11929688634932932,0.13316645807259078,0.0,0.17081907278432354,-0.17134355275022542,-0.1131662642648109,-0.039560261898766054,-0.014231827913141029,0.028966184332640654,-0.3114104595879556,0.18252707581227418,0.007255572386929253,0.7973103021358867,0.6957992998833139,0.0,-0.03452057695653159,0.0,9.890109890109889,0.0,0.0,0.0,14.030964903552835,2.2837956394827392,1.3464028700617743,308.5884773662551,51.174002642007935,0.8621790570897981,-0.00035230036972945435,0.0,0.4304738708406471,0.0,601.4497959183674,45.184444444444445,0.0,29.620910455860837,0.0,1778.6129422222223,983.5330078487111,0.0,38.0,0.0,20.57,0.5,0.94,63.93,58.61,10.17,17.2,3.13,12.59,2.4,14.07,0,0,0.5140558802757913
Puno,2024,Junio,0.0,-0.2561219959243616,9.891187621239002e-15,-0.0013179181456576604,7.4514455151966486,320.4000000000233,0.0,0.0,-0.07313553495470598,0.0,0.0,-0.2320113818246489,-0.07171800262011371,-0.11929688634932932,0.0,0.0,-0.12690132744118768,-0.17134355275022542,-0.1131662642648109,-0.04549663392932095,-0.014231827913141029,0.021018783577114643,-0.3114104595879556,0.15653429602888166,0.04845877515689246,0.9947116288424646,0.9426137689614936,0.0,-0.03452057695653159,0.0,9.8005698005698,0.0,0.0,0.0,1.0261336026368895,1.6499062342025015,-0.027066041140382534,9.465020576131568,0.0,2.2193347510932724,0.056172336729084865,0.0,-0.30508256026361896,0.0,0.0,0.0,0.0,5.3087064106077175,0.0,0.0,0.0,0.0,7.299999999999997,0.0,19.73,0.46,0.48,63.93,56.87,9.16,16.87,3.2,11.09,2.23,13.67,0,0,0.5005197273297718
Puno,2024,Julio,0.0,-0.2561219959243616,0.0,-0.0013179181456576604,0.0,0.0,0.0,0.0,-0.07313553495470598,0.0,0.0,-0.2320113818246489,-0.07171800262011385,-0.11929688634932932,0.0,0.0,-0.12690132744118768,-0.17134355275022542,-0.1131662642648109,-0.044301301099639055,-0.014231827913141029,0.013385096009306657,-0.3114104595879556,0.1831046931407945,0.009679290196927086,0.8514871256536328,1.108494749124854,0.0,-0.03452057695653159,0.0,6.194546194546195,0.0,0.0,0.0,-0.10607940941072963,0.9809239600150025,-0.027066041140382534,0.0,0.0,1.0048136943629067,0.0845520887350685,0.0,-0.35952577098033517,0.0,0.0,0.0,0.0,-0.6193569987256574,0.0,0.0,0.0,0.0,1.0,0.0,21.15,0.44,0.05,63.92,57.26,7.97,15.36,0.44,10.03,3.17,14.92,1,0,0.4575504341483827
Puno,2024,Agosto,0.0,-0.2561219959243616,0.0,-0.0013179181456576604,0.0,0.0,0.0,0.0,-0.07313553495470598,0.0,0.0,-0.2320113818246489,-0.07171800262011385,-0.11929688634932932,0.0,0.0,-0.12690132744118768,-0.17134355275022542,-0.1131662642648109,-0.05445155712247125,-0.014231827913141029,0.0314758898343856,-0.3114104595879556,0.06700361010830339,-0.04554685133088076,0.5866087529352294,0.8086581096849474,0.0,-0.03452057695653159,0.0,0.7326007326007324,0.0,0.0,0.0,-0.10607940941072963,-0.20036201751382024,-0.027066041140382534,0.0,0.0,0.7568654525849164,0.029240930687544485,0.0,-0.35952577098033517,0.0,0.0,0.0,0.0,-0.6193569987256574,0.0,0.0,0.0,0.0,0.0,0.0,22.83,0.4,0.03,63.9,56.91,8.86,18.43,1.43,12.03,3.39,17.0,1,0,0.4900238763157798
Puno,2024,Septiembre,1.2297448575852892e-14,-0.2561219959243616,0.0,-0.0013179181456576604,0.9488510007413052,0.0,0.0,0.0,-0.07313553495470598,0.0,0.0,-0.2320113818246489,-0.07171800262011385,-0.11929688634932932,0.0,0.0,-0.12690132744118768,-0.17134355275022542,-0.1131662642648109,-0.044522907747838465,-0.014231827913141029,0.026770192018613668,0.02733755942947702,0.03667870036101031,-0.0491824280458775,-0.03285880650209489,-0.021120186697782962,0.0,-0.03452057695653159,0.0,0.0,0.0,0.0,0.0,-0.0886994576992286,-0.20036201751382024,-0.027066041140382534,0.0,0.0,-0.016632420775175228,-0.03053269870988585,0.0,-0.35952577098033517,0.0,0.0,0.0,0.0,-0.6193569987256574,0.0,152.4088888888889,0.0,0.0,0.0,0.0,20.39,0.38,0.42,63.92,67.06,10.06,17.2,4.47,14.55,3.67,12.73,0,0,0.4061067709249079
Puno,2024,Octubre,0.0,-0.2561219959243616,0.0,-0.0013179181456576604,0.0,0.0,0.0,0.0,-0.07313553495470598,0.0,0.0,-0.2320113818246489,-0.07171800262011385,-0.11929688634932932,0.0,0.0,-0.12690132744118768,-0.17134355275022542,-0.1131662642648109,-0.042716477797364226,-0.014231827913141029,0.00010457106257273333,0.7816957210776545,0.010397111913357139,-0.0491824280458775,-0.03285880650209489,-0.021120186697782962,0.0,-0.03452057695653159,0.0,0.0,0.0,0.0,0.0,-0.10607940941072963,-0.20036201751382024,-0.027066041140382534,0.0,0.0,-0.016632420775175228,-0.03053269870988585,0.0,-0.35952577098033517,0.0,0.0,0.0,0.0,-0.6193569987256574,0.0,0.0,0.0,0.0,0.0,0.0,25.08,0.37,1.12,63.89,63.85,10.91,18.46,4.87,15.52,3.82,13.59,0,0,0.4716992181352071
Puno,2024,Noviembre,0.0,-0.2561219959243616,0.0,-0.0013179181456576604,0.0,0.0,0.0,0.0,-0.07313553495470598,0.0,0.0,-0.2320113818246489,-0.07171800262011385,-0.11929688634932932,0.0,0.0,-0.12690132744118768,-0.17134355275022542,0.07744736858810919,-0.04250830185511623,-0.014231827913141029,0.039109577402193584,1.5408082408874801,0.017906137184115656,-0.0491824280458775,-0.03285880650209489,-0.021120186697782962,0.0,-0.03452057695653159,0.0,0.0,0.0,0.0,0.0,-0.10607940941072963,-0.20036201751382024,-0.027066041140382534,0.0,0.0,-0.016632420775175228,-0.03053269870988585,0.0,-0.35952577098033517,0.0,0.0,0.0,0.0,-0.4108256866871898,0.0,0.0,0.0,0.0,0.0,0.0,24.32,0.38,2.13,63.77,68.5,11.14,18.49,2.71,16.15,3.94,15.78,0,0,0.4173551511866738
Puno,2024,Diciembre,0.0,-0.2561219959243616,0.8537248504622061,-0.0013179181456576604,0.0,0.0,0.0,0.0,-0.07313553495470598,0.0,0.0,-0.2320113818246489,-0.07171800262011385,-0.11929688634932932,0.0,0.0,-0.12690132744118768,-0.17134355275022542,-0.1131662642648109,-0.0373777721816503,-0.014231827913141029,0.1977438793249938,5.2230586370839935,0.6509747292418772,-0.0491824280458775,-0.03285880650209489,-0.021120186697782962,0.0,-0.03452057695653159,0.0,0.0,0.0,0.0,0.0,1.058651595129046,-0.20036201751382024,-0.027066041140382534,3.8962962962962484,0.0,-0.016632420775175228,-0.03053269870988585,0.0,0.5482431319173338,0.0,0.0,1.2631870857957345e-14,0.0,0.9075739973161844,0.0,0.0,0.0,0.0,0.0,0.0,25.93,0.39,0.72,63.78,67.54,11.15,19.35,3.42,16.04,3.51,15.93,0,0,0.4303601852513459
San Martin,2024,Enero,0.0,4.759190109177016,0.0,1.4372011460346745,0.0,0.0,0.0,0.0,-0.07313553495470598,0.0,0.0,0.16137293259825713,-0.07171800262011385,-0.11929688634932932,0.0,0.0,-0.12690132744118768,-0.17134355275022542,-0.10063925819810035,1.2063055989255433,0.023488632888163892,1.6052703815536642,0.1907686212361331,-0.3927797833935018,1.0743838995888335,0.3094060912641746,-0.016452742123687282,0.0,-0.008804108584005854,0.0,0.0,0.0,0.0,51063.18,-0.10607940941072963,1.0698954715196582,-0.027066041140382534,0.0,0.0,1.1101872042173366,1.5144610004958636,0.0,-0.08481679143235703,0.0,0.0,0.0,0.0,-0.6193569987256574,0.0,0.0,0.0,0.0,0.0,0.0,14.84,0.57,1.83,90.32,74.76,23.97,31.87,18.62,23.94,0.02,13.25,0,0,0.7517610666860084
San Martin,2024,Febrero,0.0,3.8024396907979363,0.0,1.3142533988272374,0.0,0.0,0.0,0.0,-0.07313553495470598,0.0,0.0,-0.05075582429308206,-0.07171800262011385,-0.11929688634932932,0.0,0.0,-0.12690132744118768,-0.17134355275022542,-0.10351708391612845,1.297869436749769,0.12033846467529814,1.5268420846241322,0.21553090332805072,-0.3927797833935018,1.8205427396667386,0.3754692848377774,-0.008518086347724621,0.0,-0.006837555120224474,0.0,0.0,0.0,0.0,39956.99999999999,-0.10607940941072963,0.9522234724328554,-0.027066041140382534,0.0,0.0,1.6484367699035523,1.713745576306157,0.0,-0.2523299545112639,0.0,0.0,0.0,0.0,-0.6193569987256574,0.0,0.0,0.0,0.0,0.0,0.0,15.93,0.58,2.72,90.32,77.64,23.79,33.99,18.51,23.68,0.05,15.48,0,1,0.6588186075038549
San Martin,2024,Marzo,0.0,0.36376211022438776,0.0,1.6205362720843641,0.0,0.0,0.0,0.0,-0.07313553495470598,0.0,0.0,0.02592921927796558,-0.07171800262011385,-0.11929688634932932,0.0,0.0,-0.12690132744118768,-0.17134355275022542,-0.09928498727196948,1.2609685721480735,0.16927311652563967,1.5770361946590326,0.13510301109350237,-0.3927797833935018,3.5167989612637958,0.5977444048822951,-0.0057176196032672115,0.0,-0.015006315662085589,0.0,0.0,0.0,0.0,75294.0,-0.10607940941072963,1.0424995515548814,-0.027066041140382534,0.0,0.0,6.850617324627089,2.110553226078096,0.0,0.41001468533973345,0.0,0.0,0.0,0.0,-0.6193569987256574,0.0,0.0,0.0,0.0,0.0,0.0,15.85,0.56,1.09,90.34,72.92,24.55,32.42,18.47,24.47,0.04,13.95,0,1,0.8350800960965348
San Martin,2024,Abril,0.0,-0.016661164175366956,0.0,1.6389784341654798,0.0,0.0,0.0,0.0,-0.07313553495470598,0.0,0.0,0.05068468788902714,-0.07171800262011385,-0.11929688634932932,0.0,0.0,-0.12690132744118768,-0.17134355275022542,-0.10487135484225932,1.3056256694367496,-0.006076052604750776,1.1848947100113718,0.13708399366085577,-0.3927797833935018,3.312860419822549,0.8294660611290986,-0.00011668611435239207,0.0,-0.005173548343178691,0.0,0.0,0.0,0.0,37617.54000000001,-0.10607940941072963,1.0132772369257863,-0.027066041140382534,0.0,0.0,10.866971485053615,2.5318261793034704,0.0,0.15997707654285703,0.0,0.0,0.0,0.0,-0.6193569987256574,0.0,0.0,0.0,0.0,0.0,0.0,16.74,0.56,1.35,90.32,73.25,24.54,31.99,19.32,24.51,0.02,12.67,0,0,0.8244107954935953
San Martin,2024,Mayo,0.0,1.1741424651919987,0.0,1.81375850046339,0.0,0.0,0.0,0.0,-0.07313553495470598,0.0,0.0,0.022230126267117123,-0.05423026536270288,-0.11929688634932932,0.0,0.0,-0.12690132744118768,-0.17134355275022542,-0.10876488375488558,1.3495776546629732,-0.014231827913141029,1.5948132752963933,0.24247226624405704,-0.3927797833935018,3.313552910625405,0.6151360410692852,0.01295215869311552,0.0,-0.004871001656443094,0.0,0.0,0.0,0.0,36692.48999999999,-0.10607940941072963,1.0490876180226016,-0.027066041140382534,0.0,0.0,12.541925058407715,3.143380476668274,0.0,-0.27235932519072964,0.0,0.0,0.0,0.0,-0.6193569987256574,0.0,0.0,0.0,0.0,0.0,0.0,15.02,0.54,1.15,90.4,73.06,24.34,32.37,17.25,24.28,0.04,15.12,0,1,0.8203922209863421
San Martin,2024,Junio,0.0,5.912265622331766,0.0,1.589160476362764,0.0,0.0,0.0,0.0,0.5312903737618712,0.0,0.0,-0.02856126622799225,-0.06251713737318335,-0.11929688634932932,0.0,0.0,-0.12690132744118768,-0.17134355275022542,-0.10757989669452106,1.3196271803911692,-0.010153940258945901,2.454387409644066,0.3185419968304279,-0.3927797833935018,3.2529599653754615,1.3539677798043688,0.010618436406067678,0.0,0.006474499096141787,0.0,0.0,0.0,0.0,0.0,-0.10607940941072963,0.9783148247802619,-0.027066041140382534,0.0,0.0,8.631603366680645,3.752546960416021,0.0,-0.3349403631935229,0.0,0.0,0.0,0.0,-0.6193569987256574,0.0,0.0,0.0,0.0,0.0,0.0,16.52,0.53,0.29,90.47,65.4,24.27,31.72,16.84,24.15,0.05,14.88,0,0,1.049251465360606
San Martin,2024,Julio,0.0,5.520104964765079,0.0,2.0226436373237036,0.0,0.0,0.0,0.0,1.8156954297845977,0.0,0.0,0.05822514671883332,-0.07171800262011385,-0.11929688634932932,0.0,0.0,-0.12690132744118768,-0.17134355275022542,-0.10842631602335286,1.0722671535297574,-0.014231827913141029,2.0099603937100503,0.563391442155309,-0.3927797833935018,1.5677835966241074,2.657089296980643,0.0022170361726954494,0.0,-0.006988828463592272,0.0,0.0,0.0,0.0,46802.35999999999,-0.10607940941072963,1.1346985633449114,-0.027066041140382534,0.0,0.0,5.313146528484994,2.568308839813231,0.0,0.06587628496722751,0.0,0.0,0.0,0.0,-0.6193569987256574,0.0,0.0,0.0,0.0,0.0,0.0,15.64,0.53,0.85,90.58,66.02,23.68,31.79,16.27,23.53,0.06,15.52,0,0,0.9945902723780939
San Martin,2024,Agosto,0.0,1.4410170880816036,0.0,1.4425858140724985,0.0,0.0,0.0,0.0,1.0601630438888763,0.0,0.0,-0.051324915525520265,-0.07171800262011385,-0.11929688634932932,0.0,0.0,-0.12690132744118768,-0.17134355275022542,-0.1091034514864183,1.0824409132880046,-0.014231827913141029,1.60317896030221,0.3807448494453249,-0.3927797833935018,0.9798589049989174,1.2110810997644932,-0.011785297549591598,0.0,-0.01878814924628055,0.0,0.0,0.0,0.0,45474.5,-0.10607940941072963,0.9954698889486815,-0.027066041140382534,0.0,0.0,2.8343829748996567,1.5804586030918477,0.0,0.3404706472294865,0.0,0.0,0.0,0.0,-0.6193569987256574,0.0,0.0,0.0,56.0,0.0,0.0,17.01,0.53,0.39,90.5,59.5,25.12,33.42,18.16,24.99,0.06,15.26,0,1,1.292106613675912
San Martin,2024,Septiembre,0.0,-0.03138127710925601,0.0,1.2359801432217399,0.0,0.0,0.0,0.0,0.22907741940358262,0.0,0.0,0.312893473234928,-0.06221247296103333,-0.11929688634932932,0.0,0.0,-0.12690132744118768,-0.17134355275022542,-0.11096557400984824,1.055982422563586,0.042858599245590746,1.3595283845077968,0.4358161648177496,-0.3927797833935018,0.2219277212724525,0.18353568835689366,-0.013278879813302212,0.0,-0.010347096686357403,0.0,0.0,0.0,0.0,36200.0,-0.10607940941072963,1.0124292679744957,-0.027066041140382534,0.0,0.0,-0.016632420775175228,1.3980453005430424,0.0,1.1375192521222113,0.0,0.0,0.0,0.0,-0.6193569987256574,0.0,0.0,0.0,109.0,0.0,0.0,15.8,0.53,1.04,90.34,62.09,25.5,34.17,18.84,25.29,0.08,15.33,0,1,1.237097985594347
San Martin,2024,Octubre,0.0,-0.043323580641854736,0.0,1.4960543942737385,0.0,0.0,0.0,0.0,1.0601630438888763,0.0,0.0,0.19622977058509725,-0.06257807025561334,-0.11929688634932932,0.0,0.0,-0.12690132744118768,-0.17134355275022542,-0.10893416762065193,0.9596506841265844,0.13868895911917622,1.3375684613675278,0.3090332805071315,-0.3927797833935018,0.6460783380220739,0.07962379013174767,-0.013418903150525088,0.0,-0.002904448192661715,0.0,0.0,0.0,0.0,47592.0,-0.10607940941072963,0.7874174453304629,-0.027066041140382534,0.0,0.0,0.04620829090037392,1.0574882764712388,0.0,0.7945843332497592,0.0,0.0,0.0,0.0,-0.6193569987256574,0.0,0.0,0.0,451.0,0.0,0.0,18.62,0.53,1.74,90.29,62.31,25.68,34.9,18.48,25.59,0.05,16.42,0,1,1.243116916680441
San Martin,2024,Noviembre,0.0,-0.027509420644589982,0.0,1.5687789211324323,0.0,0.0,0.0,0.0,-0.07313553495470598,0.0,0.0,0.1019028988084649,-0.05392560095055286,-0.11929688634932932,0.0,0.0,-0.12690132744118768,-0.17134355275022542,-0.10063925819810035,1.0626977755393268,0.7544499949026403,1.6397788322026583,0.16798732171156894,-0.3927797833935018,1.0317957152131567,0.18265985056330422,-0.013418903150525088,0.0,0.03430879427581673,0.0,0.0,0.0,0.0,56799.0,-0.10607940941072963,0.8911436165875776,-0.027066041140382534,0.0,0.0,0.050371712693947045,1.1106464878148616,0.0,0.2814713994054237,0.0,0.0,0.0,0.0,-0.6193569987256574,0.0,0.0,0.0,0.0,0.0,0.0,15.59,0.56,2.86,90.18,71.23,23.9,32.62,18.2,23.87,0.02,14.42,0,1,0.853305852363015
San Martin,2024,Diciembre,0.0,0.40520156194856494,0.0,1.5118411631578323,0.0,0.0,0.0,0.0,-0.07313553495470598,0.0,0.0,0.05694469144584724,-0.027115132681351403,-0.11929688634932932,0.0,0.0,-0.12690132744118768,-0.17134355275022542,-0.09759214861430589,0.6943069419961393,1.567988581914568,6.429133498032757,0.011885895404120444,-0.3927797833935018,-0.0491824280458775,0.15604689360666574,0.08165694282380397,0.0,0.008894872590026562,0.0,0.0,0.0,0.0,71649.31000000006,-0.10607940941072963,1.003581690393489,-0.027066041140382534,0.0,0.0,0.21190648774935603,1.600805906668001,0.0,0.05126258103800394,0.0,0.0,0.0,0.0,-0.6193569987256574,0.0,0.0,0.0,0.0,0.0,0.0,16.88,0.55,0.79,90.21,70.76,24.3,32.23,18.71,24.28,0.01,13.52,0,1,0.8883030820334148
Ica,2025,Enero,0.0,0.2968146267603228,0.09967373572593781,-0.0013179181456576604,0.0,0.0,0.7954226913864987,0.0,1.6309828720808117,0.0,0.32432432432432434,18.840469500266767,0.5627639155470253,0.02089971429954964,0.2583229036295369,0.0,2.419817654796954,-0.07774571686203786,-0.051519851707333655,-0.07165159069923613,3.6369660515852784,-0.40082088284119566,-0.3114104595879556,-0.30440433212996393,0.008986799394070565,-0.03285880650209489,-0.021120186697782962,0.0,65.48468735581758,0.0,1.2617012617012615,88840539524300.73,0.0,0.0,-0.10299626768107992,-0.17769906886486309,-0.027066041140382534,0.0,0.0,-0.016632420775175228,-0.03053269870988585,10.914585296889724,-0.3034492639421174,54.25,0.0,0.0,0.0,-0.2176295785422506,0.0,0.0,0.0,1153.0,0.0,2.2522522522522523,24.52,0.33,0.35,95.85,77.14,21.5,26.36,18.1,23.2,2.67,8.259999999999998,0,0,0.5862071527800792
Ica,2025,Febrero,0.0,-0.2561219959243616,0.2886895051658504,-0.0013179181456576604,0.0,0.0,0.7534310805844558,0.0,0.9440226055289855,0.0,0.0,20.87209674550952,1.1832678304847213,0.011950995109195681,0.0,0.0,1.0099760251934782,-0.12503155996393145,0.30411338633329066,-0.07247959372114497,7.7748802120501574,-0.39831117733945065,-0.3114104595879556,-0.3927797833935018,0.47191690110365725,-0.03285880650209489,0.27472578763127187,0.0,33.85070833743031,3.090342679127718,23.859177859177855,718640799914393.2,0.0,0.0,-0.09828379832845655,-0.1814523099000375,3.05031099411977,0.0,0.0,-0.016632420775175228,-0.03053269870988585,6.660933081998114,-0.3438518571582069,25.2,0.0,0.0,0.0,-0.1910580798780662,0.0,0.0,0.0,325.0999999999999,0.0,0.927126126126126,22.06,0.35,1.69,95.75,82.99,22.17,26.86,19.51,23.48,2.46,7.349999999999998,0,0,0.4543989851308239
Ica,2025,Marzo,1.0757456935017173,-0.2561219959243616,0.12512234910277312,-0.0013179181456576604,0.4382505559673903,0.0,0.892382557564852,0.0,0.3100402698761675,0.0,0.4010810810810811,4.007291481415617,0.07867653779362058,-0.06068471260471647,0.0,0.05144927536231885,2.3221644523664438,-0.17134355275022542,2.5411861297264617,-0.0729943255267355,7.517545111632176,-0.41347398141249353,-0.3114104595879556,-0.3927797833935018,0.6433083748106471,-0.03285880650209489,5.3968028004667445,0.0,14.628095998063694,3.445482866043606,20.178266178266174,561630539467980.44,1901.05,0.0,-0.09762836504103269,-0.18649707287640852,5.67129089095039,0.0,0.0,-0.016632420775175228,-0.03053269870988585,5.715834118755891,-0.29694473297754137,8.699999999999989,0.6122448979591837,0.0,0.0,-0.11414606818486589,0.0,0.0,0.0,1448.57,0.0,0.07945945945946012,22.57,0.38,1.11,95.81,80.76,22.0,27.64,18.89,23.18,2.6,8.75,0,0,0.5086757047879491
Ica,2025,Abril,0.6116985315990157,-0.2561219959243616,0.045350734094616575,-0.0013179181456576604,0.8604892512972712,4.86,0.6269645550050056,0.0,0.7958173727116811,0.0,0.0,7.421910012448879,2.1418883100265065,-0.057391893855019124,0.0,0.0,2.9598373585571833,-0.11673579801623082,4.719888103364735,-0.07729718794594141,2.071750433275563,-0.4017097368730637,-0.3114104595879556,-0.3927797833935018,0.3022566544038087,-0.03285880650209489,15.032919486581097,0.0,0.9941381579444977,6.627503337783696,0.43304843304843704,0.0,3287.65,0.0,-0.10359685299466077,-0.09203724540547592,1.3146347676566115,0.0,0.03614266842800528,-0.016632420775175228,-0.03053269870988585,2.89349670122526,-0.35952577098033517,16.64999999999999,0.0,0.0,0.0,-0.20235567133068505,0.0,0.0,0.0,2075.73,0.0,0.018018018018018018,21.62,0.37,0.25,95.8,76.19,20.65,26.26,16.68,21.54,2.52,9.580000000000002,0,0,0.5795254719200162
Ica,2025,Mayo,0.0,-0.2561219959243616,0.04758020663404015,-0.0013179181456576604,0.0,4.850000000000001,0.7222810508040706,0.0,1.1182785950119751,0.0,0.0,1.210236528543484,0.16944215946135335,-0.11929688634932932,0.0,0.0,2.2170488778537703,-0.005500450856627587,5.642485171791391,-0.071852043985562,-0.014231827913141029,-0.4044808700312405,-0.3114104595879556,-0.3927797833935018,0.08083272019043503,0.019475004058569556,26.183827304550764,70.0,0.013886892921163909,0.6417445482866034,0.0,0.0,0.0,0.0,-0.10607940941072963,-0.00825008561224989,0.5567431591907791,0.0,0.0,-0.016632420775175228,-0.03053269870988585,2.6787229029217703,-0.3337368816934696,32.40000000000001,0.0,0.0,0.0,-0.18886733646470505,0.0,0.0,0.0,5052.73,0.0,0.0045045045045045045,15.99,0.35,0.09,95.86,73.11,19.76,25.05,15.75,20.38,2.57,9.3,0,0,0.6194626624574553
Ica,2025,Junio,0.10222017902052538,-0.2561219959243616,0.0407830342577487,-0.0013179181456576604,0.6330615270570893,1.989999999999998,0.8431199705997897,0.0,2.799610145288879,0.0,0.12655855855855855,5.611275120042683,3.4765377936203294,-0.09709941407195775,0.0,0.5652173913043479,3.524130272606648,0.002506762849413964,4.004540193279859,-0.07383878116343491,0.2817820369048838,-0.34354731187012266,-0.3114104595879556,-0.3927797833935018,0.22448993724302088,0.2614251945376497,6.303313885647612,2443.29,-0.03452057695653159,0.0,2.1400081400081366,0.0,81.39999999999964,0.0,0.15962577227446917,-0.08510607765438735,2.1669709385017066,0.0,0.015270805812417442,-0.016632420775175228,-0.03053269870988585,9.80784637134778,-0.34921021526558893,1.830000000000013,0.0,0.0,0.0,-0.11185970194764273,0.0,0.0,0.0,996.1499999999996,0.0,0.40540540540540543,10.56,0.41,2.43,95.96,78.54,18.05,23.54,13.86,18.54,3.19,9.68,0,0,0.4443119527875734
Ica,2025,Julio,0.0,-0.2561219959243616,0.0,-0.0013179181456576604,0.0,0.0,0.7524923014535361,5.691906560953543,0.536548879167706,0.0,0.0,3.038598612840125,4.933613624592512,-0.11929688634932932,0.0,0.0,3.3387736971885107,1.2605049594229036,3.2737434376051455,-0.0704112650046168,-0.014231827913141029,-0.4089251401905807,-0.3114104595879556,-0.3927797833935018,0.08415667604414627,1.624661715472206,22.12237106184365,11575.42,0.3436627814629645,0.0,0.0,0.0,2.380000000000109,0.0,1.5421752209366366,-0.09098054563540597,4.910575922898933,0.0,0.0,-0.016632420775175228,-0.03053269870988585,7.213949104618286,-0.3382929188008158,110.59,0.0,0.0,0.0,-0.1493272987975874,0.0,0.0,0.0,0.0,0.0,1.3687567567567567,11.25,0.4,0.02,95.95,73.71,17.96,23.62,13.6,18.44,3.21,10.02,0,0,0.5412418107621522
Ica,2025,Agosto,0.0,-0.2561219959243616,0.0,-0.0013179181456576604,0.1897702001482612,0.0,1.337173271153578,58.69845155110942,2.098204099518726,0.0,0.33740540540540537,3.9907736083941026,3.659348627486823,0.17612706406469425,0.1734668335419274,0.0,2.014316547172282,11.310495942290352,3.189240317491896,-0.07474871149164779,-0.014231827913141029,-0.3868083604564526,-0.3114104595879556,-0.3927797833935018,2.7339381086344945,0.9077784718444732,9.741194865810973,5825.220000000001,0.21508043960033582,3.551401869158871,0.0,0.0,0.0,0.0,1.979908330181717,-0.14484483798900896,3.096726601142081,0.0,0.0,-0.016632420775175228,-0.03053269870988585,5.168944392082937,1.210530463125471,95.12,0.0,0.0,0.0,-0.16832743130568972,0.0,0.0,0.0,0.0,0.0,3.6056486486486485,14.11,0.37,0.02,95.99,68.9,17.74,24.3,13.02,18.64,3.32,11.28,0,0,0.631461027001331
Ica,2025,Septiembre,0.0,-0.2561219959243616,0.0,-0.0013179181456576604,0.17138621200889828,0.0,2.1033194358201013,50.34640557654443,0.04774964678860945,0.0,0.9612972972972973,0.396706384492238,5.799189592663683,-0.07575420076509608,0.0,0.2101449275362319,5.546446774221108,57.214265103697024,1.1212398350328683,-0.07840857886342652,-0.014231827913141029,-0.40091499679751114,-0.3114104595879556,-0.3927797833935018,-0.0491824280458775,0.08413435476873359,-0.021120186697782962,1416.599999999998,0.31038264592204884,2.457498887405422,0.0,0.0,60.30999999999949,0.0,0.5537965638944189,-0.09184025569525303,2.297386800263234,0.7265843621399177,0.026578599735799204,-0.016632420775175228,-0.03053269870988585,14.188854853911401,6.829642895519181,901.96,0.0,0.0,0.0,-0.305201696195653,0.0,0.0,0.0,0.0,0.0,8.563954954954955,18.18,0.35,0.07,95.94,68.57,18.5,24.68,13.71,19.83,3.23,10.97,0,0,0.6693670879865332
Ica,2025,Octubre,0.0,-0.2561219959243616,0.03414899401848825,-0.0013179181456576604,0.0,0.0,1.892153945584266,23.754376629596116,0.7952431680984007,0.0,0.6993513513513517,17.506562333274058,1.08356944825275,-0.11929688634932932,0.2520150187734668,0.0,3.0018963445538462,13.291235347159603,-0.1131662642648109,-0.074691630991354,-0.014231827913141029,-0.3605610237507025,-0.3114104595879556,-0.3927797833935018,-0.0491824280458775,-0.03285880650209489,1.4959766627771318,0.0,0.7309225404845284,0.0,0.8302808302808334,0.0,0.0,0.0,-0.10607940941072963,-0.10747680315705362,0.7419279512598977,0.36115226337448564,0.02266842800528402,-0.016632420775175228,-0.03053269870988585,2.668473138548539,1.8916723378344504,2903.68,0.0,1.5,0.0,-0.1577794982734793,0.0,0.0,0.0,1.159999999999854,0.0,17.207207207207208,22.13,0.34,0.14,95.89,70.34,18.83,24.85,14.14,20.48,3.08,10.71,0,0,0.6448454600444533
Ica,2025,Noviembre,0.0,-0.2561219959243616,0.024904839586731946,-0.0013179181456576604,0.0,0.0,1.3476407598433668,37.70042036928641,2.4186102737293846,0.0,0.0,31.86473412768987,0.36943606617311053,-0.08989395186673767,0.0,2.0289855072463774,3.9095221553407975,0.008999098286744832,-0.1131662642648109,-0.07748521782926215,-0.014231827913141029,-0.40516058193796317,-0.3114104595879556,-0.3927797833935018,-0.0491824280458775,-0.03285880650209489,-0.021120186697782962,0.0,10.671093933182563,0.0,2.669922669922665,0.0,0.0,0.0,0.19695564607185234,-0.20036201751382024,0.3486742946908103,0.0,0.0,-0.016632420775175228,-0.03053269870988585,2.5565504241281807,-0.35952577098033517,683.6000000000004,0.0,0.0,0.0,-0.18192058349782655,0.0,0.0,0.0,3.0,0.0,12.326864864864865,25.16,0.34,0.03,95.82,70.22,19.41,26.19,14.81,21.23,3.08,11.38,0,0,0.6712884500710947
Ica,2025,Diciembre,0.0,-0.2561219959243616,0.041598694942903705,-0.0013179181456576604,0.3810229799851801,0.0,1.1118409347239306,9.054222316820075,1.0208753598222986,0.0,0.34594594594594597,67.54959985772722,1.0041007829875406,-0.09973366907171571,0.0,0.0,6.672376580998969,-0.17134355275022542,-0.1131662642648109,-0.07840857886342652,-0.014231827913141029,-0.11435891402951506,-0.3114104595879556,-0.24490974729241877,-0.0491824280458775,0.2510652846363343,1.2572928821470244,229.4099999999998,46.441279469938195,0.04450378282154225,0.3663003663003662,4303576472045484.0,0.4499999999998181,0.0,-0.10171591029168207,-0.1402214503530486,-0.027066041140382534,0.0,0.0,-0.016632420775175228,-0.03053269870988585,9.634778510838832,-0.35952577098033517,403.7399999999998,0.0,0.0,0.0,1.2125795441295273,0.0,0.0,0.0,418.7899999999991,0.0,4.223261261261261,25.16,0.33,0.06,95.82,72.42,20.21,26.27,15.32,22.15,3.01,10.95,0,0,0.6533077952245918
Junin,2025,Enero,0.0,0.09363153041359756,0.0,-0.0005486798545400811,0.0,0.0,0.0,1.1787367636886066,0.44787959835898355,0.0,0.0,-0.2320113818246489,0.5144563263565185,19.12897196261682,17.37171464330413,0.34541062801932376,-0.11810866680713662,13.126762849413886,1.5314772768150953,0.5737159909342735,1.2293200122336627,0.7363894226370206,16.766184627575278,3.9711191335740064,0.8863726466132872,2.740698023953538,0.5144760793465578,2757.39,-0.03452057695653159,0.062305295950155604,0.12210012210012208,145135534866431.9,0.0,0.0,0.8950572291472072,0.8788806809842962,-0.027066041140382534,0.0,0.37569352708058124,-0.016632420775175228,0.26514947860034604,0.0,0.6481034421003626,0.0,0.0,0.0,0.0,0.1743890601850207,0.0,13.038222222222222,2.202583276682528,0.0,7.419999999999999,0.0,14.01,0.65,3.48,90.93,75.95,24.43,32.11,19.13,24.21,0.27,12.98,0,1,0.7363396375020526
Junin,2025,Febrero,0.0,-0.2561219959243616,0.0543773790103316,-0.0001271198870914644,0.0,0.0,0.0,1.761506944074921,0.6464335093723791,0.0,0.0,-0.2320113818246489,0.7500228498309115,24.73025035107258,21.617021276595743,1.777777777777778,-0.12690132744118768,40.5092696122633,1.1484386737455556,0.5780457147653827,0.7819757365684574,0.7359188528554436,17.416085578446907,4.165198555956679,1.0764613719974032,2.9548678908168093,1.0717194865810968,5111.679999999999,-0.03452057695653159,3.4356920338228667,6.113146113146112,508414176683622.2,0.0,0.0,1.328890990251887,0.8138088482298648,-0.027066041140382534,0.345679012345679,3.7500660501981504,2.2335634697178457,0.39908272727068095,0.0,1.1002686342634063,0.0,0.0,0.0,0.0,0.2119516668920086,0.0,21.573333333333334,6.6873493603609155,0.0,7.790000000000002,0.0,15.08,0.7,6.87,90.94,83.69,23.43,32.26,18.75,23.24,0.23,13.51,0,1,0.4702574896063738
Junin,2025,Marzo,0.0,-0.2561219959243616,0.16585100598151137,0.0001140819499538786,0.0,0.0,0.0,2.0755600489543964,0.7295420718209086,0.0,0.0,-0.2320113818246489,1.0233677604119062,26.025296595806484,36.02603254067585,2.1304347826086962,-0.11801755115289775,94.46021641118124,0.9577911841194819,0.5459617728531857,-0.014231827913140796,0.6528266865351685,16.54784072900159,4.474223826714804,1.5090257520017312,3.364225717162573,1.511892648774796,6270.220000000001,-0.03452057695653159,3.6760124610591802,8.449328449328448,555913079003545.1,0.0,0.0,1.7119560955681377,0.49164587512026486,-0.027066041140382534,0.23045267489711935,8.903566710700131,4.16616156472773,1.2082661801529053,0.0,1.362598946953688,0.0,0.0,0.0,0.0,0.28712591765155504,0.0,33.32800000000002,20.956059576045977,0.0,8.400000000000002,0.0,13.45,0.8,6.71,91.06,91.38,22.2,27.22,18.52,21.97,0.23,8.7,0,0,0.2306924074154488
Junin,2025,Abril,0.0,-0.2561219959243616,1.8814573137574733,0.0006725402573471492,0.0,0.0,0.0,1.9421061033363478,0.4793097456122456,0.0,0.0,-0.1752445313889384,0.9453736709015021,25.39346278630574,40.92816020025032,2.396135265700484,-0.022983923781755233,194.17202885482422,0.9047900985866928,0.5506873667422144,-0.014231827913141029,0.6731762153118178,15.590590332805075,4.666570397111914,1.7021268123782731,3.274229630280716,2.9895682613768964,6380.299999999999,-0.03452057695653159,3.836226079216724,7.537647537647539,340408799959449.25,0.0,0.0,2.6848563115920236,0.5253689480292876,-0.027066041140382534,1.2707818930041153,23.445178335535008,7.966664170610436,1.6631121842789298,0.0,0.9430996812206749,0.0,0.0,0.0,0.0,0.28310485531477564,0.0,41.57688888888889,42.397626846301215,0.0,8.970000000000002,0.0,14.94,0.75,1.54,91.04,82.79,23.4,31.5,17.61,23.09,0.27,13.89,0,0,0.4953100030736457
Junin,2025,Mayo,0.0,-0.2561219959243616,14.398586188145705,0.0002444613213297401,21.384729429207166,504.2000000000001,0.0,1.9266748257329849,0.19190522601751325,0.0,0.0,-0.17225680241863786,0.7773207811595534,15.281991186867453,36.53867334167711,10.548309178743963,-0.10854152311205516,84.44362488728584,0.6525077077060141,0.5407516662469571,-0.014231827913141029,0.607348731422297,14.982131537242473,4.6573285198555965,1.7046544038086993,3.419664998299936,4.476989498249709,5750.0,-0.03452057695653159,0.7476635514018678,1.5791615791615774,0.0,0.0,0.0,4.515095490750956,0.49176328620582827,-0.027066041140382534,12.62880658436214,33.90277410832233,9.59127029293716,1.9345787999533797,0.0,0.8304881980013626,0.0,64.31836734693879,47.55555555555554,0.0,0.24126986987496013,0.0,52.44444444444443,47.96329027872194,0.0,8.68,0.0,13.75,0.64,0.42,91.19,71.17,24.23,31.84,16.19,23.89,0.27,15.65,0,0,0.8721826225452225
Junin,2025,Junio,70.05868195462288,-0.2561219959243616,71.37629146275137,2.7162369036637378e-05,274.40326167531947,2826.799999999998,0.0,1.2997392646198038,-0.010879666356898812,0.0,0.0,-0.21493864485150288,0.21040124303080174,5.68458670282311,30.074092615769725,72.34541062801934,-0.09127510663378907,0.09015329125332895,0.4734465137045862,0.5710096701082844,-0.014231827913141029,0.7925859116635947,14.12369255150555,4.462671480144401,1.8059311837264667,4.355814233552775,5.902310385064178,5303.999999999996,-0.03452057695653159,0.0,0.0,8796093022207.994,0.0,0.0,3.789305964879984,0.5117231707515938,-0.027066041140382534,60.90041152263374,39.4113606340819,9.206407176660877,2.193686327212864,0.0,2.3640674809269684,0.0,190.24979591836734,125.54666666666668,0.0,0.2144096638387284,0.0,94.06400000000001,35.08720103825472,0.0,8.069999999999993,0.0,13.74,0.66,3.55,91.25,74.8,23.31,31.04,17.6,22.82,0.29,13.44,0,0,0.7213384623433639
Junin,2025,Julio,106.99910760161178,-0.2561219959243616,28.588907014681848,-0.0009267800315300777,342.27575982209595,3364.9,0.0,1.054967275049219,-0.07313553495470598,0.0,0.0,-0.1975813622621378,0.03796118575389221,5.213132535954674,13.590988735919915,55.683574879227066,-0.10922489051884669,0.031000901713276196,0.3261251981150251,0.5218995886846299,-0.014231827913141029,0.6337006391906199,13.440887480190181,4.090916967509024,1.382888552261415,4.331757471756577,5.608452742123688,3420.849999999999,-0.03452057695653159,0.0,0.0,0.0,0.0,0.0,1.4076115447100543,0.4168028309117301,-0.027066041140382534,19.871604938271606,7.5667107001321,5.418324746899899,2.1246182311722626,0.0,3.4623876213331433,0.0,61.02857142857146,21.455555555555566,0.0,0.409722346411854,0.0,44.007111111111115,20.777578641616696,0.0,7.938000000000002,0.0,15.96,0.61,0.12,91.38,62.09,23.45,32.44,13.91,22.87,0.32,18.53,0,1,1.094357281077725
Junin,2025,Agosto,6.41174720787475,-0.2561219959243616,4.1131049483414905,-0.0006008316030904255,16.723498888065503,251.5,0.0,0.8230724205821308,0.014204008854839358,0.0,0.0,-0.2320113818246489,-0.07171800262011385,6.5767468887705025,6.776470588235284,13.538647342995171,-0.1184731294240921,0.6221641118124437,0.21447757941000387,0.4799488457987073,-0.014231827913141029,0.507744794321792,12.449603803486525,3.952635379061373,11.245654187405325,3.473705441361252,4.0165227537923,2261.849999999999,-0.03452057695653159,0.0,0.0,0.0,0.0,0.0,0.1356698912990292,0.6809777734292194,-0.027066041140382534,0.2238683127572076,0.036988110964332896,2.558901635416038,1.3588694994291282,0.0,0.1685733729718128,0.0,1.9102040816326604,0.0,0.0,0.08504914622380183,0.0,7.706666666666667,3.788270193436739,0.0,6.460000000000001,0.0,15.77,0.57,0.19,91.21,51.84,25.58,34.74,16.75,25.36,0.29,17.99,0,1,1.579057010204604
Junin,2025,Septiembre,0.0,-0.2561219959243616,1.0407830342577544,-0.0006008316030904255,0.0,9.094947017729282e-13,0.0,0.9946256584898631,0.07857536813315505,0.0,0.0,-0.2320113818246489,-0.07171800262011385,8.883656965764368,6.084605757196465,0.0,-0.1179719933257783,0.6798737601443264,0.42902795088228746,0.5044185847393611,-0.014231827913140796,0.5736245637425992,12.72353407290014,4.156534296028878,-0.0491824280458775,3.0936480176819185,2.665927654609098,1916.800000000003,-0.03452057695653159,0.0,0.0,0.0,0.0,0.0,-0.014994064849335274,1.215811359522527,-0.027066041140382534,2.54320987654321,0.142668428005284,-0.006826514107697476,1.0959312928161162,0.0,0.5310505390594233,0.0,0.19591836734698337,1.6666666666666667,0.0,0.09884396449959698,0.0,8.369777777777765,0.6947654656696555,0.0,6.910000000000004,0.0,16.8,0.57,0.53,91.11,51.87,27.04,35.07,20.44,26.92,0.28,14.63,0,1,1.71997294000039
Junin,2025,Octubre,0.0,-0.2561219959243616,0.0,-0.0004921821269438748,0.0,0.0,0.0,1.072420582131645,0.030221295435828868,0.0,0.0,-0.2320113818246489,-0.07171800262011385,6.231582005714015,4.033541927409247,1.7270531400966187,-0.1179719933257783,0.6618394950405772,1.0761290704834545,0.5760579702845632,-0.014231827913141029,0.6732285008431051,12.75702060221869,4.296606498194948,-0.0491824280458775,2.885717994619224,0.9321820303383884,1265.059999999998,-0.03452057695653159,0.0,0.0,0.0,0.0,0.0,0.006633176836637965,1.6468535459778562,-0.027066041140382534,0.0,0.0,-0.016632420775175228,0.7096585984336542,0.0,0.7144381962104676,0.0,0.0,0.0,0.0,0.14078315429875088,0.0,10.431999999999988,1.5290773128978503,0.0,7.430000000000007,0.0,15.52,0.58,1.75,91.0,63.3,25.87,35.43,18.61,25.88,0.25,16.82,0,1,1.224159696156971
Junin,2025,Noviembre,0.0,-0.2561219959243616,0.0,-0.0006442913935490457,0.0,0.0,0.0,1.0257010589049098,-0.07313553495470598,0.0,0.0,-0.2320113818246489,-0.05221948024251277,5.326250544767795,4.99524405506885,3.050724637681165,-0.12690132744118768,0.008999098286744832,1.4763923068947222,0.5944865776882398,0.9225609134468347,0.814556291910121,14.777852614896984,3.772996389891701,-0.0491824280458775,2.875648362386644,0.39996686114352226,1376.434999999998,-0.03452057695653159,0.0,0.0,0.0,0.0,0.0,0.1356493233088369,1.7908256282308432,-0.027066041140382534,0.0,0.0,-0.016632420775175228,0.34943186183014335,0.0,0.40841004333966213,0.0,0.0,0.0,0.0,0.1623228083405838,0.0,16.833777777777804,0.9506210988196102,0.0,7.735799999999998,0.0,15.69,0.58,1.12,90.89,67.32,25.62,34.69,19.49,25.66,0.24,15.2,0,1,1.074047324405011
Junin,2025,Diciembre,0.0,-0.2561219959243616,0.03153887982596859,-0.0006051775821362886,0.0,0.0,0.0,1.1844835843133052,-0.07313553495470598,0.0,0.0,-0.2320113818246489,0.11766139597233671,10.332884606072339,10.455569461827285,0.6618357487922839,-0.12690132744118768,1.7943913435527503,2.0248297110112867,0.5409030974565607,1.742929962279539,0.7322588656653967,15.685895404120448,4.460361010830319,-0.0491824280458775,2.7315830549159754,0.4603542590431814,1797.080000000002,-0.03452057695653159,0.0,0.0,0.0,0.0,0.0,0.5940481206984546,1.5262593154281427,-0.027066041140382534,1.497110620202351e-14,0.09722589167770193,-0.016632420775175228,0.6902856011022308,0.0,0.31127189369246666,0.0,0.0,5.0527483431829344e-14,0.0,0.21725689471591556,0.0,11.002666666666693,1.5272232865706048,0.0,7.939800000000005,0.0,15.69,0.59,2.17,90.78,73.79,24.56,33.64,18.52,24.59,0.25,15.12,0,1,0.8087346716312451
La Libertad,2025,Enero,0.0,0.07539361786905588,0.0,0.011741748887157741,0.0,665.0,1.1603147850109619,0.0,1.037194859357646,0.0,2.8828828828828827,3.1185132491552565,1.3784845992139663,0.6089971429954965,0.8360450563204005,0.0,1.3901743156360156,0.14966636609558162,-0.10272144974702656,-0.05271362377234954,2.5673157304516256,-0.27862959622498457,0.516917591125198,-0.371985559566787,0.050570872105604854,-0.03285880650209489,-0.021120186697782962,0.0,1.7807595434570493,6.160213618157528,0.9930809930809928,168005376724172.7,0.0,0.0,0.3235550536965948,-0.04202664579358477,0.25951557093425603,0.0,0.0,-0.016632420775175228,-0.03053269870988585,2.9453345900094248,-0.26296070776173847,8.8,0.0,0.0,8.131121906450097,0.39485416193820183,18696.0,0.0,0.5259254681416475,0.0,1.0,12.612612612612613,19.65,0.39,0.81,94.13,81.71,20.64,26.45,17.26,22.44,2.22,9.189999999999998,0,0,0.4448968610338642
La Libertad,2025,Febrero,0.0,-0.2561219959243616,0.0,0.08327656398204675,0.0,385.0,1.1789241043707468,0.0,1.627416759219384,0.0,9.441441441441441,4.807291481415616,1.304146482649362,0.13638080480364145,0.9211514392991239,0.2898550724637682,1.3304935621095548,0.11900811541929668,-0.03088922698638751,-0.03692213548224629,3.5724130900193694,-0.20592133641817964,0.5019809825673535,-0.2732707581227437,0.47769919930750915,-0.03285880650209489,-0.01719953325554259,0.0,2.2432566125360216,9.091232754784134,1.5010175010175009,252175190853681.0,0.0,0.0,1.2548942175409472,-0.0032809875576863315,0.2303267030377651,0.0,0.0,-0.016632420775175228,-0.030121681611868154,2.2090009425070685,-0.32671657294315615,0.0,0.0,0.0,9.279925448693946,0.5283172664769205,21259.0,0.0,0.46696743093751925,0.0,0.0,7.135945945945946,17.77,0.4,1.61,94.04,82.59,21.82,27.21,18.95,23.48,1.92,8.260000000000002,0,0,0.4552674699326866
La Libertad,2025,Marzo,0.0,-0.2561219959243616,0.06253398586188134,0.3025746666362448,0.0,0.0,1.6163231995539278,0.0,3.073052426392257,0.0,1.427027027027027,2.794131246665482,0.6655698747829268,3.487695511113263,0.32540675844806005,0.1449275362318841,0.6441648965552588,0.5337962128043282,1.4769086226853088,-0.03809430034416184,3.7983484555000486,-0.12562121746859597,0.4663629160063391,-0.21747292418772562,0.4870478251460719,-0.03155255699279866,-0.015220536756126021,0.0,0.7323142552435121,10.57676902536713,1.6100936100936099,652582141317611.1,0.0,0.0,2.793386739833863,-0.04323989367773916,0.3242617869955633,0.0,0.0,-0.014871203498472416,-0.028078339467437333,0.0,-0.309667251692395,0.0,0.0,0.0,7.253987989122517,0.6014834379353543,19413.0,0.0,0.5118348680551263,0.0,0.0,1.4324324324324325,18.23,0.42,1.72,94.07,78.77,22.37,28.35,18.79,23.84,2.05,9.560000000000002,0,0,0.5740718002669678
La Libertad,2025,Abril,0.0,-0.2561219959243616,0.0,0.8048611948617489,0.0,0.0,0.9215141108337236,0.0,1.7839630695769773,0.0,8.82882882882883,1.008607504890628,1.592968345367578,2.224415282552903,6.528160200250313,1.5171497584541067,0.8250294702194177,8.079693417493237,4.118930379894161,-0.03773408881054311,1.5845040269140591,-0.19461825026469545,0.46416402535657686,0.009241877256317739,0.34795758493832507,-0.02133691008805634,0.3865904317386232,0.0,0.499232287782408,5.690253671562069,0.6609686609686607,570338671559966.4,0.0,0.0,3.238070115764361,-0.054335241263473735,0.4401681278790839,0.0,0.380449141347424,0.006963697358174084,-0.025823617101168837,0.4241281809613572,-0.3547978079444098,0.0,0.0,0.0,7.238736266978401,0.48266355904748465,23638.0,0.0,0.5197453803844013,0.0,0.0,0.45045045045045046,19.11,0.42,0.73,94.07,82.2,20.55,26.96,16.91,21.82,2.32,10.05,0,0,0.4305833426168948
La Libertad,2025,Mayo,0.0,-0.2561219959243616,0.03262642740619896,3.097930118829932,0.0,0.0,1.213387233719,0.0,2.3146490174301317,0.0,18.01801801801802,1.476685043571048,1.8354812174389914,3.200639194227882,5.759699624530663,6.7028985507246395,1.4607889476711406,10.722795311091073,8.351027024053133,-0.039548207840174605,0.43804669181363987,-0.07274172254682817,0.3662044374009509,0.11523465703971113,0.37211858904998923,-0.018801609914984533,0.4586697782963827,0.0,0.47980879049398306,5.47120605251445,0.7749287749287751,890428496638115.2,2.359,0.0,3.259621941486295,-0.07778484418570514,0.3427834504426094,19.242798353909464,11.820343461030383,0.014039118193254657,-0.02684528817338425,0.0,-0.25866255954726086,0.0,0.0,0.0,5.920779257483676,0.3084277405673716,26883.0,0.0,3.325381620419009,0.0,0.0,0.6306306306306306,17.33,0.4,0.44,94.09,77.8,20.22,28.42,16.31,21.34,2.36,12.11,0,0,0.5261928525851354
La Libertad,2025,Junio,42.82160144947132,-0.2561219959243616,14.381729200652503,2.934134514570438,55.706449221646565,15.29999999999996,1.5477639365867877,0.0,0.9750900972370177,5900.0,4.324324324324325,2.9122176773964084,3.0775370928921815,5.586964311655609,5.003754693366709,15.053140096618362,1.4126571033194564,17.313056807935073,11.007165362828236,-0.038837723495341196,0.3200917524722175,-0.2345340705593247,0.1825170364500796,0.40433212996389956,0.3853417009305345,-0.0067087923792104555,0.05204200700116705,0.0,1.054647495291617,7.504049844236741,0.7187627187627185,1106548502193765.6,71.5,0.0,3.5422226987139944,0.014539406095592079,1.0908145286263198,52.212345679012344,21.828269484808455,0.006616845384292816,-0.028007879393491447,0.4241281809613572,3.3295748415057855,0.0,35.351020408163265,60.94444444444444,5.451931021898635,0.5795649703989897,32664.0,0.0,5.146159075458869,0.0,0.0,1.3963963963963963,14.73,0.45,2.58,94.15,79.62,19.55,26.62,15.58,20.49,2.44,11.04,0,0,0.4634124409198024
La Libertad,2025,Julio,592.457881500311,-0.2561219959243616,51.33224578575303,0.04040348069461783,643.3476649370008,1126.55,1.1738287437746322,0.0,1.3156840967988084,15300.0,1.6036036036036037,2.017463987195448,4.574414282667643,3.834022565493196,2.258322903629539,7.161835748792272,3.9199548977511522,13.005211902614972,11.229082968138673,-0.03935242172416688,0.19989805280864587,-0.29475445407369644,0.3537321711568938,-0.08300361010830323,0.3071040900238044,-0.0013475390052799703,1.5017409568261377,0.0,0.6437890947046765,2.7920783266577565,0.04314204314204323,686007294802001.5,102.0,0.0,2.1141837117457873,-0.005518321021476557,1.4130596302035792,22.584362139917694,15.273447820343462,0.018411609656742347,-0.0301412538546309,1.2723845428840714,3.9305992334969058,0.0,212.96326530612245,644.5666666666667,9.537918616864228,0.5310419039901797,27196.0,0.0,3.525122056733205,0.0,0.0,6.495495495495495,18.27,0.43,0.01,94.12,71.26,19.9,27.98,15.48,20.59,2.34,12.5,0,0,0.6678514037182643
La Libertad,2025,Agosto,661.8215744070959,-0.2561219959243616,40.11038607939089,-0.0013179181456576604,792.5500370645051,1277.2,1.4317120806985095,2.55414249986697,1.3641892759733159,0.0,2.5225225225225225,1.4695714031655704,2.4597751576638327,1.550355914967798,0.30037546933667086,1.6908212560386477,2.9118057414251624,0.03064021641118126,8.183726826625827,-0.040077008310249275,0.1477418697114886,-0.3333725474817981,0.3458795562599049,-0.18483754512635378,2.842112096948712,-0.0083967820468269,1.7329054842473746,0.0,0.5727329798579542,1.0947930574098736,0.0,158769479050854.4,229.37,0.0,0.729426632136439,0.01088661676695519,0.7780160061137411,4.691358024691358,3.0752972258916778,-0.01624303600311508,-0.03053269870988585,0.0,0.7966760987141384,0.0,203.66530612244898,463.59999999999997,9.633813320079733,0.5205890421116935,22035.0,0.0,2.425808046474259,0.0,0.0,21.628315315315316,19.82,0.39,0.02,94.18,71.61,19.3,26.64,14.83,20.92,2.64,11.81,0,0,0.6355910091584791
La Libertad,2025,Septiembre,387.9950782876768,-0.2561219959243616,20.441000543773765,-0.0010571594029059387,319.02268346924166,1688.9,1.234530040171839,20.44165380726865,1.6023330840076448,0.0,3.963963963963964,1.5634714565178736,1.936629802272797,0.7004212871047422,2.7384230287859825,0.7246376811594204,6.69971127727063,1.4481334535617674,5.074842174535896,-0.05123157894736844,0.13428484045264577,-0.17060768858737518,0.46942155309033323,0.07543104693140776,-0.0491824280458775,-0.014078717172895943,1.3962427071178536,0.0,0.6074922661503197,1.3573653760569615,0.17908017908017818,2374945115995.9985,143.22,0.0,0.6684754500040563,0.1171253852551245,1.1341732651198326,2.411522633744856,4.435931307793924,-0.011270891990654775,-0.029495369843460236,1.1427898209236569,1.3161789462373297,0.0,85.42040816326531,220.39222222222236,10.055126193608421,0.569238318388666,25828.0,0.0,0.8571781719300412,0.0,0.0,37.846801801801796,20.87,0.39,0.19,94.15,70.1,19.62,26.67,14.27,21.72,2.7,12.4,0,0,0.6828458382343883
La Libertad,2025,Octubre,55.896589956461774,-0.2561219959243616,0.44045676998368594,-0.0008615903458421473,75.12231282431553,1088.5,1.340600930161828,35.85930931729897,1.0480745257145447,0.0,9.00900900900901,1.1921394273519448,0.614386253541724,2.2515326134327633,1.2015018773466835,0.0,2.950985472747877,-0.019855725879170408,0.8993797862367958,-0.04277664736002686,-0.01300846161688175,-0.2404193299609165,0.2243740095087171,0.2763841155234657,-0.0491824280458775,-0.013402695515929673,-0.020919486581096713,0.0,2.0224577380096966,0.3515798842901678,0.0,0.0,120.3,0.0,0.6037836360555855,0.061464703292402535,2.2759887065616575,0.0,0.0,-0.016632420775175228,-0.03053269870988585,0.0,0.24364769511802087,197.0,3.2734693877551324,0.8888888888888888,10.476737452762027,0.5916953998694412,19725.5,0.0,0.5203633891601259,0.0,0.0,37.44095495495495,21.0,0.39,0.87,94.11,73.95,19.61,25.92,15.64,21.54,2.52,10.28,0,0,0.5945516096548469
La Libertad,2025,Noviembre,0.0,-0.2561219959243616,0.09244154431756373,0.011307150982571536,0.0,1099.0,1.5591408041971344,44.54850210184641,1.0586519791170848,0.0,23.45225225225225,0.9701938467010495,0.1437406696523772,0.049217955546946864,0.9011264080100125,0.0,0.5159196132140477,-0.11363390441839494,0.842537311222045,-0.04452794426257033,0.0015088184320526789,-0.33775407500359445,0.3537163232963546,0.40877978339350185,-0.0491824280458775,-0.015058154065498508,-0.021120186697782962,0.0,4.05700493907466,0.159323542501109,0.0,0.0,0.0,0.0,0.8553113021020399,0.10458066304649154,0.4479164455388796,0.0,0.04227212681638045,-0.016632420775175228,-0.03053269870988585,0.9896324222431667,0.07430065546760384,14.0,0.8163265306122449,0.0,10.92432109272082,0.5684162072901763,11980.0,0.0,0.5191273716086767,0.0,0.0,29.26036846846846,23.17,0.39,0.5,94.07,76.08,19.38,28.9,14.29,21.31,2.36,14.61,0,0,0.5381896343313082
La Libertad,2025,Diciembre,10.411314529868303,-0.2561219959243616,0.09787928221859687,-0.0013179181456576604,5.6041512231283335,0.0,1.6924707581959404,0.17027616665779802,0.26383190915478577,0.0,0.43243243243243246,0.7340209852391963,1.573469822989982,0.004668054815747414,0.0,0.0,0.16466876612319972,-0.11363390441839494,0.488888080088198,-0.03431768656089983,0.157749006014886,0.07163849783668608,0.3773375594294746,0.09282310469314042,-0.0491824280458775,-0.01221693626309441,-0.021120186697782962,0.0,3.9393333383757776,0.0,0.0,62892065108787.96,0.0,0.0,0.7694491986496776,0.06314759551881037,0.5092661387904126,1.522633744855967,1.9101717305151915,-0.016632420775175228,-0.03053269870988585,0.824693685202639,0.03160571653712612,6.0,0.0,0.0,10.380313838352427,0.8585853826078402,22736.0,0.0,0.529880724306286,0.0,0.0,21.64754864864863,23.17,0.38,0.06,94.1,72.05,19.7,25.76,15.26,21.63,2.25,10.5,0,0,0.6414897341221928
Piura,2025,Enero,0.0,-0.20853493323011416,0.9026644915715045,0.8352830481827831,0.0,0.0,0.0,0.0,-0.07313553495470598,210.0,1.4414414414414414,-0.2320113818246489,-0.07171800262011385,0.3107065033170306,0.13516896120150187,0.0,-0.12690132744118768,-0.17134355275022542,-0.09454503903051142,0.8785292201796358,336.41149964318475,-0.30210579977255786,-0.3114104595879556,-0.20216606498194944,73.07092144557456,-0.03285880650209489,-0.021120186697782962,0.0,2.083306230192646,0.0,0.0,0.0,0.0,0.0,-0.07951242208052589,0.0049769254602677745,0.19795359500711146,0.0,0.0,-0.016632420775175228,-0.014092014789178084,0.0,-0.35952577098033517,0.0,1.0612244897959184,0.0,1.7230203717010626,-0.6132273305293474,0.0,0.0,0.0,0.0,0.0,0.3333333333333333,14.78,0.53,1.57,91.53,66.24,23.64,35.61,17.56,25.63,2.0,18.05,0,1,0.9857751388265357
Piura,2025,Febrero,0.0,-0.2561219959243616,0.0,0.053006819927617715,0.0,0.0,0.0,0.0,-0.07313553495470598,430.0,1.8738738738738738,-0.2320113818246489,-0.07171800262011385,-0.11929688634932932,0.360450563204005,0.2415458937198068,-0.09956663116952637,0.04506762849413888,-0.10757989669452106,0.8449524553009318,67.27091446630644,-0.3638027266904565,-0.3114104595879556,-0.18483754512635378,69.8750763903917,-0.025977223838177937,-0.021120186697782962,0.0,0.019937826655875845,0.0,0.0,0.0,0.0,0.0,-0.035394083120561755,-0.09443112698335045,0.15761988664105123,0.0,0.0,-0.016632420775175228,0.0023486691315296807,0.0,-0.22485046026003713,0.0,0.0,0.0,0.6875077793280806,-0.6115110234343806,0.0,0.0,0.0,0.0,0.0,0.05405405405405406,13.92,0.55,3.23,91.47,72.33,23.73,33.0,18.05,25.47,2.0,14.95,0,1,0.8123371283358005
Piura,2025,Marzo,0.0,-0.2561219959243616,0.5328983143012497,-0.0013179181456576604,0.0,0.0,0.0,0.0,-0.07313553495470598,350.0,1.8018018018018018,-0.2320113818246489,-0.07171800262011385,-0.11929688634932932,0.6257822277847309,0.0,-0.12690132744118768,-0.17134355275022542,-0.060688265877239654,0.8780591454713339,12.21943113467224,-0.38367122857927133,-0.3114104595879556,-0.33501805054151623,77.83179571521316,-0.021097556131036827,-0.021120186697782962,0.0,0.011769066114014732,0.0,0.0,0.0,0.0,0.0,-0.06665742821107247,-0.15522397795280726,0.022820387628165666,0.0,0.0,-0.016632420775175228,-0.008220341960353882,0.0,-0.22485046026003713,0.0,0.0,0.0,0.0,-0.6179471750405061,0.0,0.0,0.0,622.0,0.0,0.0,15.11,0.56,3.4,91.52,71.4,24.14,34.33,18.59,25.41,1.44,15.74,0,1,0.8605697662146814
Piura,2025,Abril,0.0,-0.2561219959243616,0.7340946166394766,0.013893008514859445,0.8005930318754763,0.0,0.0,0.0,-0.07313553495470598,150.0,2.3423423423423424,-0.2320113818246489,-0.0473448496481125,0.11313737833518955,0.21526908635794745,1.207729468599034,0.01432793662906247,-0.17134355275022542,0.1407595343847274,0.7777989255435239,0.6993985115710061,-0.4098139942224487,-0.3114104595879556,-0.20794223826714803,79.58725990045444,-0.020597077391842866,-0.021120186697782962,0.0,1.0243928266180573,0.0,0.0,0.0,0.0,0.0,-0.0953497745276925,-0.10760725991879065,-0.023881801006219883,3.3415637860082303,0.46499339498018494,0.08820194093332535,0.004697338263059361,0.28275212064090477,0.2450804111895134,0.0,2.693877551020408,0.3333333333333333,0.026028062410401794,-0.6054426519200337,0.0,0.0,0.0,0.0,0.0,0.0,15.38,0.56,1.58,91.47,70.71,23.91,35.21,17.87,25.08,1.4,17.34,0,1,0.8692507946595143
Piura,2025,Mayo,0.0,-0.2561219959243616,1.5388798259923844,0.7239173351325686,0.0,0.0,0.0,0.0,-0.07313553495470598,800.0,0.0,-0.2320113818246489,0.04527313164549261,-0.11929688634932932,0.17521902377972465,0.0,-0.12690132744118768,-0.0847790802524797,0.19154469411463507,0.7945873079828759,-0.004037108777653212,-0.3648484373161836,-0.3114104595879556,-0.36967509025270756,67.46867085046527,-0.014716452206313834,-0.021120186697782962,0.0,0.32853544712618465,0.0,0.0,0.0,0.0,0.0,0.006530336885682338,-0.1365686610244117,0.40492920372768376,3.6872427983539096,0.8718626155878467,0.20142305157850596,-0.006654562539334095,0.17672007540056547,0.4972384397721991,0.0,10.122448979591837,1.8888888888888888,1.8068111238923028,-0.6154953077619821,0.0,0.0,0.0,0.0,0.0,1.981981981981982,14.51,0.54,0.31,91.5,60.2,24.74,36.58,17.41,26.21,1.29,19.17,0,1,1.241340616847988
Piura,2025,Junio,1.7847967765488522,-0.2561219959243616,15.829255029907529,4.551899138518303,0.0,0.0,0.0,0.0,-0.07313553495470598,300.0,2.1621621621621623,-0.2320113818246489,0.06477165402309369,0.23710231950026628,0.08010012515644556,0.7729468599033819,0.1464456352754255,-0.05231740306582505,-0.07643166539351103,0.7610105431041719,0.984850647364665,-0.3888997817079068,-0.3114104595879556,-0.20216606498194944,6.854950876433672,-0.02710330100136435,-0.021120186697782962,0.0,0.04867976189575754,0.0,0.0,0.0,0.0,0.0,-0.036662442515681154,-0.1353945501687784,0.7212303903878404,6.534979423868313,1.8758256274768825,0.21220601449709459,-0.012526235368158297,0.0,0.09894337189727513,0.0,42.69387755102041,0.0,1.5287342404119977,-0.6108367599327864,0.0,0.0,0.0,0.0,0.0,0.04504504504504504,13.78,0.57,3.71,91.54,69.75,22.99,34.74,15.88,23.87,1.1,18.86,0,1,0.8493131780001182
Piura,2025,Julio,59.46618350955948,-0.2561219959243616,25.252854812397995,2.492926375855479,5.752409191994163,0.0,0.0,0.0,-0.07313553495470598,700.0,5.7657657657657655,-0.2320113818246489,0.08914480699509503,-0.11929688634932932,0.0,0.2415458937198068,-0.09045506574563926,-0.17134355275022542,-0.06881389143402489,0.7542951901284312,0.13868895911917622,-0.3888997817079068,-0.3114104595879556,-0.34657039711191334,48.18626444492534,-0.012964776619134973,-0.021120186697782962,0.0,0.16213476942160637,0.0,0.0,0.0,0.0,0.0,-0.06672598817837622,-0.06938342872984034,0.2563313308000934,6.074074074074074,4.660501981505944,0.5818220212064937,-0.003523003697294521,0.0,3.6090977470539785,0.0,17.387755102040817,52.888888888888886,1.9494337598634757,-0.6088752661099672,0.0,0.0,0.0,0.0,0.0,0.05855855855855856,16.37,0.53,0.14,91.51,55.55,24.54,36.82,15.76,25.96,1.28,21.06,0,1,1.369908779801507
Piura,2025,Agosto,219.93563914654263,-0.2561219959243616,36.19358346927671,0.005201050423135385,6.108228317272152,0.0,0.0,0.0,-0.07313553495470598,2250.0,2.1621621621621623,-0.2320113818246489,0.01846266337629113,0.6206188562297223,0.27033792240300375,11.594202898550726,0.2689961902267071,-0.17134355275022542,-0.0757545299304456,0.6939913204062789,4.063655826281986,-0.4139968367253571,-0.3114104595879556,0.3003610108303249,473.3756173988314,-0.020972436446238335,-0.021120186697782962,0.0,0.6915914712089009,0.0,0.0,0.0,0.0,0.0,-0.01719141180141571,-0.05907734455261483,0.5588341435455453,2.551440329218107,0.9986789960369881,0.9101033367279698,0.028184029578356168,0.7775683317624882,6.867094093627997,0.0,10.448979591836734,230.77777777777777,1.8216546120805501,-0.6079558158805207,0.0,0.0,0.0,9.0,0.0,0.22522522522522523,16.61,0.52,0.12,91.55,53.38,24.58,36.58,16.8,26.59,1.52,19.78,0,1,1.440225144562738
Piura,2025,Septiembre,77.61161740447281,-0.2561219959243616,18.30886351277865,0.022519776920895573,14.677538917717065,0.0,0.0,0.0,-0.07313553495470598,3050.0,2.1621621621621623,0.2830161835319225,-0.07171800262011385,0.03953319451842524,0.12015018773466833,0.0,-0.09501084845758281,-0.17134355275022542,0.20898093228857004,0.7102424746075716,11.997186257518605,0.5459655176921165,-0.3114104595879556,-0.3927797833935018,-0.0491824280458775,-0.026352582892573407,-0.021120186697782962,0.0,0.8731194832502589,0.0,0.0,0.0,0.0,0.0,-0.04094744047216563,-0.12848034179671575,0.34018298766637656,3.1769547325102883,0.7450462351387054,0.6369349427903912,0.24543592424485164,1.6258246936852025,2.1649199469895066,0.0,0.0,96.22222222222223,1.9636165769798495,-0.5394261254457745,0.0,0.0,0.0,2416.0,0.0,0.9459459459459459,16.35,0.51,0.11,91.53,53.04,24.87,36.59,16.81,27.13,1.61,19.78,0,1,1.476059770154035
Piura,2025,Octubre,1.7577544011465966,-0.2561219959243616,1.4192495921696548,-0.0013179181456576604,0.8302446256486421,0.0,0.0,0.0,-0.07313553495470598,6300.0,4.1441441441441444,0.34988440334341103,-0.03272095786491169,-0.07668393782383419,0.30037546933667086,4.323671497584542,-0.12690132744118768,0.135238954012624,-0.06390465932680048,0.7590966675060858,31.102089917422774,-0.12642641465040583,-0.3114104595879556,-0.21949458483754514,-0.0491824280458775,-0.031857849023706974,-0.021120186697782962,0.0,15.715454841125169,0.0,0.0,0.0,0.0,0.0,-0.04869471677748956,0.40639238132511457,0.06421550937228013,0.0,0.0,0.16607889534535433,0.038361595814984786,3.357681432610744,0.2851964611913043,0.0,0.4897959183673469,3.3333333333333335,2.2012599078665422,-0.591037931658705,0.0,0.0,0.0,3253.0,0.0,1.3333333333333333,17.19,0.51,0.36,91.5,56.19,24.37,35.7,17.2,26.78,1.88,18.5,0,1,1.336525019459399
Piura,2025,Noviembre,0.027042375402255334,-0.2561219959243616,0.11963023382272951,1.1599928725943647,0.0,0.0,0.0,0.0,-0.07313553495470598,2050.0,4.1441441441441444,-0.17510225858082887,-0.07171800262011385,0.8801704517941018,0.21026282853566958,0.7246376811594204,0.2238939413784659,0.8421821460775474,-0.08777368439985707,0.7785040376059766,71.59959221123457,-0.2038090009542109,-0.3114104595879556,-0.37545126353790614,-0.0491824280458775,-0.032483447447699425,-0.021120186697782962,0.0,33.83558100309353,0.0,0.0,0.0,0.0,0.0,-0.05225983507728464,-0.06573063940120345,0.5439743562527862,0.0,0.0,0.03668334032229078,0.027009695012591328,0.7540056550424127,-0.34233317812242475,0.0,1.6326530612244898,1.5555555555555556,2.2364123645330043,-0.5935510956191922,0.0,0.0,0.0,2300.0,0.0,1.7378378378378379,16.13,0.52,0.85,91.46,60.57,23.97,34.36,17.42,26.35,2.01,16.94,0,1,1.1744032828617
Piura,2025,Diciembre,0.0,-0.2561219959243616,0.0,1.6704281115308603,0.0,0.0,0.0,0.0,-0.07313553495470598,2520.0,1.2612612612612613,-0.12388404766139083,-0.07171800262011385,-0.11929688634932932,0.08010012515644556,0.3623188405797102,-0.11687860547491187,0.23983769161406673,-0.07321527194395021,-0.07840857886342652,204.44901620960343,-0.12015215089604325,-0.3114104595879556,0.9935018050541516,-0.0491824280458775,-0.014591332521515343,-0.021120186697782962,0.0,27.206783096716606,0.0,0.0,0.0,0.0,0.0,-0.04742635738237015,-0.05920780131435186,2.2570955484322925,0.0,0.0,1.7745375307014915,0.14131159274703578,0.1060320452403393,-0.35952577098033517,0.0,0.0,0.0,2.4972697754538316,-0.4805813107611981,0.0,0.0,0.0,518.0,0.0,0.0,16.13,0.51,0.11,91.46,52.62,24.08,35.68,15.45,26.76,2.28,20.23,0,1,1.42053646742451
Puno,2025,Enero,0.0,-0.2561219959243616,0.0,-0.0013179181456576604,0.0,0.0,0.0,0.0,-0.07313553495470598,0.0,0.0,-0.2320113818246489,-0.07171800262011385,-0.11929688634932932,0.0,0.0,-0.12690132744118768,-0.17134355275022542,-0.024969370200537935,-0.04298509191639386,-0.014231827913141029,0.01118910369527997,-0.26220285261489695,-0.30324909747292417,-0.0491824280458775,-0.03285880650209489,-0.021120186697782962,0.0,-0.03452057695653159,0.0,0.0,0.0,0.0,0.0,-0.10364553057144645,-0.20036201751382024,-0.027066041140382534,0.0,0.0,-0.016632420775175228,-0.03053269870988585,0.0,-0.35952577098033517,0.0,0.0,0.0,0.0,2.147943005180474,0.0,0.0,0.0,0.0,0.0,0.0,19.69,0.44,4.88,63.78,72.3,9.85,17.35,3.37,14.64,3.9,13.98,0,0,0.336730699197144
Puno,2025,Febrero,0.0,-0.2561219959243616,0.11636215334420859,-0.0013179181456576604,0.0,0.0,0.0,0.0,-0.07313553495470598,0.0,0.0,-0.2320113818246489,-0.038204917283612,-0.11929688634932932,0.0,0.0,-0.12690132744118768,-0.17134355275022542,0.003351820542173898,-0.04566451775371443,-0.014231827913141029,0.010770819444988977,-0.12876386687797142,0.13862815884476534,-0.0491824280458775,-0.03285880650209489,-0.021120186697782962,0.0,-0.03452057695653159,0.0,0.0,0.0,0.0,0.0,0.06055559112103858,-0.20036201751382024,-0.027066041140382534,0.0,0.0,-0.016632420775175228,-0.03053269870988585,0.0,-0.35952577098033517,0.0,0.0,0.0,0.0,9.346257554835208,0.0,0.0,0.0,0.0,0.0,0.0,21.67,0.47,2.74,63.81,73.92,10.14,17.0,4.07,14.56,4.04,12.93,0,0,0.323258920855922
Puno,2025,Marzo,0.0,-0.2561219959243616,0.29853181076672053,-0.0013179181456576604,0.0,0.0,0.0,0.0,-0.07313553495470598,0.0,0.0,-0.2320113818246489,-0.07171800262011385,-0.11929688634932932,0.0,0.0,-0.12690132744118768,-0.17134355275022542,-0.012306937041214298,-0.047726131117266854,-0.014231827913141029,0.010561677319843926,-0.3102218700475436,0.34541516245487364,-0.0491824280458775,-0.03285880650209489,-0.021120186697782962,0.0,-0.03452057695653159,0.0,1.229141229141229,0.0,0.0,0.0,1.0252474650594838,-0.20036201751382024,-0.027066041140382534,0.0,0.0,-0.016632420775175228,-0.03053269870988585,0.0,-0.21195601561660435,0.0,0.0,0.0,0.0,35.38374565542527,0.0,0.0,1.2038810951115504,0.0,0.0,0.0,19.42,0.55,6.07,63.85,78.8,9.73,15.87,2.49,13.77,3.69,13.38,0,0,0.2556469398387315
Puno,2025,Abril,29.935882527921255,-0.2561219959243616,10.913588907014661,-0.0013179181456576604,421.5990511490061,27504.22699999999,0.0,0.0,-0.07313553495470598,0.0,0.0,-0.2320113818246489,0.1391707034701278,-0.11929688634932932,0.09011264080100125,6.074879227053142,2.2119190665201227,-0.17134355275022542,-0.08525981899322665,-0.045688021489129524,-0.014231827913141029,0.016522227886487943,-0.3114104595879556,0.20563176895306856,-0.043988747024453566,-0.01666831928917028,0.005259743290548431,0.0,-0.03452057695653159,0.0,6.593406593406592,0.0,0.0,0.0,16.20152739609158,0.5430458392446553,1.0830131402976202,379.4199012345679,57.95952443857332,0.033388546097166474,-0.029593231057273975,0.0,0.08559045811096475,0.0,832.9066122448979,54.24111111111112,0.0,51.44579947400399,0.0,4501.395004444445,2056.2913899017362,0.0,0.0,0.0,20.98,0.57,2.09,63.83,70.7,9.86,16.76,4.5,13.47,2.98,12.26,0,0,0.3564198862072575
Puno,2025,Mayo,21.38186538305525,-0.2561219959243616,19.508319738988543,-0.0013179181456576604,496.5496219421874,11414.53,0.0,0.0,-0.07313553495470598,0.0,0.0,-0.2320113818246489,0.6014428906559429,-0.11929688634932932,0.08010012515644556,0.9903381642512079,0.5033365413636591,-0.17134355275022542,-0.1131662642648109,-0.034013380340804165,-0.014231827913141029,0.016762741330405492,-0.3114104595879556,0.16306137184115535,-0.0023008006924907917,0.7129170747393051,0.5754399066511086,0.0,-0.03452057695653159,0.0,9.938949938949937,0.0,0.0,0.0,17.903387693674407,2.39620501280107,0.5964400195300062,252.64179423868296,49.083387054161186,0.12272539387767328,0.0007828897105098936,0.0,0.7426627028188698,0.0,550.3656326530612,41.26555555555555,0.0,29.747197006171977,0.0,1524.3377777777782,1892.2717137383345,0.0,8.4,0.0,19.64,0.53,0.51,63.93,66.94,9.16,15.28,3.45,12.09,2.77,11.83,0,0,0.3836582931955078
Puno,2025,Junio,0.0,-0.2561219959243616,0.30402392604676814,-0.0013179181456576604,14.05544848035606,0.0,0.0,0.0,-0.07313553495470598,0.0,0.0,-0.2320113818246489,-0.06038448648813328,-0.11929688634932932,0.0,0.0,-0.12690132744118768,-0.17134355275022542,-0.1131662642648109,-0.044919113573407214,-0.014231827913141029,0.024155915454296167,-0.3114104595879556,0.287942238267148,0.029588400779052167,0.9977770611200275,0.9675379229871645,0.0,-0.03452057695653159,0.0,9.824989824989824,0.0,0.0,0.0,0.8426129677578696,1.8299365653996054,0.529114568960027,10.273580246913623,0.5271862615587486,2.5512103875876115,0.055467735989625955,0.0,-0.157913965399906,0.0,3.086530612245302,0.0,0.0,5.755424369418418,0.0,0.0,15.011223039367254,0.0,7.5,0.0,19.06,0.56,3.83,63.87,61.03,7.94,15.08,1.47,10.03,2.64,13.61,1,0,0.4163390746759608
Puno,2025,Julio,0.0,-0.2561219959243616,0.0,-0.0013179181456576604,0.0,0.0,0.0,0.0,-0.07313553495470598,0.0,0.0,-0.2320113818246489,-0.07171800262011385,-0.11929688634932932,0.0,0.0,-0.12690132744118768,-0.17134355275022542,-0.1131662642648109,-0.04540261898766054,-0.014231827913141029,0.014221664509888522,-0.3114104595879556,0.17444043321299665,0.009679290196927086,0.8517623889601894,1.1070011668611435,0.0,-0.03452057695653159,0.0,6.1864061864061854,0.0,0.0,0.0,-0.10607940941072963,0.5254994047910246,-0.027066041140382534,0.0,0.0,1.0062514227520518,0.08235999754564079,0.0,-0.35952577098033517,0.0,0.0,0.0,0.0,-0.6193569987256574,0.0,0.0,0.0,0.0,2.999999999999998,0.0,19.74,0.53,0.07,63.94,58.94,7.88,13.87,1.93,10.19,2.38,11.94,1,0,0.4368775077392286
Puno,2025,Agosto,0.0,-0.2561219959243616,0.0,-0.0013179181456576604,0.0,0.0,0.0,0.0,-0.07313553495470598,0.0,0.0,-0.2320113818246489,-0.07171800262011385,-0.11929688634932932,0.0,0.0,-0.12690132744118768,-0.17134355275022542,-0.1131662642648109,-0.043807722655922136,-0.014231827913141029,0.02206449420284174,-0.3114104595879556,0.025992779783393503,0.15402899805236964,0.1550084002228379,0.5954025670945158,0.0,-0.03452057695653159,0.0,0.5860805860805851,0.0,0.0,0.0,-0.10607940941072963,1.3051090129315264,-0.027066041140382534,0.0,0.0,0.46225094350925516,0.03331195718219597,0.0,-0.35952577098033517,0.0,0.0,0.0,0.0,-0.6193569987256574,0.0,0.0,0.0,0.0,0.0,0.0,23.07,0.49,0.08,63.85,57.24,8.16,15.91,1.87,11.46,2.76,14.04,1,0,0.4637235264150996
Puno,2025,Septiembre,1.844617286377934e-14,-0.2561219959243616,0.0,-0.0013179181456576604,0.0,0.0,0.0,0.0,-0.07313553495470598,0.0,0.0,-0.2320113818246489,-0.07171800262011385,-0.11929688634932932,0.0,0.0,-0.12690132744118768,-0.17134355275022542,-0.10927273535218465,-0.038237337362545115,-0.014231827913141029,-0.016417656823915567,-0.3114104595879556,0.04794223826714775,-0.0491824280458775,0.38657991284788334,0.21785297549591598,0.0,-0.03452057695653159,0.0,1.0582010582010581,0.0,0.0,0.0,-0.10607940941072963,-0.20036201751382024,-0.027066041140382534,0.0,0.0,0.6939049302102678,-0.03053269870988585,0.0,-0.35952577098033517,0.0,0.0,0.0,0.0,-0.6193569987256574,0.0,0.0,0.0,0.0,5.0,0.0,22.85,0.45,1.17,63.94,69.59,8.67,17.93,2.76,13.24,3.43,15.17,0,0,0.3414067480012054
Puno,2025,Octubre,0.0,-0.2561219959243616,0.0,-0.0013179181456576604,0.0,0.0,0.0,0.0,-0.07313553495470598,0.0,0.0,-0.2320113818246489,-0.07171800262011385,-0.11929688634932932,0.0,0.0,-0.12690132744118768,-0.17134355275022542,-0.1131662642648109,-0.036790178796272985,-0.014231827913141029,0.03429930852384857,0.8339936608557845,0.07104693140794198,-0.0491824280458775,-0.03285880650209489,-0.021120186697782962,0.0,-0.03452057695653159,0.0,0.0,0.0,0.0,0.0,-0.10607940941072963,0.16817833439329452,-0.027066041140382534,0.0,0.0,-0.016632420775175228,-0.03053269870988585,0.0,-0.35952577098033517,0.0,0.0,0.0,0.0,-0.6193569987256574,0.0,0.0,0.0,0.0,0.0,0.0,26.18,0.44,0.94,63.81,66.85,9.88,17.21,4.1,14.99,3.33,13.11,0,0,0.4037945904174592
Puno,2025,Noviembre,0.0,-0.2561219959243616,0.0,-0.0013179181456576604,0.0,0.0,0.0,0.0,-0.07313553495470598,0.0,0.0,-0.2320113818246489,-0.07171800262011385,-0.11929688634932932,0.0,0.0,-0.12690132744118768,-0.17134355275022542,-0.10805389151866686,-0.03701850079744814,-0.014231827913141029,0.0259336235180318,2.6961172741679875,0.045054151624548476,-0.0491824280458775,-0.03285880650209489,-0.021120186697782962,0.0,-0.03452057695653159,0.0,0.0,0.0,0.0,0.0,-0.10607940941072963,-0.20036201751382024,-0.027066041140382534,0.0,0.0,-0.016632420775175228,-0.03053269870988585,0.0,-0.35952577098033517,0.0,0.0,0.0,0.0,-0.4284178344105996,0.0,0.0,0.0,0.0,0.0,0.0,26.37,0.42,0.9,63.76,63.05,10.83,17.86,4.35,16.07,3.27,13.51,0,0,0.4795781793597284
Puno,2025,Diciembre,0.0,-0.2561219959243616,0.0,-0.0013179181456576604,0.0,7.275957614183426e-12,0.0,0.0,-0.07313553495470598,0.0,0.0,-0.2320113818246489,-0.07171800262011371,-0.11929688634932932,0.0,0.0,-0.12690132744118768,-0.17134355275022542,-0.060349698145706974,-0.025390867119952996,-0.014231827913141029,0.02206449420284174,4.072107765451664,0.15999999999999895,-0.0491824280458775,-0.03285880650209489,-0.021120186697782962,0.0,-0.03452057695653159,0.0,0.0,0.0,0.0,0.0,0.9777165537269753,-0.20036201751382024,-0.027066041140382534,0.0,0.0,-0.016632420775175228,-0.03053269870988585,0.0,-0.35952577098033517,0.0,2.969778618034051e-13,2.5263741715914678e-14,0.0,4.1096023290409995,0.0,0.0,5.755655241428084e-13,0.0,0.0,0.0,26.37,0.41,1.66,63.66,65.88,10.52,19.14,3.78,15.53,3.25,15.36,0,0,0.4337918118000783
San Martin,2025,Enero,0.0,1.765918327849816,0.0,1.0654395794830673,0.0,0.0,0.0,0.0,-0.07313553495470598,0.0,0.0,-0.03425217855237425,-0.07171800262011385,-0.11929688634932932,0.0,0.0,-0.12690132744118768,-0.17134355275022542,-0.1069874031643388,1.054790447410392,0.5964318483025792,2.0779315843823114,0.2763470681458003,-0.3927797833935018,1.121127028781649,0.18728927890084834,-0.013885647607934655,0.0,-0.01667032243913137,0.0,0.0,0.0,0.0,44152.45,-0.10607940941072963,0.611626958889813,-0.027066041140382534,0.0,0.0,1.4641080093452346,1.2884407410716574,0.0,-0.12172355743400465,0.0,0.0,0.0,0.0,-0.6193569987256574,0.0,0.0,0.0,0.0,0.0,0.0,16.77,0.55,1.43,90.29,69.17,23.8,31.98,18.08,23.77,0.02,13.9,0,0,0.9089262884337495
San Martin,2025,Febrero,0.0,-0.2561219959243616,0.0,1.252555707302657,0.0,0.0,0.0,0.0,-0.07313553495470598,0.0,0.0,-0.10965676685043581,-0.07171800262011385,-0.11929688634932932,0.0,0.0,-0.12690132744118768,-0.17134355275022542,-0.10961130308371737,1.2680868463023587,0.195779386277908,2.0685201887507674,0.24088748019017434,-0.3927797833935018,1.8783657217052585,0.29608084483313546,-0.01691948658109685,0.0,-0.005476095029914288,0.0,0.0,0.0,0.0,37201.75,-0.10607940941072963,0.2924383999478173,-0.027066041140382534,0.0,0.0,2.428104894267058,1.317368515874998,0.0,-0.32281958522869647,0.0,0.0,0.0,0.0,-0.6193569987256574,0.0,0.0,0.0,0.0,0.0,0.0,14.41,0.55,2.09,90.23,73.52,23.85,31.8,17.77,23.84,0.01,14.03,0,0,0.7830296939924137
San Martin,2025,Marzo,0.0,-0.2561219959243616,0.0,1.6331439572964102,0.0,0.0,0.0,0.0,-0.07313553495470598,0.0,0.0,-0.06341810421483203,-0.07171800262011385,-0.11929688634932932,0.0,0.0,-0.12690132744118768,-0.17134355275022542,-0.1069874031643388,1.9338100058759338,0.06528698134366394,1.6802478334182973,0.3892630744849445,-0.3927797833935018,2.4623085912140232,0.39767802888950937,-0.013652275379229872,0.0,0.006625772439509585,0.0,0.0,0.0,0.0,45018.82000000001,-0.10607940941072963,0.9921171501720397,-0.027066041140382534,0.0,0.0,6.445010183909424,1.977912136874958,0.0,0.14576453311365076,0.0,0.0,0.0,0.0,-0.6193569987256574,0.0,0.0,0.0,0.0,0.0,0.0,14.64,0.58,3.0,90.33,79.43,22.66,30.2,18.29,22.58,0.04,11.91,0,0,0.5661045997354175
San Martin,2025,Abril,0.0,-0.2561219959243616,0.0,1.6207492250576119,0.0,0.0,0.0,0.0,-0.07313553495470598,0.0,0.0,0.06889560732704958,-0.07171800262011385,-0.11929688634932932,0.0,0.0,-0.12690132744118768,-0.17134355275022542,-0.10800310635893696,1.2054997565684544,0.02756652054235902,1.3595283845077977,0.48335974643423135,-0.3927797833935018,2.496067517853278,0.5605838584971435,-0.004317386231038506,0.0,-0.0018455347890871262,0.0,0.0,0.0,0.0,41607.00000000001,-0.10607940941072963,0.9876294375682859,-0.027066041140382534,0.0,0.0,13.422234170011382,3.396841020445852,0.0,-0.03905584010888556,0.0,0.0,0.0,0.0,-0.6193569987256574,0.0,0.0,0.0,0.0,0.0,0.0,15.16,0.58,2.8,90.34,77.88,23.0,30.58,18.02,22.93,0.04,12.56,0,0,0.6214272534297631
San Martin,2025,Mayo,0.0,-0.2561219959243616,0.0,1.99188931660566,0.0,0.0,0.0,0.0,-0.07313553495470598,0.0,0.0,0.0497599146363151,-0.05343813789111284,-0.11929688634932932,0.0,0.0,-0.12690132744118768,-0.17134355275022542,-0.10597169996974065,1.2618415680349198,-0.014231827913141029,1.4954707658523192,0.4611727416798732,-0.3927797833935018,2.0490647046093917,0.6276480095491341,0.01295215869311552,0.0,0.003902852258889214,0.0,0.0,0.0,0.0,42637.95000000001,-0.10607940941072963,1.0074458196761404,-0.027066041140382534,0.0,0.0,13.469259869406338,3.6791119055701933,0.0,-0.09808374225437791,0.0,0.0,0.0,0.0,-0.6193569987256574,0.0,0.0,0.0,0.0,0.0,0.0,15.19,0.59,2.13,90.49,79.15,22.52,30.02,16.52,22.34,0.08,13.5,0,0,0.5689568450403657
San Martin,2025,Junio,0.0,-0.2561219959243616,0.0,1.1549624018487794,0.0,0.0,0.0,0.0,-0.07313553495470598,0.0,0.0,-0.08049084118797804,-0.05465679553971291,-0.11929688634932932,0.0,0.0,-0.12690132744118768,-0.17134355275022542,-0.10876488375488558,0.44681932342818803,-0.014231827913141029,2.0653830568735865,0.4381933438985737,-0.3927797833935018,2.368649210127677,0.8551155965127891,0.0026837806301050174,0.0,0.0011799320782688422,0.0,0.0,0.0,0.0,38247.98999999996,-0.10607940941072963,0.6585261647342764,-0.027066041140382534,0.0,0.0,7.892838614988319,2.8046554145190647,0.0,-0.35041369676564266,0.0,0.0,0.0,0.0,-0.6193569987256574,0.0,0.0,0.0,0.0,0.0,0.0,14.32,0.57,2.11,90.54,78.04,22.17,29.16,16.44,22.03,0.06,12.72,0,0,0.5866314940313275
San Martin,2025,Julio,0.0,-0.2561219959243616,0.0,1.8647151047761223,0.0,0.0,0.0,0.0,-0.07313553495470598,0.0,0.0,-0.07522674728792468,-0.07171800262011385,-0.11929688634932932,0.0,0.0,-0.12690132744118768,-0.17134355275022542,-0.10639490963415656,1.1059110719382186,-0.014231827913141029,1.9670862580552393,0.30269413629160064,-0.3927797833935018,1.3167556805886171,2.6973778354857565,-0.002450408401400233,0.0,-0.0010286587349010137,0.0,0.0,0.0,0.0,47805.99999999997,-0.10607940941072963,1.1911941685827503,-0.027066041140382534,0.0,0.0,3.143075241119032,3.037514215564573,0.0,-0.26548228804756535,0.0,0.0,0.0,0.0,-0.6193569987256574,0.0,0.0,0.0,0.0,0.0,0.0,16.51,0.55,0.31,90.64,67.24,22.52,30.53,14.72,22.34,0.07,15.81,0,0,0.8939580932145033
San Martin,2025,Agosto,0.0,-0.2561219959243616,0.0,1.5308048427244503,0.0,0.0,0.0,0.0,-0.07313553495470598,0.0,0.0,0.05623332740529949,-0.07171800262011385,-0.11929688634932932,0.0,0.0,-0.12690132744118768,-0.17134355275022542,-0.1082570321575865,0.997122353731218,-0.014231827913141029,1.8227781917049002,0.3050713153724247,-0.3927797833935018,14.69134992425882,1.202072482459002,-0.021120186697782962,0.0,-0.007230865812980736,0.0,0.0,0.0,0.0,48152.0,-0.10607940941072963,1.1199517309981573,-0.027066041140382534,0.0,0.0,1.8701464685796476,1.7435932465193467,0.0,0.30906551094236995,0.0,0.0,0.0,0.0,-0.6193569987256574,0.0,0.0,0.0,50.95,0.0,0.0,17.69,0.53,0.66,90.52,65.23,23.91,32.44,17.32,23.79,0.05,15.12,0,1,1.031882899635074
San Martin,2025,Septiembre,0.0,-0.2561219959243616,0.0,1.544581596299833,0.0,0.0,0.0,0.0,-0.07313553495470598,0.0,0.0,0.173750666903788,-0.03881424610791203,-0.11929688634932932,0.0,0.0,-0.12690132744118768,-0.17134355275022542,-0.11045772241254916,1.416160379417443,-0.014231827913141029,1.4860593702207754,1.3078446909667194,-0.3927797833935018,-0.0491824280458775,0.23477219928187532,-0.021120186697782962,0.0,-0.0045987096383810645,0.0,0.0,0.0,0.0,37804.57000000001,-0.10607940941072963,1.524928656458425,-0.027066041140382534,0.0,0.0,0.38467351584496146,2.4704476259994945,0.0,1.4197643182062407,0.0,0.0,0.0,0.0,-0.6193569987256574,0.0,0.0,0.0,62.65000000000001,0.0,0.0,16.27,0.54,1.63,90.47,67.46,24.11,32.48,17.46,24.02,0.05,15.02,0,1,0.977363979683874
San Martin,2025,Octubre,0.0,-0.2561219959243616,0.0,1.547102264146433,0.0,0.0,0.0,0.0,-0.07313553495470598,0.0,0.0,0.38260714920860756,-0.07171800262011385,-0.11929688634932932,0.0,0.0,-0.12690132744118768,-0.17134355275022542,-0.09725358088277317,1.1693375807940904,0.26102558874503,1.5554422702377662,0.5950871632329635,-0.3927797833935018,-0.0491824280458775,0.11552688368467402,-0.021120186697782962,0.0,-0.0008773853915332454,0.0,0.0,0.0,0.0,54699.90999999997,-0.10607940941072963,0.9008887366893334,-0.027066041140382534,0.0,0.0,-0.016452704726530338,1.1308841868315413,0.0,0.6195637379562319,0.0,0.0,0.0,0.0,-0.6193569987256574,0.0,0.0,0.0,47.8,0.0,0.0,17.05,0.55,2.82,90.33,73.83,23.5,32.33,17.97,23.42,0.04,14.36,0,1,0.7577355912073069
San Martin,2025,Noviembre,0.0,-0.2561219959243616,0.0,1.6681747213955818,0.0,0.0,0.0,0.0,-0.07313553495470598,0.0,0.0,0.15212520007113672,-0.07171800262011385,-0.11929688634932932,0.0,0.0,-0.12690132744118768,-0.17134355275022542,-0.10148567752693215,1.3300695542684462,0.601529207870323,1.6335045684482958,0.6881933438985737,-0.3927797833935018,-0.0491824280458775,0.19867517021751094,-0.011785297549591598,0.0,0.03452057695653161,0.0,0.0,0.0,0.0,45938.22999999998,-0.10607940941072963,1.0192260652609957,-0.027066041140382534,0.0,0.0,-0.016632420775175228,1.0790960324813106,0.0,0.2611268311902295,0.0,0.0,0.0,0.0,-0.6193569987256574,0.0,0.0,0.0,196.0,0.0,0.0,17.24,0.59,7.08,90.23,77.49,23.38,31.42,17.1,23.35,0.02,14.32,0,0,0.6470650389778592
San Martin,2025,Diciembre,0.0,-0.2561219959243616,0.0,1.520233248695391,0.0,0.0,0.0,0.0,-0.07313553495470598,0.0,0.0,0.4600462386626354,-0.07171800262011385,-0.11929688634932932,0.0,0.0,-0.12690132744118768,-0.17134355275022542,-0.06779818823942672,1.7246636951229748,1.2947701090834947,5.9738833771224655,0.5790412044374009,-0.3927797833935018,-0.0491824280458775,0.8953478311597439,-0.006184364060676779,0.0,-0.023175076203946703,0.0,0.0,0.0,0.0,56434.49000000011,-0.10607940941072963,0.9409259168664297,-0.027066041140382534,0.0,0.0,0.005113221110646921,1.426562058248365,0.0,-0.11960313764819502,0.0,0.0,0.0,0.0,-0.6193569987256574,0.0,0.0,0.0,0.0,0.0,0.0,17.24,0.6,1.61,90.12,78.82,22.91,30.96,17.1,22.9,0.01,13.86,0,0,0.591788057234814
